catid,mstar,ellip,type,alpha_re,z_re,age_re,sfr_re
387080,10.48,,1.5,-99.0,-99.0,-99.0,2.6122229e-05
387080,10.48,,1.5,-99.0,-99.0,-99.0,2.6122229e-05
760733,9.15,0.5538,3.0,-99.0,-2.007999897003174,3.015712989638904,0.0030148663
760733,9.15,0.5538,3.0,-99.0,-2.007999897003174,3.015712989638904,0.0030148663
177326,8.48,0.4425,3.0,-99.0,-99.0,-99.0,0.0044820905
177326,8.48,0.4425,3.0,-99.0,-99.0,-99.0,0.0044820905
491956,9.04,0.46,3.0,-0.0869999974966049,-2.1489999294281006,2.9470669811950616,0.2164483
491956,9.04,0.46,3.0,-0.0869999974966049,-2.1489999294281006,2.9470669811950616,0.2164483
619553,8.22,0.7555,3.0,-99.0,-99.0,-99.0,0.012047053
619553,8.22,0.7555,3.0,-99.0,-99.0,-99.0,0.012047053
143148,8.32,0.6914,3.0,-99.0,-1.343999981880188,8.305963277093225,0.0011266458
143148,8.32,0.6914,3.0,-99.0,-1.343999981880188,8.305963277093225,0.0008466396
143148,8.32,0.6914,3.0,-99.0,-1.5850000381469729,6.157295641178537,0.0011266458
143148,8.32,0.6914,3.0,-99.0,-1.5850000381469729,6.157295641178537,0.0008466396
143148,8.32,0.6914,3.0,-99.0,-1.343999981880188,8.305963277093225,0.0011266458
143148,8.32,0.6914,3.0,-99.0,-1.343999981880188,8.305963277093225,0.0008466396
143148,8.32,0.6914,3.0,-99.0,-1.5850000381469729,6.157295641178537,0.0011266458
143148,8.32,0.6914,3.0,-99.0,-1.5850000381469729,6.157295641178537,0.0008466396
513001,9.02,0.5676,3.0,-0.3000000119209289,-1.1829999685287476,2.134961297927347,0.11823921
513001,9.02,0.5676,3.0,-0.3000000119209289,-1.1829999685287476,2.134961297927347,0.11823921
417678,10.11,0.8183,2.5,0.1150000020861625,-0.4580000042915344,0.9758655945674348,0.86784416
417678,10.11,0.8183,2.5,0.1150000020861625,-0.4580000042915344,0.9758655945674348,0.86784416
573736,9.44,0.5059,3.0,0.0140000004321336,-1.1019999980926514,1.6195337641628855,0.26677313
573736,9.44,0.5059,3.0,0.0140000004321336,-1.1019999980926514,1.6195337641628855,0.26677313
324753,8.65,0.5477,3.0,-99.0,-1.2829999923706057,1.3164064654697047,0.020634996
324753,8.65,0.5477,3.0,-99.0,-1.2829999923706057,1.3164064654697047,0.020634996
302973,8.33,0.5171,3.0,-0.3000000119209289,-1.9880000352859497,2.750362934937096,0.026863208
302973,8.33,0.5171,3.0,-0.3000000119209289,-1.9880000352859497,2.750362934937096,0.026863208
48740,10.01,0.5469,3.0,0.135000005364418,-0.9409999847412108,1.3164064654697047,0.59144264
48740,10.01,0.5469,3.0,0.135000005364418,-0.9409999847412108,1.3164064654697047,0.59144264
347263,9.48,0.4603,3.0,0.0439999997615814,-1.062000036239624,4.460566379282725,0.15539385
347263,9.48,0.4603,3.0,0.0439999997615814,-1.062000036239624,4.460566379282725,0.15539385
567983,8.53,0.6957,3.0,0.0140000004321336,-1.4850000143051147,1.3164064654697047,0.011677315
567983,8.53,0.6957,3.0,0.0140000004321336,-1.4850000143051147,1.3164064654697047,0.010095045
567983,8.53,0.6957,3.0,0.0439999997615814,-1.72599995136261,1.2571584147142514,0.011677315
567983,8.53,0.6957,3.0,0.0439999997615814,-1.72599995136261,1.2571584147142514,0.010095045
567983,8.53,0.6957,3.0,0.0140000004321336,-1.4850000143051147,1.3164064654697047,0.011677315
567983,8.53,0.6957,3.0,0.0140000004321336,-1.4850000143051147,1.3164064654697047,0.010095045
567983,8.53,0.6957,3.0,0.0439999997615814,-1.72599995136261,1.2571584147142514,0.011677315
567983,8.53,0.6957,3.0,0.0439999997615814,-1.72599995136261,1.2571584147142514,0.010095045
32295,9.1,0.7405,3.0,0.2060000002384185,-1.162999987602234,2.750362934937096,0.018439164
32295,9.1,0.7405,3.0,0.2060000002384185,-1.162999987602234,2.750362934937096,0.018439164
23669,8.75,0.5622,3.0,-99.0,-1.7059999704360962,4.259807821671483,0.0038474132
23669,8.75,0.5622,3.0,-99.0,-1.7059999704360962,4.259807821671483,0.0038474132
594964,8.92,0.7314,3.0,0.5,-1.1019999980926514,1.8594735564600955,0.038130924
594964,8.92,0.7314,3.0,0.5,-1.1019999980926514,1.8594735564600955,0.038130924
491743,9.05,0.4201,3.0,-0.0769999995827674,-1.1019999980926514,1.775783460322303,0.058683716
491743,9.05,0.4201,3.0,-0.0769999995827674,-1.1019999980926514,1.775783460322303,0.05927206
491743,9.05,0.4201,3.0,-0.0769999995827674,-1.1019999980926514,1.775783460322303,0.058272425
491743,9.05,0.4201,3.0,-0.3000000119209289,-1.2230000495910645,1.8171467707558813,0.058683716
491743,9.05,0.4201,3.0,-0.3000000119209289,-1.2230000495910645,1.8171467707558813,0.05927206
491743,9.05,0.4201,3.0,-0.3000000119209289,-1.2230000495910645,1.8171467707558813,0.058272425
491743,9.05,0.4201,3.0,-0.1580000072717666,-1.1419999599456787,1.7353616937846603,0.058683716
491743,9.05,0.4201,3.0,-0.1580000072717666,-1.1419999599456787,1.7353616937846603,0.05927206
491743,9.05,0.4201,3.0,-0.1580000072717666,-1.1419999599456787,1.7353616937846603,0.058272425
491743,9.05,0.4201,3.0,-0.0769999995827674,-1.1019999980926514,1.775783460322303,0.058683716
491743,9.05,0.4201,3.0,-0.0769999995827674,-1.1019999980926514,1.775783460322303,0.05927206
491743,9.05,0.4201,3.0,-0.0769999995827674,-1.1019999980926514,1.775783460322303,0.058272425
491743,9.05,0.4201,3.0,-0.3000000119209289,-1.2230000495910645,1.8171467707558813,0.058683716
491743,9.05,0.4201,3.0,-0.3000000119209289,-1.2230000495910645,1.8171467707558813,0.05927206
491743,9.05,0.4201,3.0,-0.3000000119209289,-1.2230000495910645,1.8171467707558813,0.058272425
491743,9.05,0.4201,3.0,-0.1580000072717666,-1.1419999599456787,1.7353616937846603,0.058683716
491743,9.05,0.4201,3.0,-0.1580000072717666,-1.1419999599456787,1.7353616937846603,0.05927206
491743,9.05,0.4201,3.0,-0.1580000072717666,-1.1419999599456787,1.7353616937846603,0.058272425
239249,9.36,0.7536,3.0,-0.0160000007599592,-1.0219999551773071,2.395465975494956,0.06717375
239249,9.36,0.7536,3.0,-0.0160000007599592,-1.0219999551773071,2.395465975494956,0.0759988
239249,9.36,0.7536,3.0,0.0040000001899898,-1.121999979019165,2.56678803778268,0.06717375
239249,9.36,0.7536,3.0,0.0040000001899898,-1.121999979019165,2.56678803778268,0.0759988
239249,9.36,0.7536,3.0,-0.0160000007599592,-1.0219999551773071,2.395465975494956,0.06717375
239249,9.36,0.7536,3.0,-0.0160000007599592,-1.0219999551773071,2.395465975494956,0.0759988
239249,9.36,0.7536,3.0,0.0040000001899898,-1.121999979019165,2.56678803778268,0.06717375
239249,9.36,0.7536,3.0,0.0040000001899898,-1.121999979019165,2.56678803778268,0.0759988
595027,9.88,0.794,3.0,0.0540000014007091,-0.9810000061988832,1.3164064654697047,0.57223934
595027,9.88,0.794,3.0,0.0540000014007091,-0.9810000061988832,1.3164064654697047,0.57223934
220319,8.57,0.2115,3.0,-99.0,-1.6059999465942385,5.121415442300698,0.0060202386
220319,8.57,0.2115,3.0,-99.0,-1.6059999465942385,5.121415442300698,0.0060202386
228428,9.52,0.6254,3.0,0.135000005364418,-1.1019999980926514,1.8171467707558813,0.2572374
228428,9.52,0.6254,3.0,0.135000005364418,-1.1019999980926514,1.8171467707558813,0.25524795
228428,9.52,0.6254,3.0,0.1759999990463256,-1.121999979019165,1.8171467707558813,0.2572374
228428,9.52,0.6254,3.0,0.1759999990463256,-1.121999979019165,1.8171467707558813,0.25524795
228428,9.52,0.6254,3.0,0.135000005364418,-1.1019999980926514,1.8171467707558813,0.2572374
228428,9.52,0.6254,3.0,0.135000005364418,-1.1019999980926514,1.8171467707558813,0.25524795
228428,9.52,0.6254,3.0,0.1759999990463256,-1.121999979019165,1.8171467707558813,0.2572374
228428,9.52,0.6254,3.0,0.1759999990463256,-1.121999979019165,1.8171467707558813,0.25524795
22178,8.36,0.3444,3.0,0.2770000100135803,-1.444000005722046,1.200576965506572,0.021351779
22178,8.36,0.3444,3.0,0.2770000100135803,-1.444000005722046,1.200576965506572,0.021351779
218681,9.91,0.7477,3.0,0.1459999978542328,-0.9409999847412108,3.085957969027533,0.4023657
218681,9.91,0.7477,3.0,0.1459999978542328,-0.9409999847412108,3.085957969027533,0.4023657
422486,8.78,0.4249,3.0,-0.3000000119209289,-2.007999897003174,3.4625017904490982,0.0999799
422486,8.78,0.4249,3.0,-0.3000000119209289,-2.007999897003174,3.4625017904490982,0.0999799
220951,9.74,0.7569,3.0,0.1150000020861625,-0.7599999904632568,2.0388722109633184,0.21636768
220951,9.74,0.7569,3.0,0.1150000020861625,-0.7599999904632568,2.0388722109633184,0.21636768
422921,8.29,0.7471,3.0,-99.0,-99.0,-99.0,0.0029206376
422921,8.29,0.7471,3.0,-99.0,-99.0,-99.0,0.0029206376
543491,9.02,0.8202,3.0,0.2770000100135803,-1.7669999599456787,3.884990906937478,0.09870885
543491,9.02,0.8202,3.0,0.2770000100135803,-1.7669999599456787,3.884990906937478,0.09870885
227428,10.01,0.3731,2.5,0.0850000008940696,-0.5379999876022339,2.0388722109633184,0.2695722
227428,10.01,0.3731,2.5,0.0850000008940696,-0.5379999876022339,2.0388722109633184,0.2695722
65395,10.44,0.6392,2.5,0.0040000001899898,0.0460000000894069,1.6195337641628855,0.32888323
65395,10.44,0.6392,2.5,0.0040000001899898,0.0460000000894069,1.6195337641628855,0.32888323
137809,10.73,0.6844,2.0,0.135000005364418,-0.6990000009536743,2.235578924043527,7.281759
137809,10.73,0.6844,2.0,0.135000005364418,-0.6990000009536743,2.235578924043527,7.281759
600026,10.28,0.276,2.5,0.1659999936819076,-0.3770000040531158,1.5114368506909526,1.1694816
600026,10.28,0.276,2.5,0.1659999936819076,-0.3770000040531158,1.5114368506909526,1.1694816
301799,9.88,0.6073,-9.0,0.0140000004321336,-0.0949999988079071,2.184690934959677,0.09619022
301799,9.88,0.6073,-9.0,0.0140000004321336,-0.0949999988079071,2.184690934959677,0.09619022
558861,8.64,0.8185,3.0,-99.0,-1.2029999494552612,2.0388722109633184,0.0036760422
558861,8.64,0.8185,3.0,-99.0,-1.2029999494552612,2.0388722109633184,0.0036760422
210781,10.22,0.2407,3.0,0.1860000044107437,-0.2360000014305114,2.086363645634731,0.2215491
210781,10.22,0.2407,3.0,0.1860000044107437,-0.2360000014305114,2.086363645634731,0.2215491
619220,9.34,0.6372,3.0,0.135000005364418,-1.847000002861023,2.134961297927347,0.33935094
619220,9.34,0.6372,3.0,0.135000005364418,-1.847000002861023,2.134961297927347,0.33935094
16487,9.66,0.7084,2.5,0.0240000002086162,-0.800000011920929,2.287652246664289,0.071934745
16487,9.66,0.7084,2.5,0.0240000002086162,-0.800000011920929,2.287652246664289,0.071934745
545411,9.86,0.29,3.0,-0.0160000007599592,-0.9210000038146972,1.0949392060230196,0.38295993
545411,9.86,0.29,3.0,-0.0160000007599592,-0.9210000038146972,1.0949392060230196,0.38295993
227168,8.22,0.5131,3.0,-99.0,-1.121999979019165,4.460566379282725,0.0109844385
227168,8.22,0.5131,3.0,-99.0,-1.121999979019165,4.460566379282725,0.0109844385
346842,10.04,0.8546,3.0,0.0750000029802322,-0.5180000066757202,1.4770323476194291,0.40115118
346842,10.04,0.8546,3.0,0.0750000029802322,-0.5180000066757202,1.4770323476194291,0.40115118
508938,10.03,0.5954,3.0,-0.2290000021457672,-1.888000011444092,3.975483970143573,1.1748981
508938,10.03,0.5954,3.0,-0.2290000021457672,-1.888000011444092,3.975483970143573,1.1748981
298042,9.07,0.8444,3.0,-0.06700000166893,-1.2630000114440918,1.775783460322303,0.045943245
298042,9.07,0.8444,3.0,-0.06700000166893,-1.2630000114440918,1.775783460322303,0.045943245
599873,9.0,0.6834,3.0,-0.1679999977350235,-1.6660000085830688,3.710137512885986,0.026215868
599873,9.0,0.6834,3.0,-0.1679999977350235,-1.6660000085830688,3.710137512885986,0.026215868
620087,9.37,0.7264,3.0,-0.3000000119209289,-1.6859999895095823,1.3164064654697047,0.12611808
620087,9.37,0.7264,3.0,-0.3000000119209289,-1.6859999895095823,1.3164064654697047,0.12611808
321022,8.47,0.7072,3.0,0.1560000032186508,-1.0820000171661377,1.8594735564600955,0.01329788
321022,8.47,0.7072,3.0,0.1560000032186508,-1.0820000171661377,1.8594735564600955,0.01329788
24414,8.35,0.2963,3.0,-99.0,-1.5449999570846558,4.259807821671483,0.017970003
24414,8.35,0.2963,3.0,-99.0,-1.5449999570846558,4.259807821671483,0.017970003
567876,8.32,0.5358,3.0,-0.2899999916553497,-1.121999979019165,2.750362934937096,0.0066816094
567876,8.32,0.5358,3.0,-0.2899999916553497,-1.121999979019165,2.750362934937096,0.0048509613
567876,8.32,0.5358,3.0,-99.0,-1.121999979019165,2.3409385127868907,0.0066816094
567876,8.32,0.5358,3.0,-99.0,-1.121999979019165,2.3409385127868907,0.0048509613
567876,8.32,0.5358,3.0,-0.2899999916553497,-1.121999979019165,2.750362934937096,0.0066816094
567876,8.32,0.5358,3.0,-0.2899999916553497,-1.121999979019165,2.750362934937096,0.0048509613
567876,8.32,0.5358,3.0,-99.0,-1.121999979019165,2.3409385127868907,0.0066816094
567876,8.32,0.5358,3.0,-99.0,-1.121999979019165,2.3409385127868907,0.0048509613
323575,9.6,0.9007,3.0,-0.2189999967813491,-1.2230000495910645,2.626576211733084,0.07864798
323575,9.6,0.9007,3.0,-0.2189999967813491,-1.2230000495910645,2.626576211733084,0.07864798
289176,8.49,0.0477,-9.0,-99.0,-99.0,-99.0,2.6296157e-05
289176,8.49,0.0477,-9.0,-99.0,-99.0,-99.0,2.6296157e-05
227223,10.31,0.1125,3.0,0.2669999897480011,-0.7799999713897705,1.6572575516299524,1.4527814
227223,10.31,0.1125,3.0,0.2669999897480011,-0.7799999713897705,1.6572575516299524,1.4527814
623620,10.25,0.7444,3.0,0.1049999967217445,-0.8199999928474426,1.775783460322303,0.9848641
623620,10.25,0.7444,3.0,0.1049999967217445,-0.8199999928474426,1.775783460322303,0.9848641
71382,8.95,0.1909,3.0,-0.06700000166893,-1.062000036239624,3.1578391641788226,0.033442687
71382,8.95,0.1909,3.0,-0.06700000166893,-1.062000036239624,3.1578391641788226,0.033442687
106507,10.22,0.7226,3.0,0.125,-0.8399999737739563,2.086363645634731,0.6261587
106507,10.22,0.7226,3.0,0.125,-0.8399999737739563,2.086363645634731,0.6261587
536087,9.06,0.4066,3.0,-0.006000000052154,-0.8809999823570251,3.710137512885986,0.009701478
536087,9.06,0.4066,3.0,-0.006000000052154,-0.8809999823570251,3.710137512885986,0.009701478
388390,9.52,0.4865,3.0,0.0439999997615814,-0.7200000286102295,1.1204436164968088,0.14624739
388390,9.52,0.4865,3.0,0.0439999997615814,-0.7200000286102295,1.1204436164968088,0.14624739
373202,9.26,0.5926,3.0,-0.006000000052154,-0.5180000066757202,3.383685627252995,0.0040869312
373202,9.26,0.5926,3.0,-0.006000000052154,-0.5180000066757202,3.383685627252995,0.0040869312
79693,10.07,0.7099,1.5,-0.0160000007599592,-0.1759999990463256,3.383685627252995,0.06215449
79693,10.07,0.7099,1.5,-0.0160000007599592,-0.1759999990463256,3.383685627252995,0.06215449
71269,9.09,0.4795,3.0,0.4390000104904175,-1.2230000495910645,1.3164064654697047,0.086587965
71269,9.09,0.4795,3.0,0.4390000104904175,-1.2230000495910645,1.3164064654697047,0.086587965
463641,10.1,0.7353,3.0,0.1759999990463256,-0.7400000095367432,1.5826686749346417,0.69630045
463641,10.1,0.7353,3.0,0.1759999990463256,-0.7400000095367432,1.5826686749346417,0.69630045
509444,9.05,0.3526,3.0,-99.0,-1.2630000114440918,3.015712989638904,0.02029334
509444,9.05,0.3526,3.0,-99.0,-1.2630000114440918,3.015712989638904,0.02029334
230174,8.48,0.1867,3.0,-99.0,-0.1959999948740005,0.89,0.010595749
230174,8.48,0.1867,3.0,-99.0,-0.1959999948740005,0.89,0.010595749
301885,10.6,0.3989,3.0,-0.0160000007599592,-0.2759999930858612,1.3470695111082254,0.86963695
301885,10.6,0.3989,3.0,-0.0160000007599592,-0.2759999930858612,1.3470695111082254,0.86963695
517046,8.49,0.814,3.0,0.2370000034570694,-1.121999979019165,1.775783460322303,0.009341962
517046,8.49,0.814,3.0,0.2370000034570694,-1.121999979019165,1.775783460322303,0.009341962
346475,9.89,0.8368,3.0,-99.0,-0.2560000121593475,1.0949392060230196,0.13589643
346475,9.89,0.8368,3.0,-99.0,-0.2560000121593475,1.0949392060230196,0.13589643
567736,8.69,0.4719,3.0,0.4490000009536743,-1.807000041007996,3.1578391641788226,0.12413048
567736,8.69,0.4719,3.0,0.4490000009536743,-1.807000041007996,3.1578391641788226,0.12413048
592216,10.03,0.8351,2.5,0.0240000002086162,-0.7599999904632568,2.8799835466736923,0.15957499
592216,10.03,0.8351,2.5,0.0240000002086162,-0.7599999904632568,2.8799835466736923,0.15957499
227961,10.36,0.8436,2.5,0.3179999887943268,-0.2560000121593475,2.3409385127868907,0.4712613
227961,10.36,0.8436,2.5,0.3179999887943268,-0.2560000121593475,2.3409385127868907,0.4712613
240263,9.27,0.7872,2.5,0.1959999948740005,-0.5789999961853027,2.8144271175498585,0.010418412
240263,9.27,0.7872,2.5,0.1959999948740005,-0.5789999961853027,2.8144271175498585,0.010418412
508481,10.0,0.1552,3.0,0.0850000008940696,-0.1959999948740005,1.8594735564600955,0.18723993
508481,10.0,0.1552,3.0,0.0850000008940696,-0.1959999948740005,1.8594735564600955,0.18723993
599839,9.93,0.784,3.0,0.0949999988079071,-0.6790000200271606,3.1578391641788226,0.111700006
599839,9.93,0.784,3.0,0.0949999988079071,-0.6790000200271606,3.1578391641788226,0.111700006
599095,9.44,0.3391,3.0,0.0340000018477439,-0.8199999928474426,4.06808488757239,0.025550606
599095,9.44,0.3391,3.0,0.0340000018477439,-0.8199999928474426,4.06808488757239,0.025550606
227079,8.5,0.7148,3.0,0.0140000004321336,-1.243000030517578,2.395465975494956,0.009656982
227079,8.5,0.7148,3.0,0.0140000004321336,-1.243000030517578,2.395465975494956,0.009656982
239172,8.22,0.5506,3.0,-99.0,-1.9079999923706052,3.710137512885986,0.0067136744
239172,8.22,0.5506,3.0,-99.0,-1.9079999923706052,3.710137512885986,0.0066967043
239172,8.22,0.5506,3.0,-99.0,-1.8270000219345093,3.625684472456604,0.0067136744
239172,8.22,0.5506,3.0,-99.0,-1.8270000219345093,3.625684472456604,0.0066967043
239172,8.22,0.5506,3.0,-99.0,-1.9079999923706052,3.710137512885986,0.0067136744
239172,8.22,0.5506,3.0,-99.0,-1.9079999923706052,3.710137512885986,0.0066967043
239172,8.22,0.5506,3.0,-99.0,-1.8270000219345093,3.625684472456604,0.0067136744
239172,8.22,0.5506,3.0,-99.0,-1.8270000219345093,3.625684472456604,0.0066967043
98143,8.39,0.3741,3.0,-0.3000000119209289,-1.807000041007996,1.2285419954965675,0.01745188
98143,8.39,0.3741,3.0,-0.3000000119209289,-1.807000041007996,1.2285419954965675,0.01745188
517594,8.97,0.7477,3.0,0.0750000029802322,-1.1419999599456787,2.0388722109633184,0.048293024
517594,8.97,0.7477,3.0,0.0750000029802322,-1.1419999599456787,2.0388722109633184,0.048293024
537171,9.36,0.1667,3.0,0.125,-0.6990000009536743,2.235578924043527,0.037729084
537171,9.36,0.1667,3.0,0.125,-0.6990000009536743,2.235578924043527,0.03814127
537171,9.36,0.1667,3.0,0.125,-0.6990000009536743,2.235578924043527,0.04004859
537171,9.36,0.1667,3.0,0.125,-0.6990000009536743,2.235578924043527,0.04329933
537171,9.36,0.1667,3.0,0.0649999976158142,-0.6389999985694885,2.134961297927347,0.037729084
537171,9.36,0.1667,3.0,0.0649999976158142,-0.6389999985694885,2.134961297927347,0.03814127
537171,9.36,0.1667,3.0,0.0649999976158142,-0.6389999985694885,2.134961297927347,0.04004859
537171,9.36,0.1667,3.0,0.0649999976158142,-0.6389999985694885,2.134961297927347,0.04329933
537171,9.36,0.1667,3.0,0.135000005364418,-0.3770000040531158,1.9471078453151025,0.037729084
537171,9.36,0.1667,3.0,0.135000005364418,-0.3770000040531158,1.9471078453151025,0.03814127
537171,9.36,0.1667,3.0,0.135000005364418,-0.3770000040531158,1.9471078453151025,0.04004859
537171,9.36,0.1667,3.0,0.135000005364418,-0.3770000040531158,1.9471078453151025,0.04329933
537171,9.36,0.1667,3.0,0.0750000029802322,-0.31700000166893,2.134961297927347,0.037729084
537171,9.36,0.1667,3.0,0.0750000029802322,-0.31700000166893,2.134961297927347,0.03814127
537171,9.36,0.1667,3.0,0.0750000029802322,-0.31700000166893,2.134961297927347,0.04004859
537171,9.36,0.1667,3.0,0.0750000029802322,-0.31700000166893,2.134961297927347,0.04329933
537171,9.36,0.1667,3.0,0.125,-0.6990000009536743,2.235578924043527,0.037729084
537171,9.36,0.1667,3.0,0.125,-0.6990000009536743,2.235578924043527,0.03814127
537171,9.36,0.1667,3.0,0.125,-0.6990000009536743,2.235578924043527,0.04004859
537171,9.36,0.1667,3.0,0.125,-0.6990000009536743,2.235578924043527,0.04329933
537171,9.36,0.1667,3.0,0.0649999976158142,-0.6389999985694885,2.134961297927347,0.037729084
537171,9.36,0.1667,3.0,0.0649999976158142,-0.6389999985694885,2.134961297927347,0.03814127
537171,9.36,0.1667,3.0,0.0649999976158142,-0.6389999985694885,2.134961297927347,0.04004859
537171,9.36,0.1667,3.0,0.0649999976158142,-0.6389999985694885,2.134961297927347,0.04329933
537171,9.36,0.1667,3.0,0.135000005364418,-0.3770000040531158,1.9471078453151025,0.037729084
537171,9.36,0.1667,3.0,0.135000005364418,-0.3770000040531158,1.9471078453151025,0.03814127
537171,9.36,0.1667,3.0,0.135000005364418,-0.3770000040531158,1.9471078453151025,0.04004859
537171,9.36,0.1667,3.0,0.135000005364418,-0.3770000040531158,1.9471078453151025,0.04329933
537171,9.36,0.1667,3.0,0.0750000029802322,-0.31700000166893,2.134961297927347,0.037729084
537171,9.36,0.1667,3.0,0.0750000029802322,-0.31700000166893,2.134961297927347,0.03814127
537171,9.36,0.1667,3.0,0.0750000029802322,-0.31700000166893,2.134961297927347,0.04004859
537171,9.36,0.1667,3.0,0.0750000029802322,-0.31700000166893,2.134961297927347,0.04329933
560718,7.76,0.1391,3.0,-0.1679999977350235,-1.7669999599456787,1.200576965506572,0.0012617161
560718,7.76,0.1391,3.0,-0.1679999977350235,-1.7669999599456787,1.200576965506572,0.0012617161
419334,10.14,0.8457,3.0,0.2669999897480011,-0.7200000286102295,2.0388722109633184,0.774258
419334,10.14,0.8457,3.0,0.2669999897480011,-0.7200000286102295,2.0388722109633184,0.774258
594967,9.02,0.4737,3.0,0.3479999899864197,-1.6460000276565552,4.259807821671483,0.040667925
594967,9.02,0.4737,3.0,0.3479999899864197,-1.6460000276565552,4.259807821671483,0.040667925
56183,9.5,0.2303,3.0,-0.1480000019073486,-1.2829999923706057,2.3409385127868907,0.2891126
56183,9.5,0.2303,3.0,-0.1480000019073486,-1.2829999923706057,2.3409385127868907,0.3100075
56183,9.5,0.2303,3.0,-0.1480000019073486,-1.2829999923706057,2.3409385127868907,0.26683226
56183,9.5,0.2303,3.0,0.0140000004321336,-1.2630000114440918,1.9471078453151025,0.2891126
56183,9.5,0.2303,3.0,0.0140000004321336,-1.2630000114440918,1.9471078453151025,0.3100075
56183,9.5,0.2303,3.0,0.0140000004321336,-1.2630000114440918,1.9471078453151025,0.26683226
56183,9.5,0.2303,3.0,-0.0769999995827674,-1.2829999923706057,1.775783460322303,0.2891126
56183,9.5,0.2303,3.0,-0.0769999995827674,-1.2829999923706057,1.775783460322303,0.3100075
56183,9.5,0.2303,3.0,-0.0769999995827674,-1.2829999923706057,1.775783460322303,0.26683226
56183,9.5,0.2303,3.0,-0.1480000019073486,-1.2829999923706057,2.3409385127868907,0.2891126
56183,9.5,0.2303,3.0,-0.1480000019073486,-1.2829999923706057,2.3409385127868907,0.3100075
56183,9.5,0.2303,3.0,-0.1480000019073486,-1.2829999923706057,2.3409385127868907,0.26683226
56183,9.5,0.2303,3.0,0.0140000004321336,-1.2630000114440918,1.9471078453151025,0.2891126
56183,9.5,0.2303,3.0,0.0140000004321336,-1.2630000114440918,1.9471078453151025,0.3100075
56183,9.5,0.2303,3.0,0.0140000004321336,-1.2630000114440918,1.9471078453151025,0.26683226
56183,9.5,0.2303,3.0,-0.0769999995827674,-1.2829999923706057,1.775783460322303,0.2891126
56183,9.5,0.2303,3.0,-0.0769999995827674,-1.2829999923706057,1.775783460322303,0.3100075
56183,9.5,0.2303,3.0,-0.0769999995827674,-1.2829999923706057,1.775783460322303,0.26683226
279891,8.2,0.5841,3.0,-0.1990000009536743,-1.72599995136261,2.8799835466736923,0.006843182
279891,8.2,0.5841,3.0,-0.1990000009536743,-1.72599995136261,2.8799835466736923,0.006843182
49857,9.47,0.554,3.0,-0.0270000007003545,-1.6660000085830688,1.775783460322303,0.30289462
49857,9.47,0.554,3.0,-0.0270000007003545,-1.6660000085830688,1.775783460322303,0.30289462
54359,10.3,0.1328,2.5,0.2569999992847442,-0.5379999876022339,1.6195337641628855,0.76270115
54359,10.3,0.1328,2.5,0.2569999992847442,-0.5379999876022339,1.6195337641628855,0.76270115
511867,10.68,0.4029,2.5,0.0140000004321336,-0.1759999990463256,1.4770323476194291,2.9400005
511867,10.68,0.4029,2.5,0.0140000004321336,-0.1759999990463256,1.4770323476194291,2.9400005
209708,8.66,0.7216,3.0,-99.0,-1.6460000276565552,1.2571584147142514,0.013574632
209708,8.66,0.7216,3.0,-99.0,-1.6460000276565552,1.2571584147142514,0.013574632
203148,9.27,0.1233,3.0,-0.0370000004768371,-1.062000036239624,1.9471078453151025,0.087224826
203148,9.27,0.1233,3.0,-0.0370000004768371,-1.062000036239624,1.9471078453151025,0.087224826
238328,8.82,0.3558,3.0,0.0340000018477439,-1.2829999923706057,3.4625017904490982,0.0472607
238328,8.82,0.3558,3.0,0.0340000018477439,-1.2829999923706057,3.4625017904490982,0.0472607
177518,7.63,0.6335,3.0,0.4589999914169311,-2.1489999294281006,2.0388722109633184,0.0012070948
177518,7.63,0.6335,3.0,0.4589999914169311,-2.1489999294281006,2.0388722109633184,0.0012070948
375376,11.61,0.2384,3.0,-0.1679999977350235,0.0860000029206276,1.1204436164968088,0.8670135
375376,11.61,0.2384,3.0,-0.1679999977350235,0.0860000029206276,1.1204436164968088,0.8670135
509892,9.01,0.6432,3.0,-0.2800000011920929,-1.383999943733215,7.234191593860486,0.0042678216
509892,9.01,0.6432,3.0,-0.2800000011920929,-1.383999943733215,7.234191593860486,0.005419983
509892,9.01,0.6432,3.0,-0.3000000119209289,-1.383999943733215,8.1168964702676,0.0042678216
509892,9.01,0.6432,3.0,-0.3000000119209289,-1.383999943733215,8.1168964702676,0.005419983
509892,9.01,0.6432,3.0,-0.2800000011920929,-1.383999943733215,7.234191593860486,0.0042678216
509892,9.01,0.6432,3.0,-0.2800000011920929,-1.383999943733215,7.234191593860486,0.005419983
509892,9.01,0.6432,3.0,-0.3000000119209289,-1.383999943733215,8.1168964702676,0.0042678216
509892,9.01,0.6432,3.0,-0.3000000119209289,-1.383999943733215,8.1168964702676,0.005419983
48506,10.35,0.7831,2.5,0.2469999939203262,-0.6389999985694885,2.086363645634731,0.42422453
48506,10.35,0.7831,2.5,0.2469999939203262,-0.6389999985694885,2.086363645634731,0.42422453
204096,9.98,0.1672,3.0,0.0949999988079071,-0.4580000042915344,1.5114368506909526,0.3199877
204096,9.98,0.1672,3.0,0.0949999988079071,-0.4580000042915344,1.5114368506909526,0.3199877
70107,8.39,0.6028,3.0,0.4090000092983246,-1.243000030517578,1.775783460322303,0.021339899
70107,8.39,0.6028,3.0,0.4090000092983246,-1.243000030517578,1.775783460322303,0.021339899
17273,10.42,0.2735,3.0,0.0850000008940696,-0.6389999985694885,1.5114368506909526,1.5602585
17273,10.42,0.2735,3.0,0.0850000008940696,-0.6389999985694885,1.5114368506909526,1.5602585
53977,10.01,0.2022,3.0,0.2370000034570694,-1.0420000553131104,1.8594735564600955,1.3577526
53977,10.01,0.2022,3.0,0.2370000034570694,-1.0420000553131104,1.8594735564600955,1.3577526
55537,10.54,0.5562,2.5,-0.1580000072717666,-0.1759999990463256,1.9471078453151025,0.29499125
55537,10.54,0.5562,2.5,-0.1580000072717666,-0.1759999990463256,1.9471078453151025,0.29499125
85474,10.0,0.7406,3.0,0.2370000034570694,-0.7200000286102295,2.287652246664289,0.32104674
85474,10.0,0.7406,3.0,0.2370000034570694,-0.7200000286102295,2.287652246664289,0.32104674
558887,8.83,0.4045,3.0,-0.1889999955892563,-1.746999979019165,3.085957969027533,0.03779502
558887,8.83,0.4045,3.0,-0.1889999955892563,-1.746999979019165,3.085957969027533,0.03779502
463434,10.34,0.6346,2.5,-0.006000000052154,-0.4979999959468841,1.0949392060230196,1.0178444
463434,10.34,0.6346,2.5,-0.006000000052154,-0.4979999959468841,1.0949392060230196,1.126191
463434,10.34,0.6346,2.5,-0.006000000052154,-0.4979999959468841,1.0949392060230196,1.0249863
463434,10.34,0.6346,2.5,0.0750000029802322,-0.2360000014305114,1.1204436164968088,1.0178444
463434,10.34,0.6346,2.5,0.0750000029802322,-0.2360000014305114,1.1204436164968088,1.126191
463434,10.34,0.6346,2.5,0.0750000029802322,-0.2360000014305114,1.1204436164968088,1.0249863
463434,10.34,0.6346,2.5,0.125,-0.4580000042915344,1.4770323476194291,1.0178444
463434,10.34,0.6346,2.5,0.125,-0.4580000042915344,1.4770323476194291,1.126191
463434,10.34,0.6346,2.5,0.125,-0.4580000042915344,1.4770323476194291,1.0249863
463434,10.34,0.6346,2.5,-0.006000000052154,-0.4979999959468841,1.0949392060230196,1.0178444
463434,10.34,0.6346,2.5,-0.006000000052154,-0.4979999959468841,1.0949392060230196,1.126191
463434,10.34,0.6346,2.5,-0.006000000052154,-0.4979999959468841,1.0949392060230196,1.0249863
463434,10.34,0.6346,2.5,0.0750000029802322,-0.2360000014305114,1.1204436164968088,1.0178444
463434,10.34,0.6346,2.5,0.0750000029802322,-0.2360000014305114,1.1204436164968088,1.126191
463434,10.34,0.6346,2.5,0.0750000029802322,-0.2360000014305114,1.1204436164968088,1.0249863
463434,10.34,0.6346,2.5,0.125,-0.4580000042915344,1.4770323476194291,1.0178444
463434,10.34,0.6346,2.5,0.125,-0.4580000042915344,1.4770323476194291,1.126191
463434,10.34,0.6346,2.5,0.125,-0.4580000042915344,1.4770323476194291,1.0249863
570114,9.21,0.296,3.0,0.1659999936819076,-1.2230000495910645,2.508360808825364,0.09395591
570114,9.21,0.296,3.0,0.1659999936819076,-1.2230000495910645,2.508360808825364,0.11528889
570114,9.21,0.296,3.0,0.1659999936819076,-1.2230000495910645,2.508360808825364,0.08301537
570114,9.21,0.296,3.0,0.1759999990463256,-1.121999979019165,1.8594735564600955,0.09395591
570114,9.21,0.296,3.0,0.1759999990463256,-1.121999979019165,1.8594735564600955,0.11528889
570114,9.21,0.296,3.0,0.1759999990463256,-1.121999979019165,1.8594735564600955,0.08301537
570114,9.21,0.296,3.0,0.2469999939203262,-1.1829999685287476,2.508360808825364,0.09395591
570114,9.21,0.296,3.0,0.2469999939203262,-1.1829999685287476,2.508360808825364,0.11528889
570114,9.21,0.296,3.0,0.2469999939203262,-1.1829999685287476,2.508360808825364,0.08301537
570114,9.21,0.296,3.0,0.1659999936819076,-1.2230000495910645,2.508360808825364,0.09395591
570114,9.21,0.296,3.0,0.1659999936819076,-1.2230000495910645,2.508360808825364,0.11528889
570114,9.21,0.296,3.0,0.1659999936819076,-1.2230000495910645,2.508360808825364,0.08301537
570114,9.21,0.296,3.0,0.1759999990463256,-1.121999979019165,1.8594735564600955,0.09395591
570114,9.21,0.296,3.0,0.1759999990463256,-1.121999979019165,1.8594735564600955,0.11528889
570114,9.21,0.296,3.0,0.1759999990463256,-1.121999979019165,1.8594735564600955,0.08301537
570114,9.21,0.296,3.0,0.2469999939203262,-1.1829999685287476,2.508360808825364,0.09395591
570114,9.21,0.296,3.0,0.2469999939203262,-1.1829999685287476,2.508360808825364,0.11528889
570114,9.21,0.296,3.0,0.2469999939203262,-1.1829999685287476,2.508360808825364,0.08301537
220371,9.53,0.3537,3.0,0.0439999997615814,-0.6990000009536743,1.8171467707558813,0.041294165
220371,9.53,0.3537,3.0,0.0439999997615814,-0.6990000009536743,1.8171467707558813,0.041294165
79670,9.45,0.7334,3.0,0.1150000020861625,-0.6389999985694885,1.8594735564600955,0.06436332
79670,9.45,0.7334,3.0,0.1150000020861625,-0.6389999985694885,1.8594735564600955,0.06436332
31452,9.51,0.7815,3.0,0.2370000034570694,-1.121999979019165,2.508360808825364,0.28878456
31452,9.51,0.7815,3.0,0.2370000034570694,-1.121999979019165,2.508360808825364,0.28878456
9115,9.06,0.7863,3.0,0.3479999899864197,-1.0820000171661377,2.0388722109633184,0.032847732
9115,9.06,0.7863,3.0,0.3479999899864197,-1.0820000171661377,2.0388722109633184,0.032847732
92944,9.57,0.6062,3.0,-0.0370000004768371,-0.8600000143051147,1.775783460322303,0.12212627
92944,9.57,0.6062,3.0,-0.0370000004768371,-0.8600000143051147,1.775783460322303,0.12212627
210808,8.41,0.1344,3.0,0.3479999899864197,-1.0010000467300415,3.1578391641788226,0.0028942656
210808,8.41,0.1344,3.0,0.3479999899864197,-1.0010000467300415,3.1578391641788226,0.0028942656
386898,10.44,0.21,2.5,0.0240000002086162,-0.0949999988079071,1.5826686749346417,0.57129735
386898,10.44,0.21,2.5,0.0240000002086162,-0.0949999988079071,1.5826686749346417,0.57129735
8353,9.44,0.3726,3.0,-0.3000000119209289,-2.0280001163482666,3.2313946874539026,0.19271483
8353,9.44,0.3726,3.0,-0.3000000119209289,-2.0280001163482666,3.2313946874539026,0.19271483
55150,10.12,0.2074,3.0,0.3079999983310699,-0.9610000252723694,2.395465975494956,1.5665584
55150,10.12,0.2074,3.0,0.3079999983310699,-0.9610000252723694,2.395465975494956,1.5665584
251367,9.04,0.2963,3.0,-0.1180000007152557,-1.062000036239624,2.750362934937096,0.056311037
251367,9.04,0.2963,3.0,-0.1180000007152557,-1.062000036239624,2.750362934937096,0.056311037
301346,10.16,0.4617,2.5,0.3079999983310699,-1.0420000553131104,3.306663538964836,1.4901469
301346,10.16,0.4617,2.5,0.3079999983310699,-1.0420000553131104,3.306663538964836,1.4901469
278741,9.25,0.8143,3.0,-0.3000000119209289,-1.3040000200271606,3.015712989638904,0.11693029
278741,9.25,0.8143,3.0,-0.3000000119209289,-1.3040000200271606,3.015712989638904,0.11693029
550844,10.31,0.8428,2.5,0.135000005364418,-0.1959999948740005,4.359031492379173,0.10068534
550844,10.31,0.8428,2.5,0.135000005364418,-0.1959999948740005,4.359031492379173,0.10068534
55372,9.04,0.7015,3.0,0.0649999976158142,-1.1829999685287476,1.6958600389872902,0.066584684
55372,9.04,0.7015,3.0,0.0649999976158142,-1.1829999685287476,1.6958600389872902,0.066584684
62412,9.29,0.8637,3.0,0.0040000001899898,-1.0420000553131104,1.9471078453151025,0.03686557
62412,9.29,0.8637,3.0,0.0040000001899898,-1.0420000553131104,1.9471078453151025,0.03686557
594364,9.19,0.8163,3.0,-99.0,-0.9210000038146972,2.235578924043527,0.029329062
594364,9.19,0.8163,3.0,-99.0,-0.9210000038146972,2.235578924043527,0.029329062
592466,8.47,0.792,3.0,-0.2090000063180923,-1.7669999599456787,2.9470669811950616,0.038108777
592466,8.47,0.792,3.0,-0.2090000063180923,-1.7669999599456787,2.9470669811950616,0.042775594
592466,8.47,0.792,3.0,-0.3000000119209289,-1.8669999837875368,3.1578391641788226,0.038108777
592466,8.47,0.792,3.0,-0.3000000119209289,-1.8669999837875368,3.1578391641788226,0.042775594
592466,8.47,0.792,3.0,-0.2090000063180923,-1.7669999599456787,2.9470669811950616,0.038108777
592466,8.47,0.792,3.0,-0.2090000063180923,-1.7669999599456787,2.9470669811950616,0.042775594
592466,8.47,0.792,3.0,-0.3000000119209289,-1.8669999837875368,3.1578391641788226,0.038108777
592466,8.47,0.792,3.0,-0.3000000119209289,-1.8669999837875368,3.1578391641788226,0.042775594
509727,9.2,0.5362,3.0,-0.1280000060796737,-1.4240000247955322,2.0388722109633184,0.045909327
509727,9.2,0.5362,3.0,-0.1280000060796737,-1.4240000247955322,2.0388722109633184,0.045909327
49204,7.79,0.6912,3.0,-0.2800000011920929,-1.9279999732971191,2.508360808825364,0.00427828
49204,7.79,0.6912,3.0,-0.2800000011920929,-1.9279999732971191,2.508360808825364,0.00427828
611051,8.43,0.6233,3.0,-99.0,-1.121999979019165,1.902786259656987,0.0046624434
611051,8.43,0.6233,3.0,-99.0,-1.121999979019165,1.902786259656987,0.0046624434
372074,9.55,0.8133,3.0,0.135000005364418,-1.2029999494552612,1.8594735564600955,0.34683153
372074,9.55,0.8133,3.0,0.135000005364418,-1.2029999494552612,1.8594735564600955,0.34683153
176969,8.28,0.7706,3.0,-0.2899999916553497,-1.6460000276565552,1.2864413959638756,0.0069835153
176969,8.28,0.7706,3.0,-0.2899999916553497,-1.6460000276565552,1.2864413959638756,0.0069835153
583508,8.92,0.5041,3.0,0.1459999978542328,-1.2029999494552612,3.085957969027533,0.02556966
583508,8.92,0.5041,3.0,0.1459999978542328,-1.2029999494552612,3.085957969027533,0.02556966
375402,8.43,0.7242,3.0,0.0649999976158142,-1.2029999494552612,3.383685627252995,0.026468396
375402,8.43,0.7242,3.0,0.0649999976158142,-1.2029999494552612,3.383685627252995,0.026468396
485823,8.32,0.7141,3.0,-99.0,-1.4850000143051147,2.395465975494956,0.0057870643
485823,8.32,0.7141,3.0,-99.0,-1.4850000143051147,2.395465975494956,0.0057870643
517167,9.24,0.3091,3.0,0.0949999988079071,-1.2230000495910645,2.508360808825364,0.14119193
517167,9.24,0.3091,3.0,0.0949999988079071,-1.2230000495910645,2.508360808825364,0.14119193
609912,10.3,0.5939,2.0,-0.0270000007003545,-0.8399999737739563,3.2313946874539026,1.0247128
609912,10.3,0.5939,2.0,-0.0270000007003545,-0.8399999737739563,3.2313946874539026,1.0247128
85423,8.63,0.1767,3.0,-0.0270000007003545,-1.6859999895095823,3.306663538964836,0.0107574025
85423,8.63,0.1767,3.0,-0.0270000007003545,-1.6859999895095823,3.306663538964836,0.0107574025
49730,9.51,0.0138,3.0,0.0949999988079071,-0.9409999847412108,1.6572575516299524,0.2018695
49730,9.51,0.0138,3.0,0.0949999988079071,-0.9409999847412108,1.6572575516299524,0.2018695
396709,10.35,0.3679,2.5,0.1150000020861625,-0.296999990940094,1.6195337641628855,0.33650765
396709,10.35,0.3679,2.5,0.1150000020861625,-0.296999990940094,1.6195337641628855,0.33650765
238080,8.33,0.4431,3.0,0.0439999997615814,-1.968000054359436,3.1578391641788226,0.007130576
238080,8.33,0.4431,3.0,0.0439999997615814,-1.968000054359436,3.1578391641788226,0.0073666703
238080,8.33,0.4431,3.0,0.0439999997615814,-1.968000054359436,3.1578391641788226,0.00720122
238080,8.33,0.4431,3.0,-0.2800000011920929,-1.9880000352859497,3.1578391641788226,0.007130576
238080,8.33,0.4431,3.0,-0.2800000011920929,-1.9880000352859497,3.1578391641788226,0.0073666703
238080,8.33,0.4431,3.0,-0.2800000011920929,-1.9880000352859497,3.1578391641788226,0.00720122
238080,8.33,0.4431,3.0,0.125,-1.9479999542236328,3.085957969027533,0.007130576
238080,8.33,0.4431,3.0,0.125,-1.9479999542236328,3.085957969027533,0.0073666703
238080,8.33,0.4431,3.0,0.125,-1.9479999542236328,3.085957969027533,0.00720122
238080,8.33,0.4431,3.0,0.0439999997615814,-1.968000054359436,3.1578391641788226,0.007130576
238080,8.33,0.4431,3.0,0.0439999997615814,-1.968000054359436,3.1578391641788226,0.0073666703
238080,8.33,0.4431,3.0,0.0439999997615814,-1.968000054359436,3.1578391641788226,0.00720122
238080,8.33,0.4431,3.0,-0.2800000011920929,-1.9880000352859497,3.1578391641788226,0.007130576
238080,8.33,0.4431,3.0,-0.2800000011920929,-1.9880000352859497,3.1578391641788226,0.0073666703
238080,8.33,0.4431,3.0,-0.2800000011920929,-1.9880000352859497,3.1578391641788226,0.00720122
238080,8.33,0.4431,3.0,0.125,-1.9479999542236328,3.085957969027533,0.007130576
238080,8.33,0.4431,3.0,0.125,-1.9479999542236328,3.085957969027533,0.0073666703
238080,8.33,0.4431,3.0,0.125,-1.9479999542236328,3.085957969027533,0.00720122
55684,9.51,0.7128,3.0,-0.0370000004768371,-0.9010000228881836,1.6195337641628855,0.32992154
55684,9.51,0.7128,3.0,-0.0370000004768371,-0.9010000228881836,1.6195337641628855,0.32992154
137789,8.57,0.3029,3.0,-0.2290000021457672,-0.9409999847412108,1.8594735564600955,0.004523022
137789,8.57,0.3029,3.0,-0.2290000021457672,-0.9409999847412108,1.8594735564600955,0.004523022
278812,9.54,0.591,3.0,-0.0570000000298023,-1.1419999599456787,2.508360808825364,0.3002154
278812,9.54,0.591,3.0,-0.0570000000298023,-1.1419999599456787,2.508360808825364,0.3002154
559061,9.53,0.6496,3.0,0.0439999997615814,-0.8809999823570251,1.8171467707558813,0.1542878
559061,9.53,0.6496,3.0,0.0439999997615814,-0.8809999823570251,1.8171467707558813,0.1542878
144480,8.35,0.4637,3.0,0.2469999939203262,-1.1829999685287476,1.775783460322303,0.009130109
144480,8.35,0.4637,3.0,0.2469999939203262,-1.1829999685287476,1.775783460322303,0.009130109
47500,9.49,0.4578,3.0,-0.3000000119209289,-1.5449999570846558,1.1204436164968088,0.19612764
47500,9.49,0.4578,3.0,-0.3000000119209289,-1.5449999570846558,1.1204436164968088,0.19612764
559495,9.05,0.4272,3.0,0.5,-1.72599995136261,1.9924618133258227,0.19022582
559495,9.05,0.4272,3.0,0.5,-1.72599995136261,1.9924618133258227,0.19022582
289217,8.57,0.7687,3.0,-0.3000000119209289,-1.6059999465942385,2.508360808825364,0.011687566
289217,8.57,0.7687,3.0,-0.3000000119209289,-1.6059999465942385,2.508360808825364,0.011687566
41354,9.15,0.7119,3.0,0.2469999939203262,-1.2829999923706057,2.8799835466736923,0.122662246
41354,9.15,0.7119,3.0,0.2469999939203262,-1.2829999923706057,2.8799835466736923,0.122662246
216155,10.28,0.3315,2.5,0.1560000032186508,-1.0420000553131104,2.9470669811950616,2.768677
216155,10.28,0.3315,2.5,0.1560000032186508,-1.0420000553131104,2.9470669811950616,2.768677
372541,8.86,0.4769,3.0,0.4589999914169311,-1.2829999923706057,1.9924618133258227,0.072100125
372541,8.86,0.4769,3.0,0.4589999914169311,-1.2829999923706057,1.9924618133258227,0.072100125
509726,9.9,0.2845,3.0,0.2160000056028366,-0.9210000038146972,1.9471078453151025,0.4733296
509726,9.9,0.2845,3.0,0.2160000056028366,-0.9210000038146972,1.9471078453151025,0.47779602
509726,9.9,0.2845,3.0,0.2160000056028366,-0.9210000038146972,1.9924618133258227,0.4733296
509726,9.9,0.2845,3.0,0.2160000056028366,-0.9210000038146972,1.9924618133258227,0.47779602
509726,9.9,0.2845,3.0,0.2160000056028366,-0.9210000038146972,1.9471078453151025,0.4733296
509726,9.9,0.2845,3.0,0.2160000056028366,-0.9210000038146972,1.9471078453151025,0.47779602
509726,9.9,0.2845,3.0,0.2160000056028366,-0.9210000038146972,1.9924618133258227,0.4733296
509726,9.9,0.2845,3.0,0.2160000056028366,-0.9210000038146972,1.9924618133258227,0.47779602
422501,9.43,0.185,3.0,-99.0,-0.5989999771118164,3.710137512885986,0.01221306
422501,9.43,0.185,3.0,-99.0,-0.5989999771118164,3.710137512885986,0.01221306
620034,10.22,0.7236,2.5,0.0540000014007091,-0.5180000066757202,1.0949392060230196,0.48132515
620034,10.22,0.7236,2.5,0.0540000014007091,-0.5180000066757202,1.0949392060230196,0.48132515
63389,10.07,0.4206,2.5,0.135000005364418,-0.800000011920929,1.5466427375869445,1.1421473
63389,10.07,0.4206,2.5,0.135000005364418,-0.800000011920929,1.5466427375869445,1.1421473
63779,10.16,0.7878,2.5,-0.2290000021457672,-0.5989999771118164,2.235578924043527,0.30215728
63779,10.16,0.7878,2.5,-0.2290000021457672,-0.5989999771118164,2.235578924043527,0.29075706
63779,10.16,0.7878,2.5,-0.2090000063180923,-0.6790000200271606,2.134961297927347,0.30215728
63779,10.16,0.7878,2.5,-0.2090000063180923,-0.6790000200271606,2.134961297927347,0.29075706
63779,10.16,0.7878,2.5,-0.2290000021457672,-0.5989999771118164,2.235578924043527,0.30215728
63779,10.16,0.7878,2.5,-0.2290000021457672,-0.5989999771118164,2.235578924043527,0.29075706
63779,10.16,0.7878,2.5,-0.2090000063180923,-0.6790000200271606,2.134961297927347,0.30215728
63779,10.16,0.7878,2.5,-0.2090000063180923,-0.6790000200271606,2.134961297927347,0.29075706
214245,9.4,0.3239,3.0,-0.2090000063180923,-1.524999976158142,1.8594735564600955,0.005761543
214245,9.4,0.3239,3.0,-0.2090000063180923,-1.524999976158142,1.8594735564600955,0.005761543
546043,9.43,0.2516,3.0,0.0949999988079071,-1.121999979019165,3.085957969027533,0.20823844
546043,9.43,0.2516,3.0,0.0949999988079071,-1.121999979019165,3.085957969027533,0.20823844
573776,10.27,0.7823,2.5,0.0850000008940696,-0.4169999957084656,1.902786259656987,0.4428922
573776,10.27,0.7823,2.5,0.0850000008940696,-0.4169999957084656,1.902786259656987,0.4428922
551350,9.22,0.5129,3.0,-0.248999997973442,-1.8270000219345093,2.508360808825364,0.035582125
551350,9.22,0.5129,3.0,-0.248999997973442,-1.8270000219345093,2.508360808825364,0.035582125
278826,8.7,0.4952,3.0,-99.0,-2.069000005722046,2.8799835466736923,0.039767224
278826,8.7,0.4952,3.0,-99.0,-2.069000005722046,2.8799835466736923,0.039767224
422721,8.69,0.4415,3.0,-99.0,-1.383999943733215,6.01713848098864,0.0076536015
422721,8.69,0.4415,3.0,-99.0,-1.383999943733215,6.01713848098864,0.0076536015
30784,8.36,0.1835,3.0,-99.0,-99.0,-99.0,0.0030183068
30784,8.36,0.1835,3.0,-99.0,-99.0,-99.0,0.0030183068
560946,9.19,0.3465,3.0,-0.0160000007599592,-1.2029999494552612,4.06808488757239,0.040950228
560946,9.19,0.3465,3.0,-0.0160000007599592,-1.2029999494552612,4.06808488757239,0.040950228
513236,10.04,0.8036,3.0,0.1049999967217445,-0.3970000147819519,2.395465975494956,0.15359077
513236,10.04,0.8036,3.0,0.1049999967217445,-0.3970000147819519,2.395465975494956,0.15359077
622858,9.09,0.7764,3.0,0.1759999990463256,-1.0820000171661377,1.8171467707558813,0.03051543
622858,9.09,0.7764,3.0,0.1759999990463256,-1.0820000171661377,1.8171467707558813,0.03051543
575097,9.89,0.8212,3.0,0.135000005364418,-0.4580000042915344,1.8594735564600955,0.12772968
575097,9.89,0.8212,3.0,0.135000005364418,-0.4580000042915344,1.8594735564600955,0.12772968
537187,9.37,0.5495,3.0,0.0340000018477439,-1.2029999494552612,2.134961297927347,0.08627837
537187,9.37,0.5495,3.0,0.0340000018477439,-1.2029999494552612,2.134961297927347,0.09373386
537187,9.37,0.5495,3.0,0.0340000018477439,-1.2029999494552612,2.134961297927347,0.07873867
537187,9.37,0.5495,3.0,0.0340000018477439,-1.2029999494552612,2.134961297927347,0.09797443
537187,9.37,0.5495,3.0,0.0040000001899898,-1.162999987602234,1.6195337641628855,0.08627837
537187,9.37,0.5495,3.0,0.0040000001899898,-1.162999987602234,1.6195337641628855,0.09373386
537187,9.37,0.5495,3.0,0.0040000001899898,-1.162999987602234,1.6195337641628855,0.07873867
537187,9.37,0.5495,3.0,0.0040000001899898,-1.162999987602234,1.6195337641628855,0.09797443
537187,9.37,0.5495,3.0,-0.0270000007003545,-1.162999987602234,1.8594735564600955,0.08627837
537187,9.37,0.5495,3.0,-0.0270000007003545,-1.162999987602234,1.8594735564600955,0.09373386
537187,9.37,0.5495,3.0,-0.0270000007003545,-1.162999987602234,1.8594735564600955,0.07873867
537187,9.37,0.5495,3.0,-0.0270000007003545,-1.162999987602234,1.8594735564600955,0.09797443
537187,9.37,0.5495,3.0,0.4699999988079071,-1.1019999980926514,3.015712989638904,0.08627837
537187,9.37,0.5495,3.0,0.4699999988079071,-1.1019999980926514,3.015712989638904,0.09373386
537187,9.37,0.5495,3.0,0.4699999988079071,-1.1019999980926514,3.015712989638904,0.07873867
537187,9.37,0.5495,3.0,0.4699999988079071,-1.1019999980926514,3.015712989638904,0.09797443
537187,9.37,0.5495,3.0,0.0340000018477439,-1.2029999494552612,2.134961297927347,0.08627837
537187,9.37,0.5495,3.0,0.0340000018477439,-1.2029999494552612,2.134961297927347,0.09373386
537187,9.37,0.5495,3.0,0.0340000018477439,-1.2029999494552612,2.134961297927347,0.07873867
537187,9.37,0.5495,3.0,0.0340000018477439,-1.2029999494552612,2.134961297927347,0.09797443
537187,9.37,0.5495,3.0,0.0040000001899898,-1.162999987602234,1.6195337641628855,0.08627837
537187,9.37,0.5495,3.0,0.0040000001899898,-1.162999987602234,1.6195337641628855,0.09373386
537187,9.37,0.5495,3.0,0.0040000001899898,-1.162999987602234,1.6195337641628855,0.07873867
537187,9.37,0.5495,3.0,0.0040000001899898,-1.162999987602234,1.6195337641628855,0.09797443
537187,9.37,0.5495,3.0,-0.0270000007003545,-1.162999987602234,1.8594735564600955,0.08627837
537187,9.37,0.5495,3.0,-0.0270000007003545,-1.162999987602234,1.8594735564600955,0.09373386
537187,9.37,0.5495,3.0,-0.0270000007003545,-1.162999987602234,1.8594735564600955,0.07873867
537187,9.37,0.5495,3.0,-0.0270000007003545,-1.162999987602234,1.8594735564600955,0.09797443
537187,9.37,0.5495,3.0,0.4699999988079071,-1.1019999980926514,3.015712989638904,0.08627837
537187,9.37,0.5495,3.0,0.4699999988079071,-1.1019999980926514,3.015712989638904,0.09373386
537187,9.37,0.5495,3.0,0.4699999988079071,-1.1019999980926514,3.015712989638904,0.07873867
537187,9.37,0.5495,3.0,0.4699999988079071,-1.1019999980926514,3.015712989638904,0.09797443
138066,9.85,0.409,3.0,0.0140000004321336,-1.1019999980926514,3.884990906937478,0.067567885
138066,9.85,0.409,3.0,0.0140000004321336,-1.1019999980926514,3.884990906937478,0.07419192
138066,9.85,0.409,3.0,0.0140000004321336,-1.1019999980926514,3.884990906937478,0.0656062
138066,9.85,0.409,3.0,0.0540000014007091,-1.2029999494552612,5.487695516567193,0.067567885
138066,9.85,0.409,3.0,0.0540000014007091,-1.2029999494552612,5.487695516567193,0.07419192
138066,9.85,0.409,3.0,0.0540000014007091,-1.2029999494552612,5.487695516567193,0.0656062
138066,9.85,0.409,3.0,0.0140000004321336,-1.162999987602234,3.015712989638904,0.067567885
138066,9.85,0.409,3.0,0.0140000004321336,-1.162999987602234,3.015712989638904,0.07419192
138066,9.85,0.409,3.0,0.0140000004321336,-1.162999987602234,3.015712989638904,0.0656062
138066,9.85,0.409,3.0,0.0140000004321336,-1.1019999980926514,3.884990906937478,0.067567885
138066,9.85,0.409,3.0,0.0140000004321336,-1.1019999980926514,3.884990906937478,0.07419192
138066,9.85,0.409,3.0,0.0140000004321336,-1.1019999980926514,3.884990906937478,0.0656062
138066,9.85,0.409,3.0,0.0540000014007091,-1.2029999494552612,5.487695516567193,0.067567885
138066,9.85,0.409,3.0,0.0540000014007091,-1.2029999494552612,5.487695516567193,0.07419192
138066,9.85,0.409,3.0,0.0540000014007091,-1.2029999494552612,5.487695516567193,0.0656062
138066,9.85,0.409,3.0,0.0140000004321336,-1.162999987602234,3.015712989638904,0.067567885
138066,9.85,0.409,3.0,0.0140000004321336,-1.162999987602234,3.015712989638904,0.07419192
138066,9.85,0.409,3.0,0.0140000004321336,-1.162999987602234,3.015712989638904,0.0656062
301098,8.1,0.7089,3.0,-0.1180000007152557,-1.3040000200271606,1.2571584147142514,0.0007274133
301098,8.1,0.7089,3.0,-0.1180000007152557,-1.3040000200271606,1.2571584147142514,0.0007274133
85416,10.21,0.6649,2.0,0.2370000034570694,-0.2759999930858612,2.750362934937096,0.57131875
85416,10.21,0.6649,2.0,0.2370000034570694,-0.2759999930858612,2.750362934937096,0.57131875
16430,9.19,0.4436,3.0,0.0040000001899898,-0.7599999904632568,2.750362934937096,0.014565617
16430,9.19,0.4436,3.0,0.0040000001899898,-0.7599999904632568,2.750362934937096,0.014565617
422464,8.57,0.7328,3.0,-99.0,-0.9610000252723694,4.6707863962229785,0.009441568
422464,8.57,0.7328,3.0,-99.0,-0.9610000252723694,4.6707863962229785,0.009441568
93832,9.37,0.6686,3.0,-0.0869999974966049,-1.1019999980926514,1.6958600389872902,0.09210402
93832,9.37,0.6686,3.0,-0.0869999974966049,-1.1019999980926514,1.6958600389872902,0.09210402
594731,9.31,0.2708,3.0,0.0140000004321336,-0.9610000252723694,1.8594735564600955,0.09361498
594731,9.31,0.2708,3.0,0.0140000004321336,-0.9610000252723694,1.8594735564600955,0.09361498
36894,8.84,0.8246,3.0,0.5,-1.2829999923706057,3.085957969027533,0.015570391
36894,8.84,0.8246,3.0,0.5,-1.2829999923706057,3.085957969027533,0.015570391
487027,10.09,0.35,3.0,0.2569999992847442,-1.121999979019165,2.0388722109633184,1.3640212
487027,10.09,0.35,3.0,0.2569999992847442,-1.121999979019165,2.0388722109633184,1.3640212
184415,9.56,0.2374,3.0,0.0949999988079071,-1.121999979019165,3.2313946874539026,0.13315062
184415,9.56,0.2374,3.0,0.0949999988079071,-1.121999979019165,3.2313946874539026,0.13315062
297705,8.77,0.8052,3.0,0.328000009059906,-1.062000036239624,4.06808488757239,0.009483146
297705,8.77,0.8052,3.0,0.328000009059906,-1.062000036239624,4.06808488757239,0.0100492565
297705,8.77,0.8052,3.0,0.3680000007152557,-1.1829999685287476,4.259807821671483,0.009483146
297705,8.77,0.8052,3.0,0.3680000007152557,-1.1829999685287476,4.259807821671483,0.0100492565
297705,8.77,0.8052,3.0,0.328000009059906,-1.062000036239624,4.06808488757239,0.009483146
297705,8.77,0.8052,3.0,0.328000009059906,-1.062000036239624,4.06808488757239,0.0100492565
297705,8.77,0.8052,3.0,0.3680000007152557,-1.1829999685287476,4.259807821671483,0.009483146
297705,8.77,0.8052,3.0,0.3680000007152557,-1.1829999685287476,4.259807821671483,0.0100492565
419632,8.85,0.1349,3.0,-0.1379999965429306,-0.6790000200271606,1.5114368506909526,0.010949866
419632,8.85,0.1349,3.0,-0.1379999965429306,-0.6790000200271606,1.5114368506909526,0.010949866
623722,8.86,0.7866,3.0,-0.1379999965429306,-1.2630000114440918,3.884990906937478,0.006361278
623722,8.86,0.7866,3.0,-0.1379999965429306,-1.2630000114440918,3.884990906937478,0.006361278
417568,8.68,0.198,3.0,-0.3000000119209289,-1.343999981880188,3.015712989638904,0.006548934
417568,8.68,0.198,3.0,-0.3000000119209289,-1.343999981880188,3.015712989638904,0.006548934
521719,8.48,0.6296,3.0,-0.0570000000298023,-1.162999987602234,1.9924618133258227,0.0077377
521719,8.48,0.6296,3.0,-0.0570000000298023,-1.162999987602234,1.9924618133258227,0.0077377
71117,8.44,0.6681,3.0,0.1049999967217445,-1.2630000114440918,1.3164064654697047,0.011405975
71117,8.44,0.6681,3.0,0.1049999967217445,-1.2630000114440918,1.3164064654697047,0.011405975
517256,9.25,0.6943,3.0,-0.1580000072717666,-1.1829999685287476,2.626576211733084,0.078965075
517256,9.25,0.6943,3.0,-0.1580000072717666,-1.1829999685287476,2.626576211733084,0.078965075
377892,9.12,0.8083,3.0,-0.1480000019073486,-1.6859999895095823,3.1578391641788226,0.09992739
377892,9.12,0.8083,3.0,-0.1480000019073486,-1.6859999895095823,3.1578391641788226,0.09992739
136626,10.01,0.6431,3.0,0.2669999897480011,-0.9010000228881836,2.134961297927347,0.50672126
136626,10.01,0.6431,3.0,0.2669999897480011,-0.9010000228881836,2.134961297927347,0.50672126
208781,8.45,0.8182,3.0,-99.0,-1.121999979019165,1.6195337641628855,0.013943689
208781,8.45,0.8182,3.0,-99.0,-1.121999979019165,1.6195337641628855,0.013943689
79601,9.05,0.0932,3.0,0.0040000001899898,-0.9010000228881836,2.086363645634731,0.05516796
79601,9.05,0.0932,3.0,0.0040000001899898,-0.9010000228881836,2.086363645634731,0.05516796
585422,10.02,0.5073,3.0,0.0140000004321336,-1.0219999551773071,1.6572575516299524,1.4574904
585422,10.02,0.5073,3.0,0.0140000004321336,-1.0219999551773071,1.6572575516299524,1.4574904
202309,9.41,0.5438,3.0,0.0750000029802322,-1.1419999599456787,3.1578391641788226,0.16481857
202309,9.41,0.5438,3.0,0.0750000029802322,-1.1419999599456787,3.1578391641788226,0.16481857
550677,8.94,0.6021,3.0,0.4490000009536743,-1.5049999952316284,2.687757031157795,0.039378352
550677,8.94,0.6021,3.0,0.4490000009536743,-1.5049999952316284,2.687757031157795,0.039378352
570033,10.99,0.7965,3.0,0.1959999948740005,-0.5580000281333923,2.086363645634731,0.3051234
570033,10.99,0.7965,3.0,0.1959999948740005,-0.5580000281333923,2.086363645634731,0.37738046
570033,10.99,0.7965,3.0,0.1959999948740005,-0.5580000281333923,2.086363645634731,0.23434159
570033,10.99,0.7965,3.0,0.2569999992847442,-0.4779999852180481,2.235578924043527,0.3051234
570033,10.99,0.7965,3.0,0.2569999992847442,-0.4779999852180481,2.235578924043527,0.37738046
570033,10.99,0.7965,3.0,0.2569999992847442,-0.4779999852180481,2.235578924043527,0.23434159
570033,10.99,0.7965,3.0,0.2770000100135803,-0.5789999961853027,2.134961297927347,0.3051234
570033,10.99,0.7965,3.0,0.2770000100135803,-0.5789999961853027,2.134961297927347,0.37738046
570033,10.99,0.7965,3.0,0.2770000100135803,-0.5789999961853027,2.134961297927347,0.23434159
570033,10.99,0.7965,3.0,0.1959999948740005,-0.5580000281333923,2.086363645634731,0.3051234
570033,10.99,0.7965,3.0,0.1959999948740005,-0.5580000281333923,2.086363645634731,0.37738046
570033,10.99,0.7965,3.0,0.1959999948740005,-0.5580000281333923,2.086363645634731,0.23434159
570033,10.99,0.7965,3.0,0.2569999992847442,-0.4779999852180481,2.235578924043527,0.3051234
570033,10.99,0.7965,3.0,0.2569999992847442,-0.4779999852180481,2.235578924043527,0.37738046
570033,10.99,0.7965,3.0,0.2569999992847442,-0.4779999852180481,2.235578924043527,0.23434159
570033,10.99,0.7965,3.0,0.2770000100135803,-0.5789999961853027,2.134961297927347,0.3051234
570033,10.99,0.7965,3.0,0.2770000100135803,-0.5789999961853027,2.134961297927347,0.37738046
570033,10.99,0.7965,3.0,0.2770000100135803,-0.5789999961853027,2.134961297927347,0.23434159
536626,9.0,0.7321,3.0,-0.248999997973442,-1.7669999599456787,2.508360808825364,0.1360538
536626,9.0,0.7321,3.0,-0.248999997973442,-1.7669999599456787,2.508360808825364,0.1360538
573620,9.35,0.7394,3.0,0.0040000001899898,-0.9810000061988832,4.359031492379173,0.052643623
573620,9.35,0.7394,3.0,0.0040000001899898,-0.9810000061988832,4.359031492379173,0.052643623
485922,10.31,0.7869,2.5,0.1860000044107437,-0.1360000073909759,4.06808488757239,0.16781387
485922,10.31,0.7869,2.5,0.1860000044107437,-0.1360000073909759,4.06808488757239,0.16781387
238085,9.21,0.3434,3.0,-0.1080000028014183,-1.4240000247955322,1.8594735564600955,0.0383754
238085,9.21,0.3434,3.0,-0.1080000028014183,-1.4240000247955322,1.8594735564600955,0.0383754
381159,10.02,0.8229,2.5,0.1049999967217445,-0.6190000176429749,2.508360808825364,0.3021515
381159,10.02,0.8229,2.5,0.1049999967217445,-0.6190000176429749,2.508360808825364,0.3021515
511456,10.27,0.8034,2.5,0.1150000020861625,-0.4379999935626983,1.6572575516299524,0.4658618
511456,10.27,0.8034,2.5,0.1150000020861625,-0.4379999935626983,1.6572575516299524,0.4658618
567624,9.35,0.7841,3.0,-0.3000000119209289,-1.3240000009536743,2.508360808825364,0.07725436
567624,9.35,0.7841,3.0,-0.3000000119209289,-1.3240000009536743,2.508360808825364,0.07725436
371750,9.22,0.6791,3.0,-0.0270000007003545,-1.6660000085830688,3.1578391641788226,0.11759094
371750,9.22,0.6791,3.0,-0.0270000007003545,-1.6660000085830688,3.1578391641788226,0.11759094
99464,9.35,0.7665,3.0,-0.0160000007599592,-0.2759999930858612,2.086363645634731,0.020109862
99464,9.35,0.7665,3.0,-0.0160000007599592,-0.2759999930858612,2.086363645634731,0.020109862
106065,8.34,0.7071,3.0,0.4900000095367431,-1.444000005722046,2.0388722109633184,0.025492547
106065,8.34,0.7071,3.0,0.4900000095367431,-1.444000005722046,2.0388722109633184,0.022266574
106065,8.34,0.7071,3.0,-99.0,-1.4850000143051147,1.9471078453151025,0.025492547
106065,8.34,0.7071,3.0,-99.0,-1.4850000143051147,1.9471078453151025,0.022266574
106065,8.34,0.7071,3.0,0.4900000095367431,-1.444000005722046,2.0388722109633184,0.025492547
106065,8.34,0.7071,3.0,0.4900000095367431,-1.444000005722046,2.0388722109633184,0.022266574
106065,8.34,0.7071,3.0,-99.0,-1.4850000143051147,1.9471078453151025,0.025492547
106065,8.34,0.7071,3.0,-99.0,-1.4850000143051147,1.9471078453151025,0.022266574
508682,8.04,0.6509,3.0,-0.0970000028610229,-1.6660000085830688,1.2571584147142514,0.0035493562
508682,8.04,0.6509,3.0,-0.0970000028610229,-1.6660000085830688,1.2571584147142514,0.0035493562
24433,9.14,0.7626,3.0,-0.0869999974966049,-1.465000033378601,3.383685627252995,0.050888594
24433,9.14,0.7626,3.0,-0.0869999974966049,-1.465000033378601,3.383685627252995,0.050888594
278760,10.02,0.511,3.0,-0.1889999955892563,-1.6059999465942385,2.508360808825364,1.0481559
278760,10.02,0.511,3.0,-0.1889999955892563,-1.6059999465942385,2.508360808825364,1.0481559
567676,8.57,0.1654,3.0,-99.0,-1.5449999570846558,2.9470669811950616,0.018722055
567676,8.57,0.1654,3.0,-99.0,-1.5449999570846558,2.9470669811950616,0.018722055
30377,8.22,0.3531,3.0,-99.0,-2.25,1.2571584147142514,0.006877165
30377,8.22,0.3531,3.0,-99.0,-2.25,1.2571584147142514,0.006877165
511921,9.16,0.3815,3.0,0.1860000044107437,-1.0820000171661377,3.015712989638904,0.075039536
511921,9.16,0.3815,3.0,0.1860000044107437,-1.0820000171661377,3.015712989638904,0.075039536
144239,10.06,0.7617,3.0,-0.006000000052154,-0.5989999771118164,1.6572575516299524,0.42415056
144239,10.06,0.7617,3.0,-0.006000000052154,-0.5989999771118164,1.6572575516299524,0.42415056
138094,8.77,0.3162,3.0,-99.0,-1.1829999685287476,4.359031492379173,0.0060486505
138094,8.77,0.3162,3.0,-99.0,-1.1829999685287476,4.359031492379173,0.0060720737
138094,8.77,0.3162,3.0,-99.0,-1.1829999685287476,4.359031492379173,0.0057924525
138094,8.77,0.3162,3.0,-99.0,-1.1829999685287476,4.359031492379173,0.007751167
138094,8.77,0.3162,3.0,0.0649999976158142,-0.9010000228881836,4.259807821671483,0.0060486505
138094,8.77,0.3162,3.0,0.0649999976158142,-0.9010000228881836,4.259807821671483,0.0060720737
138094,8.77,0.3162,3.0,0.0649999976158142,-0.9010000228881836,4.259807821671483,0.0057924525
138094,8.77,0.3162,3.0,0.0649999976158142,-0.9010000228881836,4.259807821671483,0.007751167
138094,8.77,0.3162,3.0,-99.0,-1.243000030517578,4.06808488757239,0.0060486505
138094,8.77,0.3162,3.0,-99.0,-1.243000030517578,4.06808488757239,0.0060720737
138094,8.77,0.3162,3.0,-99.0,-1.243000030517578,4.06808488757239,0.0057924525
138094,8.77,0.3162,3.0,-99.0,-1.243000030517578,4.06808488757239,0.007751167
138094,8.77,0.3162,3.0,-99.0,-0.7599999904632568,2.4512635459709684,0.0060486505
138094,8.77,0.3162,3.0,-99.0,-0.7599999904632568,2.4512635459709684,0.0060720737
138094,8.77,0.3162,3.0,-99.0,-0.7599999904632568,2.4512635459709684,0.0057924525
138094,8.77,0.3162,3.0,-99.0,-0.7599999904632568,2.4512635459709684,0.007751167
138094,8.77,0.3162,3.0,-99.0,-1.1829999685287476,4.359031492379173,0.0060486505
138094,8.77,0.3162,3.0,-99.0,-1.1829999685287476,4.359031492379173,0.0060720737
138094,8.77,0.3162,3.0,-99.0,-1.1829999685287476,4.359031492379173,0.0057924525
138094,8.77,0.3162,3.0,-99.0,-1.1829999685287476,4.359031492379173,0.007751167
138094,8.77,0.3162,3.0,0.0649999976158142,-0.9010000228881836,4.259807821671483,0.0060486505
138094,8.77,0.3162,3.0,0.0649999976158142,-0.9010000228881836,4.259807821671483,0.0060720737
138094,8.77,0.3162,3.0,0.0649999976158142,-0.9010000228881836,4.259807821671483,0.0057924525
138094,8.77,0.3162,3.0,0.0649999976158142,-0.9010000228881836,4.259807821671483,0.007751167
138094,8.77,0.3162,3.0,-99.0,-1.243000030517578,4.06808488757239,0.0060486505
138094,8.77,0.3162,3.0,-99.0,-1.243000030517578,4.06808488757239,0.0060720737
138094,8.77,0.3162,3.0,-99.0,-1.243000030517578,4.06808488757239,0.0057924525
138094,8.77,0.3162,3.0,-99.0,-1.243000030517578,4.06808488757239,0.007751167
138094,8.77,0.3162,3.0,-99.0,-0.7599999904632568,2.4512635459709684,0.0060486505
138094,8.77,0.3162,3.0,-99.0,-0.7599999904632568,2.4512635459709684,0.0060720737
138094,8.77,0.3162,3.0,-99.0,-0.7599999904632568,2.4512635459709684,0.0057924525
138094,8.77,0.3162,3.0,-99.0,-0.7599999904632568,2.4512635459709684,0.007751167
383283,9.16,0.6385,2.5,0.1860000044107437,-0.9210000038146972,1.7353616937846603,0.025597084
383283,9.16,0.6385,2.5,0.1860000044107437,-0.9210000038146972,1.7353616937846603,0.025597084
543769,8.43,0.7448,3.0,0.4589999914169311,-2.108999967575073,1.3164064654697047,0.03433535
543769,8.43,0.7448,3.0,0.4589999914169311,-2.108999967575073,1.3164064654697047,0.03433535
91627,10.31,0.2915,2.5,0.0240000002086162,-0.5989999771118164,1.3164064654697047,0.964909
91627,10.31,0.2915,2.5,0.0240000002086162,-0.5989999771118164,1.3164064654697047,0.964909
537476,8.21,0.4243,3.0,0.2469999939203262,-1.9079999923706052,3.4625017904490982,0.027733581
537476,8.21,0.4243,3.0,0.2469999939203262,-1.9079999923706052,3.4625017904490982,0.027733581
49755,8.55,0.3361,3.0,0.0750000029802322,-1.2829999923706057,1.2571584147142514,0.027112568
49755,8.55,0.3361,3.0,0.0750000029802322,-1.2829999923706057,1.2571584147142514,0.027112568
100162,9.15,0.4972,3.0,0.0140000004321336,-1.1829999685287476,1.8594735564600955,
100162,9.15,0.4972,3.0,0.0140000004321336,-1.1829999685287476,1.8594735564600955,
422683,8.42,0.2378,3.0,-99.0,-1.2829999923706057,3.796557717334176,0.010909133
422683,8.42,0.2378,3.0,-99.0,-1.2829999923706057,3.796557717334176,0.010909133
289429,9.04,0.7816,3.0,0.3179999887943268,-1.0420000553131104,5.7463226384084365,0.017986763
289429,9.04,0.7816,3.0,0.3179999887943268,-1.0420000553131104,5.7463226384084365,0.017986763
319272,8.76,0.8339,3.0,-99.0,-1.746999979019165,2.9470669811950616,0.02332579
319272,8.76,0.8339,3.0,-99.0,-1.746999979019165,2.9470669811950616,0.02332579
107799,9.6,0.5851,3.0,0.125,-1.0010000467300415,3.1578391641788226,0.1253043
107799,9.6,0.5851,3.0,0.125,-1.0010000467300415,3.1578391641788226,0.1253043
21836,8.25,0.3219,3.0,-0.1080000028014183,-1.888000011444092,1.3164064654697047,0.002876623
21836,8.25,0.3219,3.0,-0.1080000028014183,-1.888000011444092,1.3164064654697047,0.002876623
517070,10.16,0.277,3.0,-0.006000000052154,-0.7599999904632568,1.5826686749346417,0.6115976
517070,10.16,0.277,3.0,-0.006000000052154,-0.7599999904632568,1.5826686749346417,0.6115976
290423,8.27,0.3456,3.0,-99.0,-1.2230000495910645,4.6707863962229785,0.011842842
290423,8.27,0.3456,3.0,-99.0,-1.2230000495910645,4.6707863962229785,0.011842842
106634,10.15,0.633,2.5,0.1759999990463256,-0.2360000014305114,2.086363645634731,0.37142083
106634,10.15,0.633,2.5,0.1759999990463256,-0.2360000014305114,2.086363645634731,0.37142083
388451,8.43,0.6562,3.0,0.2770000100135803,-1.2029999494552612,1.3164064654697047,0.012869804
388451,8.43,0.6562,3.0,0.2770000100135803,-1.2029999494552612,1.3164064654697047,0.012869804
47535,8.58,0.5432,3.0,-99.0,-1.383999943733215,2.086363645634731,0.025636535
47535,8.58,0.5432,3.0,-99.0,-1.383999943733215,2.086363645634731,0.025636535
41302,9.76,0.6102,1.5,0.1759999990463256,-0.8199999928474426,1.6958600389872902,0.32930368
41302,9.76,0.6102,1.5,0.1759999990463256,-0.8199999928474426,1.6958600389872902,0.32930368
106717,10.19,0.2961,3.0,0.2669999897480011,-0.7400000095367432,1.5114368506909526,1.0685014
106717,10.19,0.2961,3.0,0.2669999897480011,-0.7400000095367432,1.5114368506909526,1.1063188
106717,10.19,0.2961,3.0,0.2269999980926513,-0.7200000286102295,1.6958600389872902,1.0685014
106717,10.19,0.2961,3.0,0.2269999980926513,-0.7200000286102295,1.6958600389872902,1.1063188
106717,10.19,0.2961,3.0,0.2669999897480011,-0.7400000095367432,1.5114368506909526,1.0685014
106717,10.19,0.2961,3.0,0.2669999897480011,-0.7400000095367432,1.5114368506909526,1.1063188
106717,10.19,0.2961,3.0,0.2269999980926513,-0.7200000286102295,1.6958600389872902,1.0685014
106717,10.19,0.2961,3.0,0.2269999980926513,-0.7200000286102295,1.6958600389872902,1.1063188
623726,8.64,0.6779,3.0,-99.0,-1.243000030517578,1.9471078453151025,0.009926742
623726,8.64,0.6779,3.0,-99.0,-1.243000030517578,1.9471078453151025,0.009926742
47652,9.43,0.143,3.0,0.0140000004321336,-0.5789999961853027,1.4434109866494478,0.21297711
47652,9.43,0.143,3.0,0.0140000004321336,-0.5789999961853027,1.4434109866494478,0.21297711
78406,8.99,0.1499,3.0,-99.0,-1.807000041007996,3.796557717334176,0.03499303
78406,8.99,0.1499,3.0,-99.0,-1.807000041007996,3.796557717334176,0.031114182
78406,8.99,0.1499,3.0,-0.0370000004768371,-1.7059999704360962,3.710137512885986,0.03499303
78406,8.99,0.1499,3.0,-0.0370000004768371,-1.7059999704360962,3.710137512885986,0.031114182
78406,8.99,0.1499,3.0,-99.0,-1.807000041007996,3.796557717334176,0.03499303
78406,8.99,0.1499,3.0,-99.0,-1.807000041007996,3.796557717334176,0.031114182
78406,8.99,0.1499,3.0,-0.0370000004768371,-1.7059999704360962,3.710137512885986,0.03499303
78406,8.99,0.1499,3.0,-0.0370000004768371,-1.7059999704360962,3.710137512885986,0.031114182
386286,8.22,0.2427,3.0,0.296999990940094,-1.0219999551773071,4.5644663175231495,0.0049534086
386286,8.22,0.2427,3.0,0.296999990940094,-1.0219999551773071,4.5644663175231495,0.0049534086
485646,7.69,0.5171,3.0,-0.1480000019073486,-1.8669999837875368,3.796557717334176,0.0035832366
485646,7.69,0.5171,3.0,-0.1480000019073486,-1.8669999837875368,3.796557717334176,0.0035832366
573756,8.55,0.8345,3.0,-99.0,-1.383999943733215,1.3164064654697047,0.009953415
573756,8.55,0.8345,3.0,-99.0,-1.383999943733215,1.3164064654697047,0.009953415
600974,10.03,0.1433,3.0,-0.0270000007003545,-0.9409999847412108,1.5114368506909526,0.8641189
600974,10.03,0.1433,3.0,-0.0270000007003545,-0.9409999847412108,1.5114368506909526,0.8641189
491608,8.49,0.5741,3.0,-99.0,-1.6260000467300415,1.2571584147142514,0.014438781
491608,8.49,0.5741,3.0,-99.0,-1.6260000467300415,1.2571584147142514,0.014438781
417392,8.88,0.5398,3.0,-0.238999992609024,-1.444000005722046,3.1578391641788226,0.032948002
417392,8.88,0.5398,3.0,-0.238999992609024,-1.444000005722046,3.1578391641788226,0.032948002
419205,8.42,0.1549,3.0,-0.1379999965429306,-1.524999976158142,3.710137512885986,0.010748911
419205,8.42,0.1549,3.0,-0.1379999965429306,-1.524999976158142,3.710137512885986,0.010748911
278554,9.0,0.0865,3.0,-99.0,-1.121999979019165,3.796557717334176,0.06233238
278554,9.0,0.0865,3.0,-99.0,-1.121999979019165,3.796557717334176,0.06233238
55905,8.9,0.5304,3.0,0.0949999988079071,-1.062000036239624,1.775783460322303,0.03666277
55905,8.9,0.5304,3.0,0.0949999988079071,-1.062000036239624,1.775783460322303,0.03666277
521898,8.46,0.0941,3.0,-99.0,-1.6260000467300415,2.56678803778268,0.015328895
521898,8.46,0.0941,3.0,-99.0,-1.6260000467300415,2.56678803778268,0.015328895
273986,8.27,0.1383,3.0,-99.0,-99.0,-99.0,0.0018808217
273986,8.27,0.1383,3.0,-99.0,-99.0,-99.0,0.0018808217
69864,8.7,0.686,3.0,0.3989999890327453,-1.2630000114440918,1.8171467707558813,0.0107546775
69864,8.7,0.686,3.0,0.3989999890327453,-1.2630000114440918,1.8171467707558813,0.0107546775
216143,8.27,0.3838,3.0,0.4699999988079071,-1.7869999408721924,2.750362934937096,0.012483858
216143,8.27,0.3838,3.0,0.4699999988079071,-1.7869999408721924,2.750362934937096,0.012483858
592401,8.29,0.2241,3.0,-99.0,-1.2630000114440918,1.8594735564600955,0.010348185
592401,8.29,0.2241,3.0,-99.0,-1.2630000114440918,1.8594735564600955,0.0122816535
592401,8.29,0.2241,3.0,0.3479999899864197,-1.2029999494552612,1.8594735564600955,0.010348185
592401,8.29,0.2241,3.0,0.3479999899864197,-1.2029999494552612,1.8594735564600955,0.0122816535
592401,8.29,0.2241,3.0,-99.0,-1.2630000114440918,1.8594735564600955,0.010348185
592401,8.29,0.2241,3.0,-99.0,-1.2630000114440918,1.8594735564600955,0.0122816535
592401,8.29,0.2241,3.0,0.3479999899864197,-1.2029999494552612,1.8594735564600955,0.010348185
592401,8.29,0.2241,3.0,0.3479999899864197,-1.2029999494552612,1.8594735564600955,0.0122816535
63302,10.47,0.71,2.5,0.0649999976158142,-0.1560000032186508,2.184690934959677,0.53914607
63302,10.47,0.71,2.5,0.0649999976158142,-0.1560000032186508,2.184690934959677,0.53914607
386402,10.48,0.126,2.0,-0.006000000052154,0.0049999998882412,1.4770323476194291,0.7156773
386402,10.48,0.126,2.0,-0.006000000052154,0.0049999998882412,1.4770323476194291,0.7156773
622770,10.01,0.4831,1.5,0.125,-0.3970000147819519,1.4770323476194291,0.49269316
622770,10.01,0.4831,1.5,0.125,-0.3970000147819519,1.4770323476194291,0.49269316
203684,9.19,0.458,3.0,-0.0570000000298023,-1.5049999952316284,1.3470695111082254,0.08522325
203684,9.19,0.458,3.0,-0.0570000000298023,-1.5049999952316284,1.3470695111082254,0.08522325
185532,9.28,0.1218,3.0,-0.1379999965429306,-1.0820000171661377,1.8171467707558813,0.033688948
185532,9.28,0.1218,3.0,-0.1379999965429306,-1.0820000171661377,1.8171467707558813,0.036915496
185532,9.28,0.1218,3.0,-0.1379999965429306,-1.0820000171661377,1.8171467707558813,0.02891182
185532,9.28,0.1218,3.0,-0.1379999965429306,-1.0820000171661377,1.8171467707558813,0.029414402
185532,9.28,0.1218,3.0,0.3079999983310699,-1.0219999551773071,3.625684472456604,0.033688948
185532,9.28,0.1218,3.0,0.3079999983310699,-1.0219999551773071,3.625684472456604,0.036915496
185532,9.28,0.1218,3.0,0.3079999983310699,-1.0219999551773071,3.625684472456604,0.02891182
185532,9.28,0.1218,3.0,0.3079999983310699,-1.0219999551773071,3.625684472456604,0.029414402
185532,9.28,0.1218,3.0,-0.0769999995827674,-0.9010000228881836,2.184690934959677,0.033688948
185532,9.28,0.1218,3.0,-0.0769999995827674,-0.9010000228881836,2.184690934959677,0.036915496
185532,9.28,0.1218,3.0,-0.0769999995827674,-0.9010000228881836,2.184690934959677,0.02891182
185532,9.28,0.1218,3.0,-0.0769999995827674,-0.9010000228881836,2.184690934959677,0.029414402
185532,9.28,0.1218,3.0,0.1150000020861625,-0.9810000061988832,2.626576211733084,0.033688948
185532,9.28,0.1218,3.0,0.1150000020861625,-0.9810000061988832,2.626576211733084,0.036915496
185532,9.28,0.1218,3.0,0.1150000020861625,-0.9810000061988832,2.626576211733084,0.02891182
185532,9.28,0.1218,3.0,0.1150000020861625,-0.9810000061988832,2.626576211733084,0.029414402
185532,9.28,0.1218,3.0,-0.1379999965429306,-1.0820000171661377,1.8171467707558813,0.033688948
185532,9.28,0.1218,3.0,-0.1379999965429306,-1.0820000171661377,1.8171467707558813,0.036915496
185532,9.28,0.1218,3.0,-0.1379999965429306,-1.0820000171661377,1.8171467707558813,0.02891182
185532,9.28,0.1218,3.0,-0.1379999965429306,-1.0820000171661377,1.8171467707558813,0.029414402
185532,9.28,0.1218,3.0,0.3079999983310699,-1.0219999551773071,3.625684472456604,0.033688948
185532,9.28,0.1218,3.0,0.3079999983310699,-1.0219999551773071,3.625684472456604,0.036915496
185532,9.28,0.1218,3.0,0.3079999983310699,-1.0219999551773071,3.625684472456604,0.02891182
185532,9.28,0.1218,3.0,0.3079999983310699,-1.0219999551773071,3.625684472456604,0.029414402
185532,9.28,0.1218,3.0,-0.0769999995827674,-0.9010000228881836,2.184690934959677,0.033688948
185532,9.28,0.1218,3.0,-0.0769999995827674,-0.9010000228881836,2.184690934959677,0.036915496
185532,9.28,0.1218,3.0,-0.0769999995827674,-0.9010000228881836,2.184690934959677,0.02891182
185532,9.28,0.1218,3.0,-0.0769999995827674,-0.9010000228881836,2.184690934959677,0.029414402
185532,9.28,0.1218,3.0,0.1150000020861625,-0.9810000061988832,2.626576211733084,0.033688948
185532,9.28,0.1218,3.0,0.1150000020861625,-0.9810000061988832,2.626576211733084,0.036915496
185532,9.28,0.1218,3.0,0.1150000020861625,-0.9810000061988832,2.626576211733084,0.02891182
185532,9.28,0.1218,3.0,0.1150000020861625,-0.9810000061988832,2.626576211733084,0.029414402
288461,8.35,0.4137,3.0,0.0949999988079071,-1.807000041007996,1.8594735564600955,0.009254842
288461,8.35,0.4137,3.0,0.0949999988079071,-1.807000041007996,1.8594735564600955,0.009254842
240449,10.22,0.0868,3.0,0.3580000102519989,-1.0010000467300415,2.508360808825364,1.690834
240449,10.22,0.0868,3.0,0.3580000102519989,-1.0010000467300415,2.508360808825364,1.690834
30472,8.98,0.593,3.0,-99.0,-1.5049999952316284,1.775783460322303,0.0026312931
30472,8.98,0.593,3.0,-99.0,-1.5049999952316284,1.775783460322303,0.0033444366
30472,8.98,0.593,3.0,-99.0,-1.5049999952316284,1.775783460322303,0.002644671
30472,8.98,0.593,3.0,-99.0,-1.3639999628067017,2.395465975494956,0.0026312931
30472,8.98,0.593,3.0,-99.0,-1.3639999628067017,2.395465975494956,0.0033444366
30472,8.98,0.593,3.0,-99.0,-1.3639999628067017,2.395465975494956,0.002644671
30472,8.98,0.593,3.0,-99.0,-1.6059999465942385,1.9924618133258227,0.0026312931
30472,8.98,0.593,3.0,-99.0,-1.6059999465942385,1.9924618133258227,0.0033444366
30472,8.98,0.593,3.0,-99.0,-1.6059999465942385,1.9924618133258227,0.002644671
30472,8.98,0.593,3.0,-99.0,-1.5049999952316284,1.775783460322303,0.0026312931
30472,8.98,0.593,3.0,-99.0,-1.5049999952316284,1.775783460322303,0.0033444366
30472,8.98,0.593,3.0,-99.0,-1.5049999952316284,1.775783460322303,0.002644671
30472,8.98,0.593,3.0,-99.0,-1.3639999628067017,2.395465975494956,0.0026312931
30472,8.98,0.593,3.0,-99.0,-1.3639999628067017,2.395465975494956,0.0033444366
30472,8.98,0.593,3.0,-99.0,-1.3639999628067017,2.395465975494956,0.002644671
30472,8.98,0.593,3.0,-99.0,-1.6059999465942385,1.9924618133258227,0.0026312931
30472,8.98,0.593,3.0,-99.0,-1.6059999465942385,1.9924618133258227,0.0033444366
30472,8.98,0.593,3.0,-99.0,-1.6059999465942385,1.9924618133258227,0.002644671
324963,10.34,0.1552,2.0,-0.0270000007003545,-0.0350000001490116,2.086363645634731,0.3927771
324963,10.34,0.1552,2.0,-0.0270000007003545,-0.0350000001490116,2.086363645634731,0.3927771
298665,8.25,0.4765,3.0,0.3379999995231628,-1.9880000352859497,3.085957969027533,0.033539012
298665,8.25,0.4765,3.0,0.3379999995231628,-1.9880000352859497,3.085957969027533,0.03743347
298665,8.25,0.4765,3.0,-0.0160000007599592,-1.8270000219345093,3.085957969027533,0.033539012
298665,8.25,0.4765,3.0,-0.0160000007599592,-1.8270000219345093,3.085957969027533,0.03743347
298665,8.25,0.4765,3.0,0.3379999995231628,-1.9880000352859497,3.085957969027533,0.033539012
298665,8.25,0.4765,3.0,0.3379999995231628,-1.9880000352859497,3.085957969027533,0.03743347
298665,8.25,0.4765,3.0,-0.0160000007599592,-1.8270000219345093,3.085957969027533,0.033539012
298665,8.25,0.4765,3.0,-0.0160000007599592,-1.8270000219345093,3.085957969027533,0.03743347
544958,10.42,0.5483,2.5,0.2060000002384185,-0.3770000040531158,1.9471078453151025,0.5561705
544958,10.42,0.5483,2.5,0.2060000002384185,-0.3770000040531158,1.9471078453151025,0.5561705
278703,9.36,0.6769,3.0,0.1959999948740005,-0.9810000061988832,2.0388722109633184,0.094215125
278703,9.36,0.6769,3.0,0.1959999948740005,-0.9810000061988832,2.0388722109633184,0.094215125
504922,10.02,0.7838,-9.0,0.0850000008940696,-0.1560000032186508,2.750362934937096,0.2463189
504922,10.02,0.7838,-9.0,0.0850000008940696,-0.1560000032186508,2.750362934937096,0.2463189
550330,9.4,0.7921,3.0,-0.1780000030994415,-1.1019999980926514,1.775783460322303,0.16430782
550330,9.4,0.7921,3.0,-0.1780000030994415,-1.1019999980926514,1.775783460322303,0.16430782
537240,9.51,0.6163,3.0,-0.1180000007152557,-1.162999987602234,2.508360808825364,0.19796817
537240,9.51,0.6163,3.0,-0.1180000007152557,-1.162999987602234,2.508360808825364,0.19796817
79710,9.18,0.3955,3.0,-99.0,-1.6660000085830688,1.200576965506572,0.036353856
79710,9.18,0.3955,3.0,-99.0,-1.6660000085830688,1.200576965506572,0.036353856
377597,10.08,0.82,2.5,0.0040000001899898,-0.1959999948740005,1.3164064654697047,0.16857396
377597,10.08,0.82,2.5,0.0040000001899898,-0.1959999948740005,1.3164064654697047,0.16857396
238125,9.5,0.8247,3.0,0.125,-1.0010000467300415,2.0388722109633184,0.2368453
238125,9.5,0.8247,3.0,0.125,-1.0010000467300415,2.0388722109633184,0.18183479
238125,9.5,0.8247,3.0,0.125,-1.0010000467300415,2.0388722109633184,0.23609662
238125,9.5,0.8247,3.0,0.0540000014007091,-1.0820000171661377,2.508360808825364,0.2368453
238125,9.5,0.8247,3.0,0.0540000014007091,-1.0820000171661377,2.508360808825364,0.18183479
238125,9.5,0.8247,3.0,0.0540000014007091,-1.0820000171661377,2.508360808825364,0.23609662
238125,9.5,0.8247,3.0,0.1659999936819076,-1.0820000171661377,1.8594735564600955,0.2368453
238125,9.5,0.8247,3.0,0.1659999936819076,-1.0820000171661377,1.8594735564600955,0.18183479
238125,9.5,0.8247,3.0,0.1659999936819076,-1.0820000171661377,1.8594735564600955,0.23609662
238125,9.5,0.8247,3.0,0.125,-1.0010000467300415,2.0388722109633184,0.2368453
238125,9.5,0.8247,3.0,0.125,-1.0010000467300415,2.0388722109633184,0.18183479
238125,9.5,0.8247,3.0,0.125,-1.0010000467300415,2.0388722109633184,0.23609662
238125,9.5,0.8247,3.0,0.0540000014007091,-1.0820000171661377,2.508360808825364,0.2368453
238125,9.5,0.8247,3.0,0.0540000014007091,-1.0820000171661377,2.508360808825364,0.18183479
238125,9.5,0.8247,3.0,0.0540000014007091,-1.0820000171661377,2.508360808825364,0.23609662
238125,9.5,0.8247,3.0,0.1659999936819076,-1.0820000171661377,1.8594735564600955,0.2368453
238125,9.5,0.8247,3.0,0.1659999936819076,-1.0820000171661377,1.8594735564600955,0.18183479
238125,9.5,0.8247,3.0,0.1659999936819076,-1.0820000171661377,1.8594735564600955,0.23609662
205151,9.6,0.8836,2.5,-99.0,-1.3040000200271606,7.234191593860486,0.006927076
205151,9.6,0.8836,2.5,-99.0,-1.3040000200271606,7.234191593860486,0.006927076
9163,9.22,0.4474,3.0,-0.0869999974966049,-1.2630000114440918,3.884990906937478,0.027372558
9163,9.22,0.4474,3.0,-0.0869999974966049,-1.2630000114440918,3.884990906937478,0.027372558
383033,8.47,0.3118,3.0,-99.0,-1.383999943733215,3.625684472456604,0.0137863085
383033,8.47,0.3118,3.0,-99.0,-1.383999943733215,3.625684472456604,0.0137863085
496966,10.38,0.7671,3.0,0.1560000032186508,-0.0949999988079071,1.6958600389872902,0.54301167
496966,10.38,0.7671,3.0,0.1560000032186508,-0.0949999988079071,1.6958600389872902,0.54301167
143814,9.34,0.6064,3.0,-0.3000000119209289,-1.9079999923706052,3.085957969027533,0.33402786
143814,9.34,0.6064,3.0,-0.3000000119209289,-1.9079999923706052,3.085957969027533,0.33402786
186717,8.93,0.2348,3.0,-0.006000000052154,-1.162999987602234,2.287652246664289,0.011876441
186717,8.93,0.2348,3.0,-0.006000000052154,-1.162999987602234,2.287652246664289,0.011876441
298572,10.24,0.741,2.5,0.0949999988079071,-0.6190000176429749,1.9471078453151025,0.9354746
298572,10.24,0.741,2.5,0.0949999988079071,-0.6190000176429749,1.9471078453151025,0.9451945
298572,10.24,0.741,2.5,0.0649999976158142,-0.5789999961853027,2.086363645634731,0.9354746
298572,10.24,0.741,2.5,0.0649999976158142,-0.5789999961853027,2.086363645634731,0.9451945
298572,10.24,0.741,2.5,0.0949999988079071,-0.6190000176429749,1.9471078453151025,0.9354746
298572,10.24,0.741,2.5,0.0949999988079071,-0.6190000176429749,1.9471078453151025,0.9451945
298572,10.24,0.741,2.5,0.0649999976158142,-0.5789999961853027,2.086363645634731,0.9354746
298572,10.24,0.741,2.5,0.0649999976158142,-0.5789999961853027,2.086363645634731,0.9451945
567586,8.63,0.2946,3.0,-99.0,-0.800000011920929,2.8799835466736923,0.0047140727
567586,8.63,0.2946,3.0,-99.0,-0.800000011920929,2.8799835466736923,0.0047140727
184283,8.79,0.5473,3.0,-99.0,-1.162999987602234,2.0388722109633184,0.008612479
184283,8.79,0.5473,3.0,-99.0,-1.162999987602234,2.0388722109633184,0.008612479
535974,9.27,0.3972,3.0,0.1560000032186508,-1.2230000495910645,1.2571584147142514,0.16830678
535974,9.27,0.3972,3.0,0.1560000032186508,-1.2230000495910645,1.2571584147142514,0.16830678
209414,9.04,0.4544,3.0,-0.3000000119209289,-1.807000041007996,2.750362934937096,0.035726868
209414,9.04,0.4544,3.0,-0.3000000119209289,-1.807000041007996,2.750362934937096,0.035726868
575579,10.13,0.6757,3.0,-99.0,-1.9479999542236328,3.625684472456604,0.021001816
575579,10.13,0.6757,3.0,-99.0,-1.9479999542236328,3.625684472456604,0.021001816
551202,9.96,0.725,3.0,-0.0570000000298023,-0.8600000143051147,1.6572575516299524,0.7116563
551202,9.96,0.725,3.0,-0.0570000000298023,-0.8600000143051147,1.6572575516299524,0.7116563
543812,9.37,0.5113,3.0,-0.3000000119209289,-1.72599995136261,1.3164064654697047,0.11618708
543812,9.37,0.5113,3.0,-0.3000000119209289,-1.72599995136261,1.3164064654697047,0.11618708
79734,9.27,0.4362,3.0,0.3479999899864197,-1.2029999494552612,1.6958600389872902,0.20437594
79734,9.27,0.4362,3.0,0.3479999899864197,-1.2029999494552612,1.6958600389872902,0.19754036
79734,9.27,0.4362,3.0,0.3479999899864197,-1.2029999494552612,1.6958600389872902,0.22712454
79734,9.27,0.4362,3.0,-0.1480000019073486,-1.7059999704360962,2.395465975494956,0.20437594
79734,9.27,0.4362,3.0,-0.1480000019073486,-1.7059999704360962,2.395465975494956,0.19754036
79734,9.27,0.4362,3.0,-0.1480000019073486,-1.7059999704360962,2.395465975494956,0.22712454
79734,9.27,0.4362,3.0,0.0750000029802322,-1.2829999923706057,1.6958600389872902,0.20437594
79734,9.27,0.4362,3.0,0.0750000029802322,-1.2829999923706057,1.6958600389872902,0.19754036
79734,9.27,0.4362,3.0,0.0750000029802322,-1.2829999923706057,1.6958600389872902,0.22712454
79734,9.27,0.4362,3.0,0.3479999899864197,-1.2029999494552612,1.6958600389872902,0.20437594
79734,9.27,0.4362,3.0,0.3479999899864197,-1.2029999494552612,1.6958600389872902,0.19754036
79734,9.27,0.4362,3.0,0.3479999899864197,-1.2029999494552612,1.6958600389872902,0.22712454
79734,9.27,0.4362,3.0,-0.1480000019073486,-1.7059999704360962,2.395465975494956,0.20437594
79734,9.27,0.4362,3.0,-0.1480000019073486,-1.7059999704360962,2.395465975494956,0.19754036
79734,9.27,0.4362,3.0,-0.1480000019073486,-1.7059999704360962,2.395465975494956,0.22712454
79734,9.27,0.4362,3.0,0.0750000029802322,-1.2829999923706057,1.6958600389872902,0.20437594
79734,9.27,0.4362,3.0,0.0750000029802322,-1.2829999923706057,1.6958600389872902,0.19754036
79734,9.27,0.4362,3.0,0.0750000029802322,-1.2829999923706057,1.6958600389872902,0.22712454
239560,10.16,0.8159,2.5,0.0340000018477439,-0.296999990940094,1.8594735564600955,0.50307786
239560,10.16,0.8159,2.5,0.0340000018477439,-0.296999990940094,1.8594735564600955,0.50307786
376379,9.16,0.7847,3.0,0.3179999887943268,-1.2230000495910645,2.508360808825364,0.065346226
376379,9.16,0.7847,3.0,0.3179999887943268,-1.2230000495910645,2.508360808825364,0.065346226
492414,10.1,0.0237,3.0,0.0040000001899898,-0.800000011920929,1.6958600389872902,0.6547226
492414,10.1,0.0237,3.0,0.0040000001899898,-0.800000011920929,1.6958600389872902,0.6547226
594906,9.77,0.3057,3.0,0.2469999939203262,-0.9010000228881836,2.086363645634731,0.6150729
594906,9.77,0.3057,3.0,0.2469999939203262,-0.9010000228881836,2.086363645634731,0.6150729
536784,8.59,0.8332,3.0,-99.0,-1.524999976158142,2.235578924043527,0.0048165494
536784,8.59,0.8332,3.0,-99.0,-1.524999976158142,2.235578924043527,0.0048165494
376163,9.09,0.2113,3.0,0.2469999939203262,-0.9010000228881836,2.0388722109633184,0.023535669
376163,9.09,0.2113,3.0,0.2469999939203262,-0.9010000228881836,2.0388722109633184,0.023535669
15847,9.56,0.5034,3.0,0.3079999983310699,-1.1829999685287476,2.134961297927347,0.44186655
15847,9.56,0.5034,3.0,0.3079999983310699,-1.1829999685287476,2.134961297927347,0.44186655
144176,9.3,0.6931,3.0,-0.0370000004768371,-0.7400000095367432,1.9924618133258227,0.05531477
144176,9.3,0.6931,3.0,-0.0370000004768371,-0.7400000095367432,1.9924618133258227,0.05531477
79635,10.46,0.4036,2.5,-0.0970000028610229,-0.0949999988079071,1.6958600389872902,0.7192743
79635,10.46,0.4036,2.5,-0.0970000028610229,-0.0949999988079071,1.6958600389872902,0.7192743
382731,10.61,0.7422,2.5,0.0040000001899898,-0.2560000121593475,1.1732484973152024,1.0707783
382731,10.61,0.7422,2.5,0.0040000001899898,-0.2560000121593475,1.1732484973152024,1.0707783
272996,8.76,0.4891,3.0,0.4900000095367431,-1.0420000553131104,5.240708532664743,0.031939972
272996,8.76,0.4891,3.0,0.4900000095367431,-1.0420000553131104,5.240708532664743,0.031939972
41075,8.51,0.7946,3.0,0.1049999967217445,-1.3040000200271606,1.2571584147142514,0.011093017
41075,8.51,0.7946,3.0,0.1049999967217445,-1.3040000200271606,1.2571584147142514,0.011093017
144073,10.6,0.7485,3.0,-0.0769999995827674,-0.0549999997019767,1.4770323476194291,1.6122936
144073,10.6,0.7485,3.0,-0.0769999995827674,-0.0549999997019767,1.4770323476194291,1.6122936
517247,10.2,0.8305,2.5,0.1150000020861625,-0.5379999876022339,2.134961297927347,0.3524365
517247,10.2,0.8305,2.5,0.1150000020861625,-0.5379999876022339,2.134961297927347,0.3524365
323855,10.47,0.2075,2.5,0.0850000008940696,-0.2560000121593475,1.6958600389872902,0.6326673
323855,10.47,0.2075,2.5,0.0850000008940696,-0.2560000121593475,1.6958600389872902,0.6326673
14555,8.92,0.4631,3.0,0.0040000001899898,-1.6859999895095823,2.287652246664289,0.09921576
14555,8.92,0.4631,3.0,0.0040000001899898,-1.6859999895095823,2.287652246664289,0.09921576
220578,8.98,0.4083,3.0,0.1560000032186508,-1.0010000467300415,2.3409385127868907,0.062600024
220578,8.98,0.4083,3.0,0.1560000032186508,-1.0010000467300415,2.3409385127868907,0.062600024
40453,9.59,0.6114,3.0,0.135000005364418,-0.7200000286102295,1.775783460322303,0.11084773
40453,9.59,0.6114,3.0,0.135000005364418,-0.7200000286102295,1.775783460322303,0.11084773
594970,9.08,0.5434,3.0,-99.0,-0.9010000228881836,1.9924618133258227,0.013965166
594970,9.08,0.5434,3.0,-99.0,-0.9010000228881836,1.9924618133258227,0.013965166
214182,9.53,0.747,3.0,0.0439999997615814,-0.7400000095367432,2.0388722109633184,0.05067163
214182,9.53,0.747,3.0,0.0439999997615814,-0.7400000095367432,2.0388722109633184,0.05067163
346861,9.82,0.3314,3.0,-0.1889999955892563,-0.7400000095367432,1.9471078453151025,0.17563976
346861,9.82,0.3314,3.0,-0.1889999955892563,-0.7400000095367432,1.9471078453151025,0.17563976
372568,10.1,0.8331,2.5,0.0649999976158142,-0.1360000073909759,4.259807821671483,0.085010074
372568,10.1,0.8331,2.5,0.0649999976158142,-0.1360000073909759,4.259807821671483,0.085010074
491460,9.43,0.6056,3.0,0.0439999997615814,-0.6190000176429749,2.8799835466736923,0.024784565
491460,9.43,0.6056,3.0,0.0439999997615814,-0.6190000176429749,2.8799835466736923,0.024784565
594674,9.15,0.1793,3.0,0.4390000104904175,-2.1689999103546143,2.56678803778268,0.16492221
594674,9.15,0.1793,3.0,0.4390000104904175,-2.1689999103546143,2.56678803778268,0.16492221
600417,10.42,0.7937,2.0,0.1150000020861625,-0.6790000200271606,2.0388722109633184,1.1737931
600417,10.42,0.7937,2.0,0.1150000020861625,-0.6790000200271606,2.0388722109633184,1.1737931
298106,8.67,0.6782,3.0,-99.0,-1.3040000200271606,2.287652246664289,0.011929641
298106,8.67,0.6782,3.0,-99.0,-1.3040000200271606,2.287652246664289,0.011929641
220170,8.99,0.7565,3.0,-0.1280000060796737,-1.162999987602234,3.1578391641788226,0.024718948
220170,8.99,0.7565,3.0,-0.1280000060796737,-1.162999987602234,3.1578391641788226,0.024718948
210909,8.44,0.4937,3.0,-0.3000000119209289,-2.0280001163482666,3.1578391641788226,0.033146784
210909,8.44,0.4937,3.0,-0.3000000119209289,-2.0280001163482666,3.1578391641788226,0.033146784
65278,9.12,0.6531,3.0,0.5,-1.3240000009536743,1.775783460322303,0.036823194
65278,9.12,0.6531,3.0,0.5,-1.3240000009536743,1.775783460322303,0.036823194
288424,8.29,0.5804,3.0,0.2160000056028366,-1.8270000219345093,1.200576965506572,0.003719321
288424,8.29,0.5804,3.0,0.2160000056028366,-1.8270000219345093,1.200576965506572,0.003719321
55227,8.33,0.3326,3.0,-99.0,-1.524999976158142,2.0388722109633184,0.00870955
55227,8.33,0.3326,3.0,-99.0,-1.524999976158142,2.0388722109633184,0.00870955
204868,9.49,0.1889,5.0,0.4799999892711639,-0.9409999847412108,5.240708532664743,0.10875838
204868,9.49,0.1889,5.0,0.4799999892711639,-0.9409999847412108,5.240708532664743,0.10875838
537417,8.96,0.3154,3.0,0.0240000002086162,-1.0820000171661377,1.9471078453151025,0.021429216
537417,8.96,0.3154,3.0,0.0240000002086162,-1.0820000171661377,1.9471078453151025,0.023947258
537417,8.96,0.3154,3.0,0.0240000002086162,-1.0820000171661377,1.9471078453151025,0.019293943
537417,8.96,0.3154,3.0,0.0240000002086162,-1.0820000171661377,1.9471078453151025,0.020383894
537417,8.96,0.3154,3.0,0.1860000044107437,-0.9610000252723694,1.9924618133258227,0.021429216
537417,8.96,0.3154,3.0,0.1860000044107437,-0.9610000252723694,1.9924618133258227,0.023947258
537417,8.96,0.3154,3.0,0.1860000044107437,-0.9610000252723694,1.9924618133258227,0.019293943
537417,8.96,0.3154,3.0,0.1860000044107437,-0.9610000252723694,1.9924618133258227,0.020383894
537417,8.96,0.3154,3.0,0.3379999995231628,-1.5449999570846558,3.1578391641788226,0.021429216
537417,8.96,0.3154,3.0,0.3379999995231628,-1.5449999570846558,3.1578391641788226,0.023947258
537417,8.96,0.3154,3.0,0.3379999995231628,-1.5449999570846558,3.1578391641788226,0.019293943
537417,8.96,0.3154,3.0,0.3379999995231628,-1.5449999570846558,3.1578391641788226,0.020383894
537417,8.96,0.3154,3.0,0.2370000034570694,-0.800000011920929,1.9471078453151025,0.021429216
537417,8.96,0.3154,3.0,0.2370000034570694,-0.800000011920929,1.9471078453151025,0.023947258
537417,8.96,0.3154,3.0,0.2370000034570694,-0.800000011920929,1.9471078453151025,0.019293943
537417,8.96,0.3154,3.0,0.2370000034570694,-0.800000011920929,1.9471078453151025,0.020383894
537417,8.96,0.3154,3.0,0.0240000002086162,-1.0820000171661377,1.9471078453151025,0.021429216
537417,8.96,0.3154,3.0,0.0240000002086162,-1.0820000171661377,1.9471078453151025,0.023947258
537417,8.96,0.3154,3.0,0.0240000002086162,-1.0820000171661377,1.9471078453151025,0.019293943
537417,8.96,0.3154,3.0,0.0240000002086162,-1.0820000171661377,1.9471078453151025,0.020383894
537417,8.96,0.3154,3.0,0.1860000044107437,-0.9610000252723694,1.9924618133258227,0.021429216
537417,8.96,0.3154,3.0,0.1860000044107437,-0.9610000252723694,1.9924618133258227,0.023947258
537417,8.96,0.3154,3.0,0.1860000044107437,-0.9610000252723694,1.9924618133258227,0.019293943
537417,8.96,0.3154,3.0,0.1860000044107437,-0.9610000252723694,1.9924618133258227,0.020383894
537417,8.96,0.3154,3.0,0.3379999995231628,-1.5449999570846558,3.1578391641788226,0.021429216
537417,8.96,0.3154,3.0,0.3379999995231628,-1.5449999570846558,3.1578391641788226,0.023947258
537417,8.96,0.3154,3.0,0.3379999995231628,-1.5449999570846558,3.1578391641788226,0.019293943
537417,8.96,0.3154,3.0,0.3379999995231628,-1.5449999570846558,3.1578391641788226,0.020383894
537417,8.96,0.3154,3.0,0.2370000034570694,-0.800000011920929,1.9471078453151025,0.021429216
537417,8.96,0.3154,3.0,0.2370000034570694,-0.800000011920929,1.9471078453151025,0.023947258
537417,8.96,0.3154,3.0,0.2370000034570694,-0.800000011920929,1.9471078453151025,0.019293943
537417,8.96,0.3154,3.0,0.2370000034570694,-0.800000011920929,1.9471078453151025,0.020383894
252074,8.58,0.4201,3.0,-99.0,-1.2230000495910645,4.89091377733286,0.0056339623
252074,8.58,0.4201,3.0,-99.0,-1.2230000495910645,4.89091377733286,0.0056339623
561891,9.39,0.6951,3.0,0.135000005364418,-0.6990000009536743,1.5114368506909526,0.07430724
561891,9.39,0.6951,3.0,0.135000005364418,-0.6990000009536743,1.5114368506909526,0.07430724
227134,8.33,0.5496,3.0,-99.0,-2.190000057220459,2.8799835466736923,0.008442757
227134,8.33,0.5496,3.0,-99.0,-2.190000057220459,2.8799835466736923,0.008442757
8562,8.42,0.2816,3.0,-99.0,-2.108999967575073,2.8799835466736923,0.0054138536
8562,8.42,0.2816,3.0,-99.0,-2.108999967575073,2.8799835466736923,0.0054138536
324799,8.67,0.3631,3.0,-0.0970000028610229,-1.0820000171661377,1.0949392060230196,0.021949124
324799,8.67,0.3631,3.0,-0.0970000028610229,-1.0820000171661377,1.0949392060230196,0.021949124
347522,10.29,0.8694,3.0,0.2669999897480011,-0.6790000200271606,4.259807821671483,0.45407003
347522,10.29,0.8694,3.0,0.2669999897480011,-0.6790000200271606,4.259807821671483,0.45407003
491552,9.09,0.5869,3.0,-99.0,-1.1419999599456787,1.8594735564600955,0.039602216
491552,9.09,0.5869,3.0,-99.0,-1.1419999599456787,1.8594735564600955,0.039602216
486213,9.02,0.4073,3.0,-0.0160000007599592,-0.9610000252723694,3.543153817926126,0.036606263
486213,9.02,0.4073,3.0,-0.0160000007599592,-0.9610000252723694,3.543153817926126,0.036606263
617655,9.07,0.1428,3.0,-0.0769999995827674,-1.0820000171661377,2.395465975494956,0.031792782
617655,9.07,0.1428,3.0,-0.0769999995827674,-1.0820000171661377,2.395465975494956,0.031792782
506038,9.07,0.6511,3.0,0.5,-1.243000030517578,1.775783460322303,0.16378157
506038,9.07,0.6511,3.0,0.5,-1.243000030517578,1.775783460322303,0.15638174
506038,9.07,0.6511,3.0,0.2060000002384185,-1.72599995136261,2.508360808825364,0.16378157
506038,9.07,0.6511,3.0,0.2060000002384185,-1.72599995136261,2.508360808825364,0.15638174
506038,9.07,0.6511,3.0,0.5,-1.243000030517578,1.775783460322303,0.16378157
506038,9.07,0.6511,3.0,0.5,-1.243000030517578,1.775783460322303,0.15638174
506038,9.07,0.6511,3.0,0.2060000002384185,-1.72599995136261,2.508360808825364,0.16378157
506038,9.07,0.6511,3.0,0.2060000002384185,-1.72599995136261,2.508360808825364,0.15638174
418047,8.84,0.5448,3.0,-99.0,-1.0820000171661377,1.8594735564600955,0.010729029
418047,8.84,0.5448,3.0,-99.0,-1.0820000171661377,1.8594735564600955,0.010729029
47245,9.17,0.7775,3.0,0.135000005364418,-1.3040000200271606,2.8799835466736923,0.07519564
47245,9.17,0.7775,3.0,0.135000005364418,-1.3040000200271606,2.8799835466736923,0.07519564
179584,10.52,0.2012,2.5,0.0850000008940696,-0.3970000147819519,1.4434109866494478,1.3031186
179584,10.52,0.2012,2.5,0.0850000008940696,-0.3970000147819519,1.4434109866494478,1.3031186
49753,8.76,0.3969,3.0,0.5,-1.524999976158142,1.2571584147142514,0.031407855
49753,8.76,0.3969,3.0,0.5,-1.524999976158142,1.2571584147142514,0.031407855
543498,10.56,0.0189,2.0,0.1049999967217445,-0.1959999948740005,1.6958600389872902,1.5802668
543498,10.56,0.0189,2.0,0.1049999967217445,-0.1959999948740005,1.6958600389872902,1.5802668
611223,9.11,0.4514,3.0,0.0649999976158142,-0.6790000200271606,1.5114368506909526,0.030963665
611223,9.11,0.4514,3.0,0.0649999976158142,-0.6790000200271606,1.5114368506909526,0.030963665
609307,9.78,0.6985,2.5,-0.006000000052154,-0.5989999771118164,2.086363645634731,0.072284944
609307,9.78,0.6985,2.5,-0.006000000052154,-0.5989999771118164,2.086363645634731,0.072284944
297667,10.22,0.7474,2.5,-0.0270000007003545,-0.4779999852180481,1.775783460322303,0.6044235
297667,10.22,0.7474,2.5,-0.0270000007003545,-0.4779999852180481,1.775783460322303,0.6832602
297667,10.22,0.7474,2.5,-0.0270000007003545,-0.4779999852180481,1.775783460322303,0.6400282
297667,10.22,0.7474,2.5,0.0949999988079071,-0.3970000147819519,1.5826686749346417,0.6044235
297667,10.22,0.7474,2.5,0.0949999988079071,-0.3970000147819519,1.5826686749346417,0.6832602
297667,10.22,0.7474,2.5,0.0949999988079071,-0.3970000147819519,1.5826686749346417,0.6400282
297667,10.22,0.7474,2.5,0.0649999976158142,-0.2560000121593475,1.5466427375869445,0.6044235
297667,10.22,0.7474,2.5,0.0649999976158142,-0.2560000121593475,1.5466427375869445,0.6832602
297667,10.22,0.7474,2.5,0.0649999976158142,-0.2560000121593475,1.5466427375869445,0.6400282
297667,10.22,0.7474,2.5,-0.0270000007003545,-0.4779999852180481,1.775783460322303,0.6044235
297667,10.22,0.7474,2.5,-0.0270000007003545,-0.4779999852180481,1.775783460322303,0.6832602
297667,10.22,0.7474,2.5,-0.0270000007003545,-0.4779999852180481,1.775783460322303,0.6400282
297667,10.22,0.7474,2.5,0.0949999988079071,-0.3970000147819519,1.5826686749346417,0.6044235
297667,10.22,0.7474,2.5,0.0949999988079071,-0.3970000147819519,1.5826686749346417,0.6832602
297667,10.22,0.7474,2.5,0.0949999988079071,-0.3970000147819519,1.5826686749346417,0.6400282
297667,10.22,0.7474,2.5,0.0649999976158142,-0.2560000121593475,1.5466427375869445,0.6044235
297667,10.22,0.7474,2.5,0.0649999976158142,-0.2560000121593475,1.5466427375869445,0.6832602
297667,10.22,0.7474,2.5,0.0649999976158142,-0.2560000121593475,1.5466427375869445,0.6400282
300350,8.32,0.223,3.0,-99.0,-1.0820000171661377,3.085957969027533,0.0054730717
300350,8.32,0.223,3.0,-99.0,-1.0820000171661377,3.085957969027533,0.0054730717
86116,7.69,0.3767,3.0,-0.1480000019073486,-2.007999897003174,1.8594735564600955,0.0035130235
86116,7.69,0.3767,3.0,-0.1480000019073486,-2.007999897003174,1.8594735564600955,0.0035130235
296848,8.58,0.7698,3.0,-99.0,-99.0,-99.0,0.011607401
296848,8.58,0.7698,3.0,-99.0,-99.0,-99.0,0.011607401
278773,9.5,0.6575,5.0,0.3179999887943268,-0.2560000121593475,2.8799835466736923,0.008638349
278773,9.5,0.6575,5.0,0.3179999887943268,-0.2560000121593475,2.8799835466736923,0.008638349
505979,9.75,0.5494,2.5,-0.006000000052154,-0.6990000009536743,1.6958600389872902,0.28080508
505979,9.75,0.5494,2.5,-0.006000000052154,-0.6990000009536743,1.6958600389872902,0.28080508
297557,8.41,0.6562,3.0,-99.0,-1.746999979019165,3.306663538964836,0.0123307435
297557,8.41,0.6562,3.0,-99.0,-1.746999979019165,3.306663538964836,0.0123307435
320281,9.84,0.3908,3.0,-0.0270000007003545,-1.0420000553131104,1.5466427375869445,0.45128727
320281,9.84,0.3908,3.0,-0.0270000007003545,-1.0420000553131104,1.5466427375869445,0.45128727
618152,10.01,0.2923,3.0,0.0140000004321336,-0.2360000014305114,1.1204436164968088,0.29942158
618152,10.01,0.2923,3.0,0.0140000004321336,-0.2360000014305114,1.1204436164968088,0.29942158
623679,10.23,0.7647,2.5,0.0750000029802322,-0.2560000121593475,1.5114368506909526,0.38112074
623679,10.23,0.7647,2.5,0.0750000029802322,-0.2560000121593475,1.5114368506909526,0.38112074
229461,9.03,0.0979,3.0,-0.0970000028610229,-1.524999976158142,3.2313946874539026,0.028220238
229461,9.03,0.0979,3.0,-0.0970000028610229,-1.524999976158142,3.2313946874539026,0.028220238
40420,9.21,0.3577,3.0,0.1459999978542328,-1.3040000200271606,1.2571584147142514,0.08621929
40420,9.21,0.3577,3.0,0.1459999978542328,-1.3040000200271606,1.2571584147142514,0.08621929
220750,8.62,0.2987,3.0,-99.0,-1.3639999628067017,2.508360808825364,0.017117515
220750,8.62,0.2987,3.0,-99.0,-1.3639999628067017,2.508360808825364,0.017117515
323888,8.25,0.2618,3.0,-99.0,-1.6059999465942385,4.259807821671483,0.0022856873
323888,8.25,0.2618,3.0,-99.0,-1.6059999465942385,4.259807821671483,0.0022856873
186861,8.88,0.7776,3.0,0.2569999992847442,-1.2829999923706057,2.8799835466736923,0.030715508
186861,8.88,0.7776,3.0,0.2569999992847442,-1.2829999923706057,2.8799835466736923,0.030715508
548914,10.7,0.5971,2.0,-0.0570000000298023,-0.0750000029802322,2.4512635459709684,0.8174684
548914,10.7,0.5971,2.0,-0.0570000000298023,-0.0750000029802322,2.4512635459709684,0.8174684
300477,9.25,0.2552,3.0,-0.1379999965429306,-1.0219999551773071,2.8799835466736923,0.090792015
300477,9.25,0.2552,3.0,-0.1379999965429306,-1.0219999551773071,2.8799835466736923,0.090792015
491475,8.39,0.5225,3.0,-99.0,-99.0,-99.0,0.004109085
491475,8.39,0.5225,3.0,-99.0,-99.0,-99.0,0.004109085
138381,9.4,0.2599,3.0,0.2870000004768371,-0.9810000061988832,1.5826686749346417,0.29765496
138381,9.4,0.2599,3.0,0.2870000004768371,-0.9810000061988832,1.5826686749346417,0.29765496
37050,9.12,0.3042,3.0,-0.3000000119209289,-1.444000005722046,4.259807821671483,0.044273768
37050,9.12,0.3042,3.0,-0.3000000119209289,-1.444000005722046,4.259807821671483,0.044273768
559609,7.89,0.5596,3.0,-0.2800000011920929,-2.049000024795532,1.200576965506572,0.0034863274
559609,7.89,0.5596,3.0,-0.2800000011920929,-2.049000024795532,1.200576965506572,0.0034863274
485690,10.18,0.844,2.5,0.1459999978542328,-0.6589999794960022,2.184690934959677,0.5691084
485690,10.18,0.844,2.5,0.1459999978542328,-0.6589999794960022,2.184690934959677,0.5691084
518870,8.84,0.5763,3.0,0.0649999976158142,-1.2230000495910645,1.3164064654697047,0.043747123
518870,8.84,0.5763,3.0,0.0649999976158142,-1.2230000495910645,1.3164064654697047,0.043747123
402934,8.28,0.3628,3.0,-99.0,-1.0219999551773071,1.2285419954965675,0.006523229
402934,8.28,0.3628,3.0,-99.0,-1.0219999551773071,1.2285419954965675,0.006523229
30890,9.79,0.4347,3.0,-0.006000000052154,-0.8809999823570251,2.0388722109633184,0.25920227
30890,9.79,0.4347,3.0,-0.006000000052154,-0.8809999823570251,2.0388722109633184,0.25920227
324323,9.74,0.4804,3.0,-0.0370000004768371,-0.4169999957084656,1.775783460322303,0.16835609
324323,9.74,0.4804,3.0,-0.0370000004768371,-0.4169999957084656,1.775783460322303,0.16835609
323133,8.87,0.5321,3.0,-99.0,-1.9079999923706052,3.015712989638904,0.006555178
323133,8.87,0.5321,3.0,-99.0,-1.9079999923706052,3.015712989638904,0.006555178
320254,9.29,0.5603,3.0,0.2160000056028366,-1.6260000467300415,2.134961297927347,0.19182825
320254,9.29,0.5603,3.0,0.2160000056028366,-1.6260000467300415,2.134961297927347,0.19182825
31129,8.9,0.3062,3.0,-0.0270000007003545,-1.121999979019165,3.015712989638904,0.014902331
31129,8.9,0.3062,3.0,-0.0270000007003545,-1.121999979019165,3.015712989638904,0.014902331
492957,9.6,0.4894,3.0,-0.3000000119209289,-1.2029999494552612,1.8171467707558813,0.22580814
492957,9.6,0.4894,3.0,-0.3000000119209289,-1.2029999494552612,1.8171467707558813,0.22580814
105573,8.54,0.3875,3.0,0.125,-1.243000030517578,1.8171467707558813,0.022161184
105573,8.54,0.3875,3.0,0.125,-1.243000030517578,1.8171467707558813,0.022161184
203609,9.01,0.8018,3.0,0.2160000056028366,-1.1019999980926514,1.8171467707558813,0.04745616
203609,9.01,0.8018,3.0,0.2160000056028366,-1.1019999980926514,1.8171467707558813,0.04745616
229167,10.2,0.7033,2.5,0.0850000008940696,-0.5789999961853027,1.6195337641628855,0.65115863
229167,10.2,0.7033,2.5,0.0850000008940696,-0.5789999961853027,1.6195337641628855,0.6213879
229167,10.2,0.7033,2.5,0.1049999967217445,-0.5989999771118164,1.6195337641628855,0.65115863
229167,10.2,0.7033,2.5,0.1049999967217445,-0.5989999771118164,1.6195337641628855,0.6213879
229167,10.2,0.7033,2.5,0.0850000008940696,-0.5789999961853027,1.6195337641628855,0.65115863
229167,10.2,0.7033,2.5,0.0850000008940696,-0.5789999961853027,1.6195337641628855,0.6213879
229167,10.2,0.7033,2.5,0.1049999967217445,-0.5989999771118164,1.6195337641628855,0.65115863
229167,10.2,0.7033,2.5,0.1049999967217445,-0.5989999771118164,1.6195337641628855,0.6213879
197419,9.3,0.4049,3.0,0.1659999936819076,-1.2630000114440918,2.750362934937096,0.07114413
197419,9.3,0.4049,3.0,0.1659999936819076,-1.2630000114440918,2.750362934937096,0.07114413
106343,9.12,0.0257,3.0,0.0540000014007091,-0.6790000200271606,1.0949392060230196,0.021286618
106343,9.12,0.0257,3.0,0.0540000014007091,-0.6790000200271606,1.0949392060230196,0.021286618
31509,8.44,0.8059,3.0,-0.006000000052154,-1.1829999685287476,1.8594735564600955,0.009566167
31509,8.44,0.8059,3.0,-0.006000000052154,-1.1829999685287476,1.8594735564600955,0.009566167
178149,9.06,0.2009,3.0,0.3989999890327453,-1.0820000171661377,2.8144271175498585,
178149,9.06,0.2009,3.0,0.3989999890327453,-1.0820000171661377,2.8144271175498585,
543494,9.54,0.6547,3.0,0.2870000004768371,-1.2029999494552612,2.750362934937096,0.314831
543494,9.54,0.6547,3.0,0.2870000004768371,-1.2029999494552612,2.750362934937096,0.314831
239292,10.0,0.4923,0.5,0.0649999976158142,0.0860000029206276,1.5466427375869445,0.07353932
239292,10.0,0.4923,0.5,0.0649999976158142,0.0860000029206276,1.5466427375869445,0.076678135
239292,10.0,0.4923,0.5,0.0649999976158142,0.0659999996423721,1.5466427375869445,0.07353932
239292,10.0,0.4923,0.5,0.0649999976158142,0.0659999996423721,1.5466427375869445,0.076678135
239292,10.0,0.4923,0.5,0.0649999976158142,0.0860000029206276,1.5466427375869445,0.07353932
239292,10.0,0.4923,0.5,0.0649999976158142,0.0860000029206276,1.5466427375869445,0.076678135
239292,10.0,0.4923,0.5,0.0649999976158142,0.0659999996423721,1.5466427375869445,0.07353932
239292,10.0,0.4923,0.5,0.0649999976158142,0.0659999996423721,1.5466427375869445,0.076678135
551332,10.02,0.5144,2.5,0.1659999936819076,-0.3770000040531158,1.5826686749346417,0.2676491
551332,10.02,0.5144,2.5,0.1659999936819076,-0.3770000040531158,1.5826686749346417,0.2676491
296713,8.32,0.2809,3.0,-99.0,-1.121999979019165,3.710137512885986,0.0021648519
296713,8.32,0.2809,3.0,-99.0,-1.121999979019165,3.710137512885986,0.0017594576
296713,8.32,0.2809,3.0,-99.0,-1.121999979019165,3.710137512885986,0.002938753
296713,8.32,0.2809,3.0,-99.0,-0.9810000061988832,4.06808488757239,0.0021648519
296713,8.32,0.2809,3.0,-99.0,-0.9810000061988832,4.06808488757239,0.0017594576
296713,8.32,0.2809,3.0,-99.0,-0.9810000061988832,4.06808488757239,0.002938753
296713,8.32,0.2809,3.0,-99.0,-99.0,-99.0,0.0021648519
296713,8.32,0.2809,3.0,-99.0,-99.0,-99.0,0.0017594576
296713,8.32,0.2809,3.0,-99.0,-99.0,-99.0,0.002938753
296713,8.32,0.2809,3.0,-99.0,-1.121999979019165,3.710137512885986,0.0021648519
296713,8.32,0.2809,3.0,-99.0,-1.121999979019165,3.710137512885986,0.0017594576
296713,8.32,0.2809,3.0,-99.0,-1.121999979019165,3.710137512885986,0.002938753
296713,8.32,0.2809,3.0,-99.0,-0.9810000061988832,4.06808488757239,0.0021648519
296713,8.32,0.2809,3.0,-99.0,-0.9810000061988832,4.06808488757239,0.0017594576
296713,8.32,0.2809,3.0,-99.0,-0.9810000061988832,4.06808488757239,0.002938753
296713,8.32,0.2809,3.0,-99.0,-99.0,-99.0,0.0021648519
296713,8.32,0.2809,3.0,-99.0,-99.0,-99.0,0.0017594576
296713,8.32,0.2809,3.0,-99.0,-99.0,-99.0,0.002938753
183932,8.27,0.1625,3.0,-99.0,-1.162999987602234,2.395465975494956,0.003671599
183932,8.27,0.1625,3.0,-99.0,-1.162999987602234,2.395465975494956,0.00294089
183932,8.27,0.1625,3.0,-99.0,-1.1419999599456787,3.543153817926126,0.003671599
183932,8.27,0.1625,3.0,-99.0,-1.1419999599456787,3.543153817926126,0.00294089
183932,8.27,0.1625,3.0,-99.0,-1.162999987602234,2.395465975494956,0.003671599
183932,8.27,0.1625,3.0,-99.0,-1.162999987602234,2.395465975494956,0.00294089
183932,8.27,0.1625,3.0,-99.0,-1.1419999599456787,3.543153817926126,0.003671599
183932,8.27,0.1625,3.0,-99.0,-1.1419999599456787,3.543153817926126,0.00294089
583443,8.93,0.1535,3.0,-0.0160000007599592,-1.0010000467300415,1.8594735564600955,0.024317726
583443,8.93,0.1535,3.0,-0.0160000007599592,-1.0010000467300415,1.8594735564600955,0.024317726
56061,9.13,0.3087,3.0,-0.3000000119209289,-1.0010000467300415,1.9924618133258227,0.04742143
56061,9.13,0.3087,3.0,-0.3000000119209289,-1.0010000467300415,1.9924618133258227,0.04742143
387687,8.53,0.5024,3.0,0.3479999899864197,-1.2630000114440918,1.8171467707558813,0.009028262
387687,8.53,0.5024,3.0,0.3479999899864197,-1.2630000114440918,1.8171467707558813,0.009028262
272571,8.92,0.1867,3.0,0.2469999939203262,-1.2029999494552612,4.162842757456065,0.024714392
272571,8.92,0.1867,3.0,0.2469999939203262,-1.2029999494552612,4.162842757456065,0.024714392
227407,8.48,0.5242,3.0,-99.0,-99.0,-99.0,0.004206074
227407,8.48,0.5242,3.0,-99.0,-99.0,-99.0,0.0054964847
227407,8.48,0.5242,3.0,-99.0,-99.0,-99.0,0.0036821896
227407,8.48,0.5242,3.0,-99.0,-0.1150000020861625,1.9471078453151025,0.004206074
227407,8.48,0.5242,3.0,-99.0,-0.1150000020861625,1.9471078453151025,0.0054964847
227407,8.48,0.5242,3.0,-99.0,-0.1150000020861625,1.9471078453151025,0.0036821896
227407,8.48,0.5242,3.0,-99.0,-0.8809999823570251,2.626576211733084,0.004206074
227407,8.48,0.5242,3.0,-99.0,-0.8809999823570251,2.626576211733084,0.0054964847
227407,8.48,0.5242,3.0,-99.0,-0.8809999823570251,2.626576211733084,0.0036821896
227407,8.48,0.5242,3.0,-99.0,-99.0,-99.0,0.004206074
227407,8.48,0.5242,3.0,-99.0,-99.0,-99.0,0.0054964847
227407,8.48,0.5242,3.0,-99.0,-99.0,-99.0,0.0036821896
227407,8.48,0.5242,3.0,-99.0,-0.1150000020861625,1.9471078453151025,0.004206074
227407,8.48,0.5242,3.0,-99.0,-0.1150000020861625,1.9471078453151025,0.0054964847
227407,8.48,0.5242,3.0,-99.0,-0.1150000020861625,1.9471078453151025,0.0036821896
227407,8.48,0.5242,3.0,-99.0,-0.8809999823570251,2.626576211733084,0.004206074
227407,8.48,0.5242,3.0,-99.0,-0.8809999823570251,2.626576211733084,0.0054964847
227407,8.48,0.5242,3.0,-99.0,-0.8809999823570251,2.626576211733084,0.0036821896
278787,9.22,0.4535,3.0,0.0540000014007091,-1.0219999551773071,1.9471078453151025,0.034926895
278787,9.22,0.4535,3.0,0.0540000014007091,-1.0219999551773071,1.9471078453151025,0.034926895
39594,9.3,0.8158,3.0,0.0850000008940696,-1.3040000200271606,2.56678803778268,0.087884724
39594,9.3,0.8158,3.0,0.0850000008940696,-1.3040000200271606,2.56678803778268,0.087884724
508414,9.68,0.751,3.0,-0.3000000119209289,-1.7059999704360962,2.395465975494956,1.1492989
508414,9.68,0.751,3.0,-0.3000000119209289,-1.7059999704360962,2.395465975494956,1.1492989
318936,8.9,0.365,3.0,0.0240000002086162,-1.2230000495910645,1.8594735564600955,0.06924715
318936,8.9,0.365,3.0,0.0240000002086162,-1.2230000495910645,1.8594735564600955,0.067674614
318936,8.9,0.365,3.0,0.0240000002086162,-1.2230000495910645,1.8594735564600955,0.06887177
318936,8.9,0.365,3.0,-0.2899999916553497,-2.108999967575073,2.626576211733084,0.06924715
318936,8.9,0.365,3.0,-0.2899999916553497,-2.108999967575073,2.626576211733084,0.067674614
318936,8.9,0.365,3.0,-0.2899999916553497,-2.108999967575073,2.626576211733084,0.06887177
318936,8.9,0.365,3.0,-0.3000000119209289,-2.007999897003174,3.015712989638904,0.06924715
318936,8.9,0.365,3.0,-0.3000000119209289,-2.007999897003174,3.015712989638904,0.067674614
318936,8.9,0.365,3.0,-0.3000000119209289,-2.007999897003174,3.015712989638904,0.06887177
318936,8.9,0.365,3.0,0.0240000002086162,-1.2230000495910645,1.8594735564600955,0.06924715
318936,8.9,0.365,3.0,0.0240000002086162,-1.2230000495910645,1.8594735564600955,0.067674614
318936,8.9,0.365,3.0,0.0240000002086162,-1.2230000495910645,1.8594735564600955,0.06887177
318936,8.9,0.365,3.0,-0.2899999916553497,-2.108999967575073,2.626576211733084,0.06924715
318936,8.9,0.365,3.0,-0.2899999916553497,-2.108999967575073,2.626576211733084,0.067674614
318936,8.9,0.365,3.0,-0.2899999916553497,-2.108999967575073,2.626576211733084,0.06887177
318936,8.9,0.365,3.0,-0.3000000119209289,-2.007999897003174,3.015712989638904,0.06924715
318936,8.9,0.365,3.0,-0.3000000119209289,-2.007999897003174,3.015712989638904,0.067674614
318936,8.9,0.365,3.0,-0.3000000119209289,-2.007999897003174,3.015712989638904,0.06887177
585694,8.56,0.4006,3.0,0.2770000100135803,-1.062000036239624,2.687757031157795,0.0070471694
585694,8.56,0.4006,3.0,0.2770000100135803,-1.062000036239624,2.687757031157795,0.0070471694
595088,9.72,0.4325,3.0,0.2870000004768371,-1.0010000467300415,1.902786259656987,0.50254864
595088,9.72,0.4325,3.0,0.2870000004768371,-1.0010000467300415,1.902786259656987,0.50254864
549180,10.47,0.3073,2.5,0.0140000004321336,-0.2160000056028366,1.5114368506909526,0.85257065
549180,10.47,0.3073,2.5,0.0140000004321336,-0.2160000056028366,1.5114368506909526,0.85257065
517334,8.32,0.2586,-9.0,-99.0,-99.0,-99.0,0.0039171427
517334,8.32,0.2586,-9.0,-99.0,-99.0,-99.0,0.0039171427
99430,9.2,0.5847,3.0,0.0850000008940696,-0.9409999847412108,3.1578391641788226,0.021693839
99430,9.2,0.5847,3.0,0.0850000008940696,-0.9409999847412108,3.1578391641788226,0.021693839
209279,9.41,0.5065,3.0,-0.2800000011920929,-1.0420000553131104,3.015712989638904,0.11329586
209279,9.41,0.5065,3.0,-0.2800000011920929,-1.0420000553131104,3.015712989638904,0.11329586
543763,8.49,0.4911,3.0,-0.3000000119209289,-1.343999981880188,2.0388722109633184,0.01319867
543763,8.49,0.4911,3.0,-0.3000000119209289,-1.343999981880188,2.0388722109633184,0.01319867
63777,10.45,0.0369,2.5,-0.0769999995827674,-0.1150000020861625,1.1465421010068892,1.2179998
63777,10.45,0.0369,2.5,-0.0769999995827674,-0.1150000020861625,1.1465421010068892,1.2179998
622588,8.31,0.5613,3.0,-99.0,-1.121999979019165,1.8171467707558813,0.0320594
622588,8.31,0.5613,3.0,-99.0,-1.121999979019165,1.8171467707558813,0.0320594
39539,10.44,0.5534,3.0,0.0439999997615814,-0.2560000121593475,1.6195337641628855,1.5711601
39539,10.44,0.5534,3.0,0.0439999997615814,-0.2560000121593475,1.6195337641628855,1.5711601
324179,9.08,0.5744,3.0,-0.3000000119209289,-2.1489999294281006,2.0388722109633184,0.42477712
324179,9.08,0.5744,3.0,-0.3000000119209289,-2.1489999294281006,2.0388722109633184,0.42477712
209319,8.5,0.5559,3.0,-0.3000000119209289,-1.9479999542236328,3.710137512885986,0.08376063
209319,8.5,0.5559,3.0,-0.3000000119209289,-1.9479999542236328,3.710137512885986,0.08376063
22839,9.37,0.6812,3.0,-0.0769999995827674,-0.9010000228881836,1.6958600389872902,0.056546714
22839,9.37,0.6812,3.0,-0.0769999995827674,-0.9010000228881836,1.6958600389872902,0.056546714
23868,8.67,0.2515,3.0,0.2370000034570694,-0.9810000061988832,4.06808488757239,0.013920915
23868,8.67,0.2515,3.0,0.2370000034570694,-0.9810000061988832,4.06808488757239,0.013920915
278702,8.34,0.3256,3.0,-0.248999997973442,-1.8669999837875368,3.015712989638904,0.020805726
278702,8.34,0.3256,3.0,-0.248999997973442,-1.8669999837875368,3.015712989638904,0.020805726
545306,9.79,0.1873,3.0,0.0750000029802322,-0.3370000123977661,1.775783460322303,0.15694463
545306,9.79,0.1873,3.0,0.0750000029802322,-0.3370000123977661,1.775783460322303,0.15694463
227371,8.56,0.5933,3.0,-99.0,-2.007999897003174,1.3164064654697047,0.019442633
227371,8.56,0.5933,3.0,-99.0,-2.007999897003174,1.3164064654697047,0.019442633
387719,10.47,0.2736,3.0,-0.06700000166893,-0.2759999930858612,1.4770323476194291,1.0543
387719,10.47,0.2736,3.0,-0.06700000166893,-0.2759999930858612,1.4770323476194291,1.0543
185510,9.4,0.7754,3.0,0.0240000002086162,-0.9610000252723694,2.134961297927347,0.096572585
185510,9.4,0.7754,3.0,0.0240000002086162,-0.9610000252723694,2.134961297927347,0.09595693
185510,9.4,0.7754,3.0,0.0240000002086162,-0.9610000252723694,2.134961297927347,0.08932515
185510,9.4,0.7754,3.0,0.0240000002086162,-0.9610000252723694,2.134961297927347,0.08842898
185510,9.4,0.7754,3.0,-0.0469999983906745,-0.8809999823570251,1.9471078453151025,0.096572585
185510,9.4,0.7754,3.0,-0.0469999983906745,-0.8809999823570251,1.9471078453151025,0.09595693
185510,9.4,0.7754,3.0,-0.0469999983906745,-0.8809999823570251,1.9471078453151025,0.08932515
185510,9.4,0.7754,3.0,-0.0469999983906745,-0.8809999823570251,1.9471078453151025,0.08842898
185510,9.4,0.7754,3.0,-0.1889999955892563,-1.0820000171661377,3.015712989638904,0.096572585
185510,9.4,0.7754,3.0,-0.1889999955892563,-1.0820000171661377,3.015712989638904,0.09595693
185510,9.4,0.7754,3.0,-0.1889999955892563,-1.0820000171661377,3.015712989638904,0.08932515
185510,9.4,0.7754,3.0,-0.1889999955892563,-1.0820000171661377,3.015712989638904,0.08842898
185510,9.4,0.7754,3.0,0.0949999988079071,-1.0820000171661377,4.359031492379173,0.096572585
185510,9.4,0.7754,3.0,0.0949999988079071,-1.0820000171661377,4.359031492379173,0.09595693
185510,9.4,0.7754,3.0,0.0949999988079071,-1.0820000171661377,4.359031492379173,0.08932515
185510,9.4,0.7754,3.0,0.0949999988079071,-1.0820000171661377,4.359031492379173,0.08842898
185510,9.4,0.7754,3.0,0.0240000002086162,-0.9610000252723694,2.134961297927347,0.096572585
185510,9.4,0.7754,3.0,0.0240000002086162,-0.9610000252723694,2.134961297927347,0.09595693
185510,9.4,0.7754,3.0,0.0240000002086162,-0.9610000252723694,2.134961297927347,0.08932515
185510,9.4,0.7754,3.0,0.0240000002086162,-0.9610000252723694,2.134961297927347,0.08842898
185510,9.4,0.7754,3.0,-0.0469999983906745,-0.8809999823570251,1.9471078453151025,0.096572585
185510,9.4,0.7754,3.0,-0.0469999983906745,-0.8809999823570251,1.9471078453151025,0.09595693
185510,9.4,0.7754,3.0,-0.0469999983906745,-0.8809999823570251,1.9471078453151025,0.08932515
185510,9.4,0.7754,3.0,-0.0469999983906745,-0.8809999823570251,1.9471078453151025,0.08842898
185510,9.4,0.7754,3.0,-0.1889999955892563,-1.0820000171661377,3.015712989638904,0.096572585
185510,9.4,0.7754,3.0,-0.1889999955892563,-1.0820000171661377,3.015712989638904,0.09595693
185510,9.4,0.7754,3.0,-0.1889999955892563,-1.0820000171661377,3.015712989638904,0.08932515
185510,9.4,0.7754,3.0,-0.1889999955892563,-1.0820000171661377,3.015712989638904,0.08842898
185510,9.4,0.7754,3.0,0.0949999988079071,-1.0820000171661377,4.359031492379173,0.096572585
185510,9.4,0.7754,3.0,0.0949999988079071,-1.0820000171661377,4.359031492379173,0.09595693
185510,9.4,0.7754,3.0,0.0949999988079071,-1.0820000171661377,4.359031492379173,0.08932515
185510,9.4,0.7754,3.0,0.0949999988079071,-1.0820000171661377,4.359031492379173,0.08842898
321207,8.64,0.6211,3.0,-99.0,-0.8399999737739563,1.775783460322303,0.0031905787
321207,8.64,0.6211,3.0,-99.0,-0.8399999737739563,1.775783460322303,0.0031905787
376185,9.07,0.3045,3.0,-0.238999992609024,-1.3240000009536743,1.8594735564600955,0.037753094
376185,9.07,0.3045,3.0,-0.238999992609024,-1.3240000009536743,1.8594735564600955,0.037753094
296639,10.22,0.1792,2.5,0.0340000018477439,-0.2759999930858612,1.6958600389872902,0.3933937
296639,10.22,0.1792,2.5,0.0340000018477439,-0.2759999930858612,1.6958600389872902,0.3933937
77452,9.77,0.711,3.0,0.0140000004321336,-0.7200000286102295,1.5114368506909526,0.40477303
77452,9.77,0.711,3.0,0.0140000004321336,-0.7200000286102295,1.5114368506909526,0.39262655
77452,9.77,0.711,3.0,0.0649999976158142,-0.7599999904632568,1.5466427375869445,0.40477303
77452,9.77,0.711,3.0,0.0649999976158142,-0.7599999904632568,1.5466427375869445,0.39262655
77452,9.77,0.711,3.0,0.0140000004321336,-0.7200000286102295,1.5114368506909526,0.40477303
77452,9.77,0.711,3.0,0.0140000004321336,-0.7200000286102295,1.5114368506909526,0.39262655
77452,9.77,0.711,3.0,0.0649999976158142,-0.7599999904632568,1.5466427375869445,0.40477303
77452,9.77,0.711,3.0,0.0649999976158142,-0.7599999904632568,1.5466427375869445,0.39262655
272667,9.47,0.2725,3.0,-0.1480000019073486,-1.062000036239624,4.6707863962229785,0.052329563
272667,9.47,0.2725,3.0,-0.1480000019073486,-1.062000036239624,4.6707863962229785,0.052329563
610997,9.32,0.2191,3.0,0.0750000029802322,-1.062000036239624,3.2313946874539026,0.08209982
610997,9.32,0.2191,3.0,0.0750000029802322,-1.062000036239624,3.2313946874539026,0.08209982
279160,8.06,0.5717,3.0,-0.1889999955892563,-1.6059999465942385,2.56678803778268,0.015369355
279160,8.06,0.5717,3.0,-0.1889999955892563,-1.6059999465942385,2.56678803778268,0.015369355
381215,10.49,0.6648,3.0,0.2160000056028366,-0.1360000073909759,2.395465975494956,0.7491506
381215,10.49,0.6648,3.0,0.2160000056028366,-0.1360000073909759,2.395465975494956,0.7491506
273750,9.12,0.6075,3.0,0.296999990940094,-1.2230000495910645,3.015712989638904,0.09833545
273750,9.12,0.6075,3.0,0.296999990940094,-1.2230000495910645,3.015712989638904,0.09833545
485688,10.15,0.7941,2.5,0.0750000029802322,-0.2759999930858612,1.9924618133258227,0.21766676
485688,10.15,0.7941,2.5,0.0750000029802322,-0.2759999930858612,1.9924618133258227,0.21766676
209743,10.16,0.4763,3.0,0.0850000008940696,-0.4580000042915344,1.6195337641628855,0.729028
209743,10.16,0.4763,3.0,0.0850000008940696,-0.4580000042915344,1.6195337641628855,0.729028
99259,9.31,0.6771,3.0,-0.1280000060796737,-1.4850000143051147,4.5644663175231495,0.055444825
99259,9.31,0.6771,3.0,-0.1280000060796737,-1.4850000143051147,4.5644663175231495,0.055444825
107259,9.29,0.748,3.0,0.1959999948740005,-0.8809999823570251,3.884990906937478,0.05425343
107259,9.29,0.748,3.0,0.1959999948740005,-0.8809999823570251,3.884990906937478,0.05425343
508352,10.34,0.512,2.5,0.0540000014007091,-0.2759999930858612,1.6195337641628855,1.1839269
508352,10.34,0.512,2.5,0.0540000014007091,-0.2759999930858612,1.6195337641628855,1.1839269
388603,9.8,0.1166,3.0,-0.0160000007599592,-0.800000011920929,1.775783460322303,0.23042089
388603,9.8,0.1166,3.0,-0.0160000007599592,-0.800000011920929,1.775783460322303,0.23042089
290052,8.35,0.1389,3.0,-99.0,-0.7799999713897705,2.750362934937096,0.019239794
290052,8.35,0.1389,3.0,-99.0,-0.7799999713897705,2.750362934937096,0.019239794
203998,8.93,0.0949,3.0,0.4090000092983246,-1.1829999685287476,3.884990906937478,0.028769366
203998,8.93,0.0949,3.0,0.4090000092983246,-1.1829999685287476,3.884990906937478,0.028769366
509576,8.26,0.3205,3.0,-99.0,-99.0,-99.0,0.0069683106
509576,8.26,0.3205,3.0,-99.0,-99.0,-99.0,0.0069683106
521753,9.79,0.7119,3.0,0.0540000014007091,-0.8809999823570251,1.9924618133258227,0.38201904
521753,9.79,0.7119,3.0,0.0540000014007091,-0.8809999823570251,1.9924618133258227,0.38201904
375904,8.07,0.3455,3.0,-0.3000000119209289,-1.5850000381469729,1.2571584147142514,0.0057207295
375904,8.07,0.3455,3.0,-0.3000000119209289,-1.5850000381469729,1.2571584147142514,0.0057207295
376340,10.2,0.5629,3.0,0.2370000034570694,-0.31700000166893,1.1732484973152024,0.4292816
376340,10.2,0.5629,3.0,0.2370000034570694,-0.31700000166893,1.1732484973152024,0.4292816
85481,9.02,0.4085,3.0,-0.0160000007599592,-0.9610000252723694,3.1578391641788226,0.018464725
85481,9.02,0.4085,3.0,-0.0160000007599592,-0.9610000252723694,3.1578391641788226,0.018464725
105962,8.96,0.3627,3.0,0.4289999902248382,-1.121999979019165,1.8594735564600955,0.033827562
105962,8.96,0.3627,3.0,0.4289999902248382,-1.121999979019165,1.8594735564600955,0.033827562
593680,10.41,0.841,3.0,0.0750000029802322,-0.1959999948740005,1.1465421010068892,1.0854142
593680,10.41,0.841,3.0,0.0750000029802322,-0.1959999948740005,1.1465421010068892,1.0854142
64087,10.37,0.4871,2.5,0.0140000004321336,-0.5180000066757202,1.5826686749346417,1.4596102
64087,10.37,0.4871,2.5,0.0140000004321336,-0.5180000066757202,1.5826686749346417,1.4596102
178578,8.47,0.538,3.0,-99.0,-1.3040000200271606,2.184690934959677,0.011681184
178578,8.47,0.538,3.0,-99.0,-1.3040000200271606,2.184690934959677,0.012349435
178578,8.47,0.538,3.0,-99.0,-1.3040000200271606,2.184690934959677,0.011313702
178578,8.47,0.538,3.0,-99.0,-1.3040000200271606,2.184690934959677,0.01257403
178578,8.47,0.538,3.0,-99.0,-2.049000024795532,2.626576211733084,0.011681184
178578,8.47,0.538,3.0,-99.0,-2.049000024795532,2.626576211733084,0.012349435
178578,8.47,0.538,3.0,-99.0,-2.049000024795532,2.626576211733084,0.011313702
178578,8.47,0.538,3.0,-99.0,-2.049000024795532,2.626576211733084,0.01257403
178578,8.47,0.538,3.0,0.2870000004768371,-1.1829999685287476,1.6195337641628855,0.011681184
178578,8.47,0.538,3.0,0.2870000004768371,-1.1829999685287476,1.6195337641628855,0.012349435
178578,8.47,0.538,3.0,0.2870000004768371,-1.1829999685287476,1.6195337641628855,0.011313702
178578,8.47,0.538,3.0,0.2870000004768371,-1.1829999685287476,1.6195337641628855,0.01257403
178578,8.47,0.538,3.0,-99.0,-1.243000030517578,1.5826686749346417,0.011681184
178578,8.47,0.538,3.0,-99.0,-1.243000030517578,1.5826686749346417,0.012349435
178578,8.47,0.538,3.0,-99.0,-1.243000030517578,1.5826686749346417,0.011313702
178578,8.47,0.538,3.0,-99.0,-1.243000030517578,1.5826686749346417,0.01257403
178578,8.47,0.538,3.0,-99.0,-1.3040000200271606,2.184690934959677,0.011681184
178578,8.47,0.538,3.0,-99.0,-1.3040000200271606,2.184690934959677,0.012349435
178578,8.47,0.538,3.0,-99.0,-1.3040000200271606,2.184690934959677,0.011313702
178578,8.47,0.538,3.0,-99.0,-1.3040000200271606,2.184690934959677,0.01257403
178578,8.47,0.538,3.0,-99.0,-2.049000024795532,2.626576211733084,0.011681184
178578,8.47,0.538,3.0,-99.0,-2.049000024795532,2.626576211733084,0.012349435
178578,8.47,0.538,3.0,-99.0,-2.049000024795532,2.626576211733084,0.011313702
178578,8.47,0.538,3.0,-99.0,-2.049000024795532,2.626576211733084,0.01257403
178578,8.47,0.538,3.0,0.2870000004768371,-1.1829999685287476,1.6195337641628855,0.011681184
178578,8.47,0.538,3.0,0.2870000004768371,-1.1829999685287476,1.6195337641628855,0.012349435
178578,8.47,0.538,3.0,0.2870000004768371,-1.1829999685287476,1.6195337641628855,0.011313702
178578,8.47,0.538,3.0,0.2870000004768371,-1.1829999685287476,1.6195337641628855,0.01257403
178578,8.47,0.538,3.0,-99.0,-1.243000030517578,1.5826686749346417,0.011681184
178578,8.47,0.538,3.0,-99.0,-1.243000030517578,1.5826686749346417,0.012349435
178578,8.47,0.538,3.0,-99.0,-1.243000030517578,1.5826686749346417,0.011313702
178578,8.47,0.538,3.0,-99.0,-1.243000030517578,1.5826686749346417,0.01257403
514029,10.49,0.2966,2.5,0.0240000002086162,-0.1959999948740005,1.0700153468094975,1.6834403
514029,10.49,0.2966,2.5,0.0240000002086162,-0.1959999948740005,1.0700153468094975,1.6834403
69844,8.66,0.8352,3.0,-99.0,-1.343999981880188,2.086363645634731,0.00893521
69844,8.66,0.8352,3.0,-99.0,-1.343999981880188,2.086363645634731,0.00893521
279148,9.38,0.6815,2.5,0.1150000020861625,-0.4979999959468841,1.902786259656987,0.07043113
279148,9.38,0.6815,2.5,0.1150000020861625,-0.4979999959468841,1.902786259656987,0.07043113
619098,9.35,0.594,3.0,-0.3000000119209289,-1.6859999895095823,3.015712989638904,0.11359335
619098,9.35,0.594,3.0,-0.3000000119209289,-1.6859999895095823,3.015712989638904,0.11359335
273925,9.1,0.61,3.0,-0.3000000119209289,-2.128999948501587,2.4512635459709684,0.3825423
273925,9.1,0.61,3.0,-0.3000000119209289,-2.128999948501587,2.4512635459709684,0.3825423
518026,9.04,0.6866,3.0,-99.0,-1.121999979019165,2.508360808825364,0.0125186015
518026,9.04,0.6866,3.0,-99.0,-1.121999979019165,2.508360808825364,0.0125186015
204876,9.19,0.8391,3.0,-99.0,-1.062000036239624,1.9471078453151025,0.0691277
204876,9.19,0.8391,3.0,-99.0,-1.062000036239624,1.9471078453151025,0.0691277
65355,8.92,0.8373,3.0,0.3779999911785126,-1.1419999599456787,3.085957969027533,0.029652525
65355,8.92,0.8373,3.0,0.3779999911785126,-1.1419999599456787,3.085957969027533,0.029652525
231024,10.04,0.8438,3.0,0.0540000014007091,-0.7799999713897705,4.6707863962229785,0.23844828
231024,10.04,0.8438,3.0,0.0540000014007091,-0.7799999713897705,4.6707863962229785,0.23844828
376165,8.7,0.1194,3.0,-99.0,-1.888000011444092,2.508360808825364,0.006801116
376165,8.7,0.1194,3.0,-99.0,-1.888000011444092,2.508360808825364,0.006801116
610700,8.63,0.5053,3.0,-0.0160000007599592,-0.8600000143051147,1.6572575516299524,0.010544455
610700,8.63,0.5053,3.0,-0.0160000007599592,-0.8600000143051147,1.6572575516299524,0.010544455
346680,7.68,0.7202,3.0,0.328000009059906,-2.25,1.6958600389872902,0.0089484705
346680,7.68,0.7202,3.0,0.328000009059906,-2.25,1.6958600389872902,0.0089484705
84107,9.71,0.2314,2.5,0.4799999892711639,-1.1829999685287476,3.015712989638904,0.78403455
84107,9.71,0.2314,2.5,0.4799999892711639,-1.1829999685287476,3.015712989638904,0.78403455
594918,9.38,0.1323,3.0,0.0850000008940696,-0.5580000281333923,2.086363645634731,0.029402142
594918,9.38,0.1323,3.0,0.0850000008940696,-0.5580000281333923,2.086363645634731,0.029402142
610816,8.62,0.4741,3.0,-99.0,-1.524999976158142,5.3627803160617855,0.0027242638
610816,8.62,0.4741,3.0,-99.0,-1.524999976158142,5.3627803160617855,0.0027242638
32274,8.79,0.415,3.0,0.0649999976158142,-1.2029999494552612,2.086363645634731,0.028769212
32274,8.79,0.415,3.0,0.0649999976158142,-1.2029999494552612,2.086363645634731,0.028769212
49702,10.61,0.4687,2.5,0.1049999967217445,-0.1150000020861625,1.200576965506572,1.1285353
49702,10.61,0.4687,2.5,0.1049999967217445,-0.1150000020861625,1.200576965506572,1.3456025
49702,10.61,0.4687,2.5,0.1049999967217445,-0.1150000020861625,1.200576965506572,1.0250179
49702,10.61,0.4687,2.5,0.0439999997615814,-0.1150000020861625,1.1732484973152024,1.1285353
49702,10.61,0.4687,2.5,0.0439999997615814,-0.1150000020861625,1.1732484973152024,1.3456025
49702,10.61,0.4687,2.5,0.0439999997615814,-0.1150000020861625,1.1732484973152024,1.0250179
49702,10.61,0.4687,2.5,0.0439999997615814,-0.1150000020861625,1.6195337641628855,1.1285353
49702,10.61,0.4687,2.5,0.0439999997615814,-0.1150000020861625,1.6195337641628855,1.3456025
49702,10.61,0.4687,2.5,0.0439999997615814,-0.1150000020861625,1.6195337641628855,1.0250179
49702,10.61,0.4687,2.5,0.1049999967217445,-0.1150000020861625,1.200576965506572,1.1285353
49702,10.61,0.4687,2.5,0.1049999967217445,-0.1150000020861625,1.200576965506572,1.3456025
49702,10.61,0.4687,2.5,0.1049999967217445,-0.1150000020861625,1.200576965506572,1.0250179
49702,10.61,0.4687,2.5,0.0439999997615814,-0.1150000020861625,1.1732484973152024,1.1285353
49702,10.61,0.4687,2.5,0.0439999997615814,-0.1150000020861625,1.1732484973152024,1.3456025
49702,10.61,0.4687,2.5,0.0439999997615814,-0.1150000020861625,1.1732484973152024,1.0250179
49702,10.61,0.4687,2.5,0.0439999997615814,-0.1150000020861625,1.6195337641628855,1.1285353
49702,10.61,0.4687,2.5,0.0439999997615814,-0.1150000020861625,1.6195337641628855,1.3456025
49702,10.61,0.4687,2.5,0.0439999997615814,-0.1150000020861625,1.6195337641628855,1.0250179
544812,9.32,0.4081,3.0,0.1659999936819076,-1.1019999980926514,3.015712989638904,0.1800421
544812,9.32,0.4081,3.0,0.1659999936819076,-1.1019999980926514,3.015712989638904,0.1800421
302994,8.76,0.8132,3.0,-0.238999992609024,-1.3240000009536743,1.8171467707558813,0.01703691
302994,8.76,0.8132,3.0,-0.238999992609024,-1.3240000009536743,1.8171467707558813,0.01703691
227351,9.5,0.7798,2.5,0.0949999988079071,-0.8809999823570251,2.134961297927347,0.0699051
227351,9.5,0.7798,2.5,0.0949999988079071,-0.8809999823570251,2.134961297927347,0.077948675
227351,9.5,0.7798,2.5,0.0949999988079071,-0.8809999823570251,2.134961297927347,0.064741746
227351,9.5,0.7798,2.5,0.1560000032186508,-0.8600000143051147,2.0388722109633184,0.0699051
227351,9.5,0.7798,2.5,0.1560000032186508,-0.8600000143051147,2.0388722109633184,0.077948675
227351,9.5,0.7798,2.5,0.1560000032186508,-0.8600000143051147,2.0388722109633184,0.064741746
227351,9.5,0.7798,2.5,0.125,-0.9010000228881836,2.134961297927347,0.0699051
227351,9.5,0.7798,2.5,0.125,-0.9010000228881836,2.134961297927347,0.077948675
227351,9.5,0.7798,2.5,0.125,-0.9010000228881836,2.134961297927347,0.064741746
227351,9.5,0.7798,2.5,0.0949999988079071,-0.8809999823570251,2.134961297927347,0.0699051
227351,9.5,0.7798,2.5,0.0949999988079071,-0.8809999823570251,2.134961297927347,0.077948675
227351,9.5,0.7798,2.5,0.0949999988079071,-0.8809999823570251,2.134961297927347,0.064741746
227351,9.5,0.7798,2.5,0.1560000032186508,-0.8600000143051147,2.0388722109633184,0.0699051
227351,9.5,0.7798,2.5,0.1560000032186508,-0.8600000143051147,2.0388722109633184,0.077948675
227351,9.5,0.7798,2.5,0.1560000032186508,-0.8600000143051147,2.0388722109633184,0.064741746
227351,9.5,0.7798,2.5,0.125,-0.9010000228881836,2.134961297927347,0.0699051
227351,9.5,0.7798,2.5,0.125,-0.9010000228881836,2.134961297927347,0.077948675
227351,9.5,0.7798,2.5,0.125,-0.9010000228881836,2.134961297927347,0.064741746
422761,10.54,0.1268,2.0,-0.1080000028014183,0.0049999998882412,1.1732484973152024,1.0714409
422761,10.54,0.1268,2.0,-0.1080000028014183,0.0049999998882412,1.1732484973152024,1.0714409
508416,9.65,0.6721,3.0,-0.006000000052154,-1.0420000553131104,1.8594735564600955,0.1957782
508416,9.65,0.6721,3.0,-0.006000000052154,-1.0420000553131104,1.8594735564600955,0.1957782
198771,9.43,0.666,3.0,-0.0160000007599592,-1.162999987602234,3.1578391641788226,0.11216125
198771,9.43,0.666,3.0,-0.0160000007599592,-1.162999987602234,3.1578391641788226,0.11216125
486782,9.3,0.7208,3.0,0.1459999978542328,-0.9610000252723694,1.9924618133258227,0.08883311
486782,9.3,0.7208,3.0,0.1459999978542328,-0.9610000252723694,1.9924618133258227,0.08883311
381502,8.37,0.0661,3.0,-99.0,-1.0820000171661377,1.775783460322303,0.005890005
381502,8.37,0.0661,3.0,-99.0,-1.0820000171661377,1.775783460322303,0.005890005
106049,8.76,0.5555,3.0,-99.0,-1.2029999494552612,3.2313946874539026,0.037860006
106049,8.76,0.5555,3.0,-99.0,-1.2029999494552612,3.2313946874539026,0.028760558
106049,8.76,0.5555,3.0,-0.3000000119209289,-1.7059999704360962,3.085957969027533,0.037860006
106049,8.76,0.5555,3.0,-0.3000000119209289,-1.7059999704360962,3.085957969027533,0.028760558
106049,8.76,0.5555,3.0,-99.0,-1.2029999494552612,3.2313946874539026,0.037860006
106049,8.76,0.5555,3.0,-99.0,-1.2029999494552612,3.2313946874539026,0.028760558
106049,8.76,0.5555,3.0,-0.3000000119209289,-1.7059999704360962,3.085957969027533,0.037860006
106049,8.76,0.5555,3.0,-0.3000000119209289,-1.7059999704360962,3.085957969027533,0.028760558
138132,8.45,0.2717,3.0,-99.0,-99.0,-99.0,0.0010841145
138132,8.45,0.2717,3.0,-99.0,-99.0,-99.0,0.0012216157
138132,8.45,0.2717,3.0,-99.0,-99.0,-99.0,0.00092333346
138132,8.45,0.2717,3.0,-99.0,-99.0,-99.0,0.0010074397
138132,8.45,0.2717,3.0,-99.0,-99.0,-99.0,0.0010841145
138132,8.45,0.2717,3.0,-99.0,-99.0,-99.0,0.0012216157
138132,8.45,0.2717,3.0,-99.0,-99.0,-99.0,0.00092333346
138132,8.45,0.2717,3.0,-99.0,-99.0,-99.0,0.0010074397
138132,8.45,0.2717,3.0,-99.0,-99.0,-99.0,0.0010841145
138132,8.45,0.2717,3.0,-99.0,-99.0,-99.0,0.0012216157
138132,8.45,0.2717,3.0,-99.0,-99.0,-99.0,0.00092333346
138132,8.45,0.2717,3.0,-99.0,-99.0,-99.0,0.0010074397
138132,8.45,0.2717,3.0,-99.0,-1.1829999685287476,4.06808488757239,0.0010841145
138132,8.45,0.2717,3.0,-99.0,-1.1829999685287476,4.06808488757239,0.0012216157
138132,8.45,0.2717,3.0,-99.0,-1.1829999685287476,4.06808488757239,0.00092333346
138132,8.45,0.2717,3.0,-99.0,-1.1829999685287476,4.06808488757239,0.0010074397
138132,8.45,0.2717,3.0,-99.0,-99.0,-99.0,0.0010841145
138132,8.45,0.2717,3.0,-99.0,-99.0,-99.0,0.0012216157
138132,8.45,0.2717,3.0,-99.0,-99.0,-99.0,0.00092333346
138132,8.45,0.2717,3.0,-99.0,-99.0,-99.0,0.0010074397
138132,8.45,0.2717,3.0,-99.0,-99.0,-99.0,0.0010841145
138132,8.45,0.2717,3.0,-99.0,-99.0,-99.0,0.0012216157
138132,8.45,0.2717,3.0,-99.0,-99.0,-99.0,0.00092333346
138132,8.45,0.2717,3.0,-99.0,-99.0,-99.0,0.0010074397
138132,8.45,0.2717,3.0,-99.0,-99.0,-99.0,0.0010841145
138132,8.45,0.2717,3.0,-99.0,-99.0,-99.0,0.0012216157
138132,8.45,0.2717,3.0,-99.0,-99.0,-99.0,0.00092333346
138132,8.45,0.2717,3.0,-99.0,-99.0,-99.0,0.0010074397
138132,8.45,0.2717,3.0,-99.0,-1.1829999685287476,4.06808488757239,0.0010841145
138132,8.45,0.2717,3.0,-99.0,-1.1829999685287476,4.06808488757239,0.0012216157
138132,8.45,0.2717,3.0,-99.0,-1.1829999685287476,4.06808488757239,0.00092333346
138132,8.45,0.2717,3.0,-99.0,-1.1829999685287476,4.06808488757239,0.0010074397
623712,9.16,0.0847,3.0,0.0040000001899898,-0.7599999904632568,2.508360808825364,0.008390594
623712,9.16,0.0847,3.0,0.0040000001899898,-0.7599999904632568,2.508360808825364,0.008390594
93604,10.15,0.5841,3.0,0.3580000102519989,-0.5789999961853027,2.0388722109633184,0.5078013
93604,10.15,0.5841,3.0,0.3580000102519989,-0.5789999961853027,2.0388722109633184,0.5078013
107395,9.58,0.5557,3.0,0.0949999988079071,-0.8399999737739563,1.8171467707558813,0.17633718
107395,9.58,0.5557,3.0,0.0949999988079071,-0.8399999737739563,1.8171467707558813,0.17633718
609433,8.84,0.6044,3.0,-0.0970000028610229,-1.162999987602234,2.508360808825364,0.029626306
609433,8.84,0.6044,3.0,-0.0970000028610229,-1.162999987602234,2.508360808825364,0.029626306
521991,10.34,0.3125,2.5,0.2669999897480011,-0.2160000056028366,2.750362934937096,0.26828465
521991,10.34,0.3125,2.5,0.2669999897480011,-0.2160000056028366,2.750362934937096,0.26828465
229163,10.59,0.3147,2.0,0.1560000032186508,-0.2560000121593475,1.6958600389872902,1.5619218
229163,10.59,0.3147,2.0,0.1560000032186508,-0.2560000121593475,1.6958600389872902,1.5619218
136672,9.16,0.6896,3.0,0.0040000001899898,-0.9810000061988832,2.626576211733084,0.06270293
136672,9.16,0.6896,3.0,0.0040000001899898,-0.9810000061988832,2.626576211733084,0.06270293
85919,8.58,0.4327,3.0,0.1759999990463256,-1.0010000467300415,3.015712989638904,0.023344018
85919,8.58,0.4327,3.0,0.1759999990463256,-1.0010000467300415,3.015712989638904,0.023344018
512254,9.03,0.7888,3.0,-0.248999997973442,-1.746999979019165,4.06808488757239,0.061476238
512254,9.03,0.7888,3.0,-0.248999997973442,-1.746999979019165,4.06808488757239,0.061476238
298888,8.89,0.4127,3.0,0.5,-1.524999976158142,1.775783460322303,0.09333281
298888,8.89,0.4127,3.0,0.5,-1.524999976158142,1.775783460322303,0.09333281
137847,9.16,0.3275,3.0,-0.0469999983906745,-1.2029999494552612,1.2864413959638756,0.05248403
137847,9.16,0.3275,3.0,-0.0469999983906745,-1.2029999494552612,1.2864413959638756,0.05248403
47258,10.28,0.6358,1.5,0.1150000020861625,-0.0949999988079071,4.7795829876952505,0.09202723
47258,10.28,0.6358,1.5,0.1150000020861625,-0.0949999988079071,4.7795829876952505,0.09202723
229369,8.54,0.2897,3.0,-99.0,-1.524999976158142,4.5644663175231495,0.0067716995
229369,8.54,0.2897,3.0,-99.0,-1.524999976158142,4.5644663175231495,0.0067716995
23337,9.74,0.2991,2.5,0.0340000018477439,-0.2360000014305114,1.6958600389872902,0.0542339
23337,9.74,0.2991,2.5,0.0340000018477439,-0.2360000014305114,1.6958600389872902,0.0542339
184281,8.54,0.5666,3.0,-99.0,-1.6859999895095823,3.2313946874539026,0.016136266
184281,8.54,0.5666,3.0,-99.0,-1.6859999895095823,3.2313946874539026,0.016136266
69513,9.87,0.4652,3.0,0.1860000044107437,-1.0420000553131104,2.508360808825364,0.35822034
69513,9.87,0.4652,3.0,0.1860000044107437,-1.0420000553131104,2.508360808825364,0.35822034
77373,9.0,0.4991,3.0,-99.0,-0.8199999928474426,1.3164064654697047,0.05329615
77373,9.0,0.4991,3.0,-99.0,-0.8199999928474426,1.3164064654697047,0.05329615
617945,8.47,0.219,3.0,-0.3000000119209289,-1.565000057220459,2.0388722109633184,0.01349322
617945,8.47,0.219,3.0,-0.3000000119209289,-1.565000057220459,2.0388722109633184,0.01349322
505817,9.03,0.5213,3.0,0.0649999976158142,-1.062000036239624,3.015712989638904,0.04731939
505817,9.03,0.5213,3.0,0.0649999976158142,-1.062000036239624,3.015712989638904,0.04731939
136917,9.11,0.4178,3.0,0.0649999976158142,-1.0010000467300415,2.626576211733084,0.049316112
136917,9.11,0.4178,3.0,0.0649999976158142,-1.0010000467300415,2.626576211733084,0.049316112
70777,8.74,0.7311,3.0,0.296999990940094,-1.3639999628067017,3.383685627252995,0.018676082
70777,8.74,0.7311,3.0,0.296999990940094,-1.3639999628067017,3.383685627252995,0.018676082
486275,10.34,0.2068,2.0,0.1659999936819076,-0.0149999996647238,2.134961297927347,0.39581686
486275,10.34,0.2068,2.0,0.1659999936819076,-0.0149999996647238,2.134961297927347,0.39581686
457505,9.4,0.7836,3.0,-0.1080000028014183,-1.2829999923706057,1.775783460322303,0.07300546
457505,9.4,0.7836,3.0,-0.1080000028014183,-1.2829999923706057,1.775783460322303,0.07300546
271562,7.82,0.4113,3.0,0.0439999997615814,-1.8669999837875368,3.383685627252995,0.007505056
271562,7.82,0.4113,3.0,0.0439999997615814,-1.8669999837875368,3.383685627252995,0.007505056
8490,9.05,0.2819,-9.0,-99.0,-0.8399999737739563,15.114368506909532,0.000116001305
8490,9.05,0.2819,-9.0,-99.0,-0.8399999737739563,15.114368506909532,0.000116001305
229335,9.71,0.048,3.0,0.2569999992847442,-1.121999979019165,3.1578391641788226,0.34770328
229335,9.71,0.048,3.0,0.2569999992847442,-1.121999979019165,3.1578391641788226,0.34770328
422619,9.63,0.1411,3.0,0.2370000034570694,-0.6589999794960022,2.235578924043527,0.07267595
422619,9.63,0.1411,3.0,0.2370000034570694,-0.6589999794960022,2.235578924043527,0.07267595
550582,10.21,0.8296,2.5,0.1860000044107437,-0.2560000121593475,2.508360808825364,0.2542029
550582,10.21,0.8296,2.5,0.1860000044107437,-0.2560000121593475,2.508360808825364,0.2542029
216843,9.26,0.2911,3.0,0.0949999988079071,-1.4240000247955322,1.9471078453151025,0.088544086
216843,9.26,0.2911,3.0,0.0949999988079071,-1.4240000247955322,1.9471078453151025,0.088544086
522127,8.42,0.5001,3.0,-99.0,-1.0420000553131104,5.3627803160617855,0.005975184
522127,8.42,0.5001,3.0,-99.0,-1.0420000553131104,5.3627803160617855,0.005975184
230901,9.28,0.826,3.0,-0.0270000007003545,-0.1959999948740005,1.0456588238961813,0.020281794
230901,9.28,0.826,3.0,-0.0270000007003545,-0.1959999948740005,1.0456588238961813,0.020281794
238164,8.99,0.2355,3.0,-0.3000000119209289,-1.1019999980926514,1.8594735564600955,0.057019763
238164,8.99,0.2355,3.0,-0.3000000119209289,-1.1019999980926514,1.8594735564600955,0.057019763
47342,10.09,0.5997,2.5,0.0040000001899898,-0.6589999794960022,1.5826686749346417,0.29235175
47342,10.09,0.5997,2.5,0.0040000001899898,-0.6589999794960022,1.5826686749346417,0.29235175
298738,10.06,0.427,3.0,-0.0469999983906745,-0.9409999847412108,2.395465975494956,0.36244208
298738,10.06,0.427,3.0,-0.0469999983906745,-0.9409999847412108,2.395465975494956,0.36244208
228432,9.4,0.7468,3.0,0.1659999936819076,-1.243000030517578,3.085957969027533,0.42304483
228432,9.4,0.7468,3.0,0.1659999936819076,-1.243000030517578,3.085957969027533,0.43591315
228432,9.4,0.7468,3.0,-0.0869999974966049,-1.524999976158142,2.8799835466736923,0.42304483
228432,9.4,0.7468,3.0,-0.0869999974966049,-1.524999976158142,2.8799835466736923,0.43591315
228432,9.4,0.7468,3.0,0.1659999936819076,-1.243000030517578,3.085957969027533,0.42304483
228432,9.4,0.7468,3.0,0.1659999936819076,-1.243000030517578,3.085957969027533,0.43591315
228432,9.4,0.7468,3.0,-0.0869999974966049,-1.524999976158142,2.8799835466736923,0.42304483
228432,9.4,0.7468,3.0,-0.0869999974966049,-1.524999976158142,2.8799835466736923,0.43591315
178481,9.0,0.2869,3.0,-0.0160000007599592,-0.9409999847412108,1.6958600389872902,0.03182645
178481,9.0,0.2869,3.0,-0.0160000007599592,-0.9409999847412108,1.6958600389872902,0.02937235
178481,9.0,0.2869,3.0,-0.0160000007599592,-0.9409999847412108,1.6958600389872902,0.033500798
178481,9.0,0.2869,3.0,-0.0160000007599592,-0.9409999847412108,1.6958600389872902,0.028785594
178481,9.0,0.2869,3.0,-99.0,-0.9810000061988832,2.0388722109633184,0.03182645
178481,9.0,0.2869,3.0,-99.0,-0.9810000061988832,2.0388722109633184,0.02937235
178481,9.0,0.2869,3.0,-99.0,-0.9810000061988832,2.0388722109633184,0.033500798
178481,9.0,0.2869,3.0,-99.0,-0.9810000061988832,2.0388722109633184,0.028785594
178481,9.0,0.2869,3.0,-99.0,-1.0010000467300415,1.3164064654697047,0.03182645
178481,9.0,0.2869,3.0,-99.0,-1.0010000467300415,1.3164064654697047,0.02937235
178481,9.0,0.2869,3.0,-99.0,-1.0010000467300415,1.3164064654697047,0.033500798
178481,9.0,0.2869,3.0,-99.0,-1.0010000467300415,1.3164064654697047,0.028785594
178481,9.0,0.2869,3.0,-99.0,-1.9279999732971191,3.2313946874539026,0.03182645
178481,9.0,0.2869,3.0,-99.0,-1.9279999732971191,3.2313946874539026,0.02937235
178481,9.0,0.2869,3.0,-99.0,-1.9279999732971191,3.2313946874539026,0.033500798
178481,9.0,0.2869,3.0,-99.0,-1.9279999732971191,3.2313946874539026,0.028785594
178481,9.0,0.2869,3.0,-0.0160000007599592,-0.9409999847412108,1.6958600389872902,0.03182645
178481,9.0,0.2869,3.0,-0.0160000007599592,-0.9409999847412108,1.6958600389872902,0.02937235
178481,9.0,0.2869,3.0,-0.0160000007599592,-0.9409999847412108,1.6958600389872902,0.033500798
178481,9.0,0.2869,3.0,-0.0160000007599592,-0.9409999847412108,1.6958600389872902,0.028785594
178481,9.0,0.2869,3.0,-99.0,-0.9810000061988832,2.0388722109633184,0.03182645
178481,9.0,0.2869,3.0,-99.0,-0.9810000061988832,2.0388722109633184,0.02937235
178481,9.0,0.2869,3.0,-99.0,-0.9810000061988832,2.0388722109633184,0.033500798
178481,9.0,0.2869,3.0,-99.0,-0.9810000061988832,2.0388722109633184,0.028785594
178481,9.0,0.2869,3.0,-99.0,-1.0010000467300415,1.3164064654697047,0.03182645
178481,9.0,0.2869,3.0,-99.0,-1.0010000467300415,1.3164064654697047,0.02937235
178481,9.0,0.2869,3.0,-99.0,-1.0010000467300415,1.3164064654697047,0.033500798
178481,9.0,0.2869,3.0,-99.0,-1.0010000467300415,1.3164064654697047,0.028785594
178481,9.0,0.2869,3.0,-99.0,-1.9279999732971191,3.2313946874539026,0.03182645
178481,9.0,0.2869,3.0,-99.0,-1.9279999732971191,3.2313946874539026,0.02937235
178481,9.0,0.2869,3.0,-99.0,-1.9279999732971191,3.2313946874539026,0.033500798
178481,9.0,0.2869,3.0,-99.0,-1.9279999732971191,3.2313946874539026,0.028785594
184834,8.35,0.4582,3.0,0.1959999948740005,-1.7059999704360962,2.395465975494956,0.015347864
184834,8.35,0.4582,3.0,0.1959999948740005,-1.7059999704360962,2.395465975494956,0.015347864
574572,8.76,0.0824,3.0,0.0750000029802322,-1.243000030517578,1.775783460322303,0.03707585
574572,8.76,0.0824,3.0,0.0750000029802322,-1.243000030517578,1.775783460322303,0.03707585
536363,8.95,0.0606,3.0,0.2060000002384185,-1.121999979019165,2.750362934937096,0.049279835
536363,8.95,0.0606,3.0,0.2060000002384185,-1.121999979019165,2.750362934937096,0.049279835
137350,8.67,0.6695,3.0,0.1959999948740005,-1.243000030517578,1.775783460322303,0.018116675
137350,8.67,0.6695,3.0,0.1959999948740005,-1.243000030517578,1.775783460322303,0.018116675
53809,9.05,0.4443,3.0,-0.0570000000298023,-1.2029999494552612,1.8594735564600955,0.07743768
53809,9.05,0.4443,3.0,-0.0570000000298023,-1.2029999494552612,1.8594735564600955,0.07743768
55124,8.74,0.5376,3.0,-99.0,-0.8600000143051147,2.134961297927347,0.0017624189
55124,8.74,0.5376,3.0,-99.0,-0.8600000143051147,2.134961297927347,0.0017624189
221050,9.72,0.6129,3.0,0.2269999980926513,-1.3240000009536743,1.8594735564600955,0.80460125
221050,9.72,0.6129,3.0,0.2269999980926513,-1.3240000009536743,1.8594735564600955,0.80460125
585231,8.76,0.4066,3.0,-0.0570000000298023,-1.5049999952316284,2.8799835466736923,0.040476467
585231,8.76,0.4066,3.0,-0.0570000000298023,-1.5049999952316284,2.8799835466736923,0.040476467
319049,10.04,0.7866,2.5,0.0649999976158142,-0.5789999961853027,2.184690934959677,0.2125447
319049,10.04,0.7866,2.5,0.0649999976158142,-0.5789999961853027,2.184690934959677,0.23779947
319049,10.04,0.7866,2.5,0.0649999976158142,-0.5789999961853027,2.184690934959677,0.18869135
319049,10.04,0.7866,2.5,0.1560000032186508,-0.4779999852180481,2.235578924043527,0.2125447
319049,10.04,0.7866,2.5,0.1560000032186508,-0.4779999852180481,2.235578924043527,0.23779947
319049,10.04,0.7866,2.5,0.1560000032186508,-0.4779999852180481,2.235578924043527,0.18869135
319049,10.04,0.7866,2.5,-0.0970000028610229,-0.6589999794960022,2.9470669811950616,0.2125447
319049,10.04,0.7866,2.5,-0.0970000028610229,-0.6589999794960022,2.9470669811950616,0.23779947
319049,10.04,0.7866,2.5,-0.0970000028610229,-0.6589999794960022,2.9470669811950616,0.18869135
319049,10.04,0.7866,2.5,0.0649999976158142,-0.5789999961853027,2.184690934959677,0.2125447
319049,10.04,0.7866,2.5,0.0649999976158142,-0.5789999961853027,2.184690934959677,0.23779947
319049,10.04,0.7866,2.5,0.0649999976158142,-0.5789999961853027,2.184690934959677,0.18869135
319049,10.04,0.7866,2.5,0.1560000032186508,-0.4779999852180481,2.235578924043527,0.2125447
319049,10.04,0.7866,2.5,0.1560000032186508,-0.4779999852180481,2.235578924043527,0.23779947
319049,10.04,0.7866,2.5,0.1560000032186508,-0.4779999852180481,2.235578924043527,0.18869135
319049,10.04,0.7866,2.5,-0.0970000028610229,-0.6589999794960022,2.9470669811950616,0.2125447
319049,10.04,0.7866,2.5,-0.0970000028610229,-0.6589999794960022,2.9470669811950616,0.23779947
319049,10.04,0.7866,2.5,-0.0970000028610229,-0.6589999794960022,2.9470669811950616,0.18869135
521894,8.77,0.2577,3.0,0.0949999988079071,-0.9409999847412108,1.9471078453151025,0.021436518
521894,8.77,0.2577,3.0,0.0949999988079071,-0.9409999847412108,1.9471078453151025,0.021436518
184237,9.42,0.7787,3.0,-99.0,-0.9010000228881836,3.796557717334176,0.06846102
184237,9.42,0.7787,3.0,-99.0,-0.9010000228881836,3.796557717334176,0.06846102
296847,9.1,0.5561,3.0,0.1860000044107437,-0.9010000228881836,3.543153817926126,0.02866315
296847,9.1,0.5561,3.0,0.1860000044107437,-0.9010000228881836,3.543153817926126,0.030158
296847,9.1,0.5561,3.0,0.1860000044107437,-0.9010000228881836,3.543153817926126,0.029041167
296847,9.1,0.5561,3.0,-99.0,-0.8199999928474426,1.8594735564600955,0.02866315
296847,9.1,0.5561,3.0,-99.0,-0.8199999928474426,1.8594735564600955,0.030158
296847,9.1,0.5561,3.0,-99.0,-0.8199999928474426,1.8594735564600955,0.029041167
296847,9.1,0.5561,3.0,0.1560000032186508,-0.9810000061988832,3.796557717334176,0.02866315
296847,9.1,0.5561,3.0,0.1560000032186508,-0.9810000061988832,3.796557717334176,0.030158
296847,9.1,0.5561,3.0,0.1560000032186508,-0.9810000061988832,3.796557717334176,0.029041167
296847,9.1,0.5561,3.0,0.1860000044107437,-0.9010000228881836,3.543153817926126,0.02866315
296847,9.1,0.5561,3.0,0.1860000044107437,-0.9010000228881836,3.543153817926126,0.030158
296847,9.1,0.5561,3.0,0.1860000044107437,-0.9010000228881836,3.543153817926126,0.029041167
296847,9.1,0.5561,3.0,-99.0,-0.8199999928474426,1.8594735564600955,0.02866315
296847,9.1,0.5561,3.0,-99.0,-0.8199999928474426,1.8594735564600955,0.030158
296847,9.1,0.5561,3.0,-99.0,-0.8199999928474426,1.8594735564600955,0.029041167
296847,9.1,0.5561,3.0,0.1560000032186508,-0.9810000061988832,3.796557717334176,0.02866315
296847,9.1,0.5561,3.0,0.1560000032186508,-0.9810000061988832,3.796557717334176,0.030158
296847,9.1,0.5561,3.0,0.1560000032186508,-0.9810000061988832,3.796557717334176,0.029041167
377348,7.59,0.1676,3.0,0.3989999890327453,-2.069000005722046,2.687757031157795,0.0022899092
377348,7.59,0.1676,3.0,0.3989999890327453,-2.069000005722046,2.687757031157795,0.0022899092
519089,9.5,0.8197,3.0,0.0140000004321336,-1.1829999685287476,2.508360808825364,0.21234709
519089,9.5,0.8197,3.0,0.0140000004321336,-1.1829999685287476,2.508360808825364,0.21234709
177481,8.84,0.3012,3.0,0.0140000004321336,-0.9610000252723694,1.9924618133258227,0.010290487
177481,8.84,0.3012,3.0,0.0140000004321336,-0.9610000252723694,1.9924618133258227,0.010290487
79329,8.84,0.4928,3.0,0.4799999892711639,-2.25,2.184690934959677,0.060267214
79329,8.84,0.4928,3.0,0.4799999892711639,-2.25,2.184690934959677,0.060267214
220383,8.5,0.6042,3.0,-99.0,-0.6389999985694885,2.56678803778268,0.00023457002
220383,8.5,0.6042,3.0,-99.0,-0.6389999985694885,2.56678803778268,0.00023457002
289116,8.72,0.7194,3.0,-0.1580000072717666,-1.0420000553131104,1.8594735564600955,0.015258787
289116,8.72,0.7194,3.0,-0.1580000072717666,-1.0420000553131104,1.8594735564600955,0.015258787
23737,8.35,0.1671,3.0,-99.0,-1.121999979019165,6.300717481018831,0.0016748654
23737,8.35,0.1671,3.0,-99.0,-1.121999979019165,6.300717481018831,0.0016748654
185291,8.83,0.4058,3.0,0.0240000002086162,-1.162999987602234,3.015712989638904,0.024529358
185291,8.83,0.4058,3.0,0.0240000002086162,-1.162999987602234,3.015712989638904,0.024529358
545157,9.03,0.6955,3.0,-0.1080000028014183,-1.4850000143051147,2.626576211733084,0.08653173
545157,9.03,0.6955,3.0,-0.1080000028014183,-1.4850000143051147,2.626576211733084,0.08653173
278909,9.33,0.4769,3.0,-0.0869999974966049,-0.8600000143051147,1.8171467707558813,0.053164978
278909,9.33,0.4769,3.0,-0.0869999974966049,-0.8600000143051147,1.8171467707558813,0.053164978
16828,8.93,0.5992,3.0,0.0240000002086162,-1.2829999923706057,2.287652246664289,0.01113151
16828,8.93,0.5992,3.0,0.0240000002086162,-1.2829999923706057,2.287652246664289,0.01113151
273256,8.24,0.4617,1.5,-99.0,-1.6859999895095823,4.6707863962229785,
273256,8.24,0.4617,1.5,-99.0,-1.6859999895095823,4.6707863962229785,
460380,10.41,0.6767,2.0,0.1659999936819076,-0.2560000121593475,8.1168964702676,0.22561617
460380,10.41,0.6767,2.0,0.1659999936819076,-0.2560000121593475,8.1168964702676,0.22561617
593645,8.0,0.3935,3.0,-0.1379999965429306,-1.524999976158142,2.134961297927347,0.03103602
593645,8.0,0.3935,3.0,-0.1379999965429306,-1.524999976158142,2.134961297927347,0.03103602
107594,8.93,0.4666,3.0,-0.1080000028014183,-1.1419999599456787,2.750362934937096,0.07528542
107594,8.93,0.4666,3.0,-0.1080000028014183,-1.1419999599456787,2.750362934937096,0.06721791
107594,8.93,0.4666,3.0,-0.0160000007599592,-1.1419999599456787,3.015712989638904,0.07528542
107594,8.93,0.4666,3.0,-0.0160000007599592,-1.1419999599456787,3.015712989638904,0.06721791
107594,8.93,0.4666,3.0,-0.1080000028014183,-1.1419999599456787,2.750362934937096,0.07528542
107594,8.93,0.4666,3.0,-0.1080000028014183,-1.1419999599456787,2.750362934937096,0.06721791
107594,8.93,0.4666,3.0,-0.0160000007599592,-1.1419999599456787,3.015712989638904,0.07528542
107594,8.93,0.4666,3.0,-0.0160000007599592,-1.1419999599456787,3.015712989638904,0.06721791
375610,10.09,0.2255,3.0,0.0649999976158142,-0.1759999990463256,2.508360808825364,0.14170709
375610,10.09,0.2255,3.0,0.0649999976158142,-0.1759999990463256,2.508360808825364,0.14170709
185252,8.46,0.3926,3.0,-99.0,-1.162999987602234,1.8594735564600955,0.015123068
185252,8.46,0.3926,3.0,-99.0,-1.162999987602234,1.8594735564600955,0.015123068
575670,10.43,0.7531,2.5,-99.0,-0.4779999852180481,7.069521289046108,0.69429684
575670,10.43,0.7531,2.5,-99.0,-0.4779999852180481,7.069521289046108,0.69429684
570233,9.07,0.584,3.0,-99.0,-0.8600000143051147,4.259807821671483,0.005311273
570233,9.07,0.584,3.0,-99.0,-0.8600000143051147,4.259807821671483,0.005311273
567750,8.36,0.4348,3.0,-99.0,-2.190000057220459,2.395465975494956,0.022036651
567750,8.36,0.4348,3.0,-99.0,-2.190000057220459,2.395465975494956,0.020285511
567750,8.36,0.4348,3.0,-99.0,-1.7869999408721924,1.3164064654697047,0.022036651
567750,8.36,0.4348,3.0,-99.0,-1.7869999408721924,1.3164064654697047,0.020285511
567750,8.36,0.4348,3.0,-99.0,-2.190000057220459,2.395465975494956,0.022036651
567750,8.36,0.4348,3.0,-99.0,-2.190000057220459,2.395465975494956,0.020285511
567750,8.36,0.4348,3.0,-99.0,-1.7869999408721924,1.3164064654697047,0.022036651
567750,8.36,0.4348,3.0,-99.0,-1.7869999408721924,1.3164064654697047,0.020285511
323874,10.56,0.0842,3.0,0.4900000095367431,-1.6859999895095823,3.2313946874539026,0.1090909
323874,10.56,0.0842,3.0,0.4900000095367431,-1.6859999895095823,3.2313946874539026,0.1090909
573586,10.03,0.2369,2.5,-0.0270000007003545,-0.9810000061988832,1.775783460322303,0.8282338
573586,10.03,0.2369,2.5,-0.0270000007003545,-0.9810000061988832,1.775783460322303,0.8282338
619989,9.7,0.4981,2.5,0.0649999976158142,-0.6790000200271606,1.9924618133258227,0.07101747
619989,9.7,0.4981,2.5,0.0649999976158142,-0.6790000200271606,1.9924618133258227,0.06623934
619989,9.7,0.4981,2.5,0.0649999976158142,-0.6790000200271606,1.9924618133258227,0.08137122
619989,9.7,0.4981,2.5,0.0439999997615814,-0.5989999771118164,1.775783460322303,0.07101747
619989,9.7,0.4981,2.5,0.0439999997615814,-0.5989999771118164,1.775783460322303,0.06623934
619989,9.7,0.4981,2.5,0.0439999997615814,-0.5989999771118164,1.775783460322303,0.08137122
619989,9.7,0.4981,2.5,0.0649999976158142,-0.7200000286102295,1.775783460322303,0.07101747
619989,9.7,0.4981,2.5,0.0649999976158142,-0.7200000286102295,1.775783460322303,0.06623934
619989,9.7,0.4981,2.5,0.0649999976158142,-0.7200000286102295,1.775783460322303,0.08137122
619989,9.7,0.4981,2.5,0.0649999976158142,-0.6790000200271606,1.9924618133258227,0.07101747
619989,9.7,0.4981,2.5,0.0649999976158142,-0.6790000200271606,1.9924618133258227,0.06623934
619989,9.7,0.4981,2.5,0.0649999976158142,-0.6790000200271606,1.9924618133258227,0.08137122
619989,9.7,0.4981,2.5,0.0439999997615814,-0.5989999771118164,1.775783460322303,0.07101747
619989,9.7,0.4981,2.5,0.0439999997615814,-0.5989999771118164,1.775783460322303,0.06623934
619989,9.7,0.4981,2.5,0.0439999997615814,-0.5989999771118164,1.775783460322303,0.08137122
619989,9.7,0.4981,2.5,0.0649999976158142,-0.7200000286102295,1.775783460322303,0.07101747
619989,9.7,0.4981,2.5,0.0649999976158142,-0.7200000286102295,1.775783460322303,0.06623934
619989,9.7,0.4981,2.5,0.0649999976158142,-0.7200000286102295,1.775783460322303,0.08137122
39145,10.2,0.2429,2.5,0.4490000009536743,-1.1019999980926514,2.508360808825364,1.8584205
39145,10.2,0.2429,2.5,0.4490000009536743,-1.1019999980926514,2.508360808825364,2.079651
39145,10.2,0.2429,2.5,0.4490000009536743,-1.1019999980926514,2.508360808825364,1.7973336
39145,10.2,0.2429,2.5,0.2669999897480011,-1.2230000495910645,2.3409385127868907,1.8584205
39145,10.2,0.2429,2.5,0.2669999897480011,-1.2230000495910645,2.3409385127868907,2.079651
39145,10.2,0.2429,2.5,0.2669999897480011,-1.2230000495910645,2.3409385127868907,1.7973336
39145,10.2,0.2429,2.5,0.3580000102519989,-1.1419999599456787,2.4512635459709684,1.8584205
39145,10.2,0.2429,2.5,0.3580000102519989,-1.1419999599456787,2.4512635459709684,2.079651
39145,10.2,0.2429,2.5,0.3580000102519989,-1.1419999599456787,2.4512635459709684,1.7973336
39145,10.2,0.2429,2.5,0.4490000009536743,-1.1019999980926514,2.508360808825364,1.8584205
39145,10.2,0.2429,2.5,0.4490000009536743,-1.1019999980926514,2.508360808825364,2.079651
39145,10.2,0.2429,2.5,0.4490000009536743,-1.1019999980926514,2.508360808825364,1.7973336
39145,10.2,0.2429,2.5,0.2669999897480011,-1.2230000495910645,2.3409385127868907,1.8584205
39145,10.2,0.2429,2.5,0.2669999897480011,-1.2230000495910645,2.3409385127868907,2.079651
39145,10.2,0.2429,2.5,0.2669999897480011,-1.2230000495910645,2.3409385127868907,1.7973336
39145,10.2,0.2429,2.5,0.3580000102519989,-1.1419999599456787,2.4512635459709684,1.8584205
39145,10.2,0.2429,2.5,0.3580000102519989,-1.1419999599456787,2.4512635459709684,2.079651
39145,10.2,0.2429,2.5,0.3580000102519989,-1.1419999599456787,2.4512635459709684,1.7973336
214462,9.6,0.3298,3.0,-0.0469999983906745,-0.8600000143051147,1.0218567231322258,0.13547309
214462,9.6,0.3298,3.0,-0.0469999983906745,-0.8600000143051147,1.0218567231322258,0.13547309
91579,9.57,0.4932,3.0,-99.0,-2.25,2.235578924043527,0.004781741
91579,9.57,0.4932,3.0,-99.0,-2.25,2.235578924043527,0.004781741
145583,9.39,0.414,3.0,0.0340000018477439,-0.8809999823570251,1.5466427375869445,0.10246541
145583,9.39,0.414,3.0,0.0340000018477439,-0.8809999823570251,1.5466427375869445,0.10246541
273242,8.68,0.1501,3.0,-99.0,-0.2759999930858612,2.508360808825364,0.008393348
273242,8.68,0.1501,3.0,-99.0,-0.2759999930858612,2.508360808825364,0.008393348
278643,9.14,0.8342,3.0,-0.2189999967813491,-0.3970000147819519,2.287652246664289,0.038764607
278643,9.14,0.8342,3.0,-0.2189999967813491,-0.3970000147819519,2.287652246664289,0.038764607
49840,9.22,0.3128,3.0,-99.0,-0.8809999823570251,3.015712989638904,0.03782097
49840,9.22,0.3128,3.0,-99.0,-0.8809999823570251,3.015712989638904,0.03782097
240205,9.39,0.6905,3.0,-0.0370000004768371,-1.1419999599456787,1.8594735564600955,0.108567685
240205,9.39,0.6905,3.0,-0.0370000004768371,-1.1419999599456787,1.8594735564600955,0.10543235
240205,9.39,0.6905,3.0,0.0949999988079071,-1.0820000171661377,1.8594735564600955,0.108567685
240205,9.39,0.6905,3.0,0.0949999988079071,-1.0820000171661377,1.8594735564600955,0.10543235
240205,9.39,0.6905,3.0,-0.0370000004768371,-1.1419999599456787,1.8594735564600955,0.108567685
240205,9.39,0.6905,3.0,-0.0370000004768371,-1.1419999599456787,1.8594735564600955,0.10543235
240205,9.39,0.6905,3.0,0.0949999988079071,-1.0820000171661377,1.8594735564600955,0.108567685
240205,9.39,0.6905,3.0,0.0949999988079071,-1.0820000171661377,1.8594735564600955,0.10543235
487010,9.01,0.1947,3.0,0.135000005364418,-1.2829999923706057,2.508360808825364,0.028695904
487010,9.01,0.1947,3.0,0.135000005364418,-1.2829999923706057,2.508360808825364,0.028695904
184718,8.27,0.5479,3.0,-0.2899999916553497,-1.4040000438690186,1.1204436164968088,0.0038960334
184718,8.27,0.5479,3.0,-0.2899999916553497,-1.4040000438690186,1.1204436164968088,0.0038960334
250466,10.12,0.6766,2.5,0.0750000029802322,-0.1959999948740005,1.1732484973152024,0.5259192
250466,10.12,0.6766,2.5,0.0750000029802322,-0.1959999948740005,1.1732484973152024,0.48390526
250466,10.12,0.6766,2.5,0.0750000029802322,-0.1959999948740005,1.6958600389872902,0.5259192
250466,10.12,0.6766,2.5,0.0750000029802322,-0.1959999948740005,1.6958600389872902,0.48390526
250466,10.12,0.6766,2.5,0.0750000029802322,-0.1959999948740005,1.1732484973152024,0.5259192
250466,10.12,0.6766,2.5,0.0750000029802322,-0.1959999948740005,1.1732484973152024,0.48390526
250466,10.12,0.6766,2.5,0.0750000029802322,-0.1959999948740005,1.6958600389872902,0.5259192
250466,10.12,0.6766,2.5,0.0750000029802322,-0.1959999948740005,1.6958600389872902,0.48390526
71146,9.15,0.3223,3.0,-0.0869999974966049,-1.243000030517578,2.508360808825364,0.10623908
71146,9.15,0.3223,3.0,-0.0869999974966049,-1.243000030517578,2.508360808825364,0.10623908
534710,9.13,0.5322,2.5,0.0949999988079071,-1.5049999952316284,2.8799835466736923,0.06907862
534710,9.13,0.5322,2.5,0.0949999988079071,-1.5049999952316284,2.8799835466736923,0.06907862
522166,8.94,0.3689,3.0,0.2870000004768371,-1.0820000171661377,3.383685627252995,0.046584893
522166,8.94,0.3689,3.0,0.2870000004768371,-1.0820000171661377,3.383685627252995,0.046584893
16863,8.67,0.7749,3.0,-0.1889999955892563,-1.6460000276565552,3.4625017904490982,0.02338497
16863,8.67,0.7749,3.0,-0.1889999955892563,-1.6460000276565552,3.4625017904490982,0.022535736
16863,8.67,0.7749,3.0,-0.0160000007599592,-1.465000033378601,2.508360808825364,0.02338497
16863,8.67,0.7749,3.0,-0.0160000007599592,-1.465000033378601,2.508360808825364,0.022535736
16863,8.67,0.7749,3.0,-0.1889999955892563,-1.6460000276565552,3.4625017904490982,0.02338497
16863,8.67,0.7749,3.0,-0.1889999955892563,-1.6460000276565552,3.4625017904490982,0.022535736
16863,8.67,0.7749,3.0,-0.0160000007599592,-1.465000033378601,2.508360808825364,0.02338497
16863,8.67,0.7749,3.0,-0.0160000007599592,-1.465000033378601,2.508360808825364,0.022535736
289427,9.16,0.3919,3.0,-99.0,-1.72599995136261,4.359031492379173,0.0017034591
289427,9.16,0.3919,3.0,-99.0,-1.72599995136261,4.359031492379173,0.0017034591
418795,9.13,0.236,3.0,0.296999990940094,-0.800000011920929,4.359031492379173,0.041104306
418795,9.13,0.236,3.0,0.296999990940094,-0.800000011920929,4.359031492379173,0.041104306
487019,10.02,0.7623,2.5,0.0540000014007091,-0.8600000143051147,2.086363645634731,0.62180215
487019,10.02,0.7623,2.5,0.0540000014007091,-0.8600000143051147,2.086363645634731,0.654534
487019,10.02,0.7623,2.5,0.0649999976158142,-0.9010000228881836,1.8594735564600955,0.62180215
487019,10.02,0.7623,2.5,0.0649999976158142,-0.9010000228881836,1.8594735564600955,0.654534
487019,10.02,0.7623,2.5,0.0540000014007091,-0.8600000143051147,2.086363645634731,0.62180215
487019,10.02,0.7623,2.5,0.0540000014007091,-0.8600000143051147,2.086363645634731,0.654534
487019,10.02,0.7623,2.5,0.0649999976158142,-0.9010000228881836,1.8594735564600955,0.62180215
487019,10.02,0.7623,2.5,0.0649999976158142,-0.9010000228881836,1.8594735564600955,0.654534
106376,10.27,0.1453,3.0,0.0240000002086162,-0.9610000252723694,2.395465975494956,1.5466104
106376,10.27,0.1453,3.0,0.0240000002086162,-0.9610000252723694,2.395465975494956,1.5466104
65237,9.15,0.3007,3.0,-99.0,-1.062000036239624,1.9471078453151025,0.098749325
65237,9.15,0.3007,3.0,-99.0,-1.062000036239624,1.9471078453151025,0.098749325
543859,10.73,0.8023,1.5,0.1049999967217445,0.0260000005364418,2.134961297927347,1.2753409
543859,10.73,0.8023,1.5,0.1049999967217445,0.0260000005364418,2.134961297927347,1.2753409
485885,10.25,0.1595,3.0,0.1759999990463256,-0.5989999771118164,1.9924618133258227,0.6617289
485885,10.25,0.1595,3.0,0.1759999990463256,-0.5989999771118164,1.9924618133258227,0.6617289
487175,9.73,0.2798,3.0,0.0949999988079071,-0.9210000038146972,1.0949392060230196,0.3338665
487175,9.73,0.2798,3.0,0.0949999988079071,-0.9210000038146972,1.0949392060230196,0.36048153
487175,9.73,0.2798,3.0,-0.006000000052154,-0.7799999713897705,1.0700153468094975,0.3338665
487175,9.73,0.2798,3.0,-0.006000000052154,-0.7799999713897705,1.0700153468094975,0.36048153
487175,9.73,0.2798,3.0,0.0949999988079071,-0.9210000038146972,1.0949392060230196,0.3338665
487175,9.73,0.2798,3.0,0.0949999988079071,-0.9210000038146972,1.0949392060230196,0.36048153
487175,9.73,0.2798,3.0,-0.006000000052154,-0.7799999713897705,1.0700153468094975,0.3338665
487175,9.73,0.2798,3.0,-0.006000000052154,-0.7799999713897705,1.0700153468094975,0.36048153
220751,7.69,0.5536,3.0,0.4490000009536743,-1.2829999923706057,1.1465421010068892,0.00054041826
220751,7.69,0.5536,3.0,0.4490000009536743,-1.2829999923706057,1.1465421010068892,0.00054041826
622534,9.09,0.642,3.0,0.3779999911785126,-0.8399999737739563,1.0949392060230196,0.04115938
622534,9.09,0.642,3.0,0.3779999911785126,-0.8399999737739563,1.0949392060230196,0.04115938
230829,8.37,0.0617,3.0,-99.0,-0.5789999961853027,6.751340417759738,2.665989e-05
230829,8.37,0.0617,3.0,-99.0,-0.5789999961853027,6.751340417759738,2.665989e-05
240108,9.02,0.4237,3.0,0.328000009059906,-1.0010000467300415,1.902786259656987,0.016593274
240108,9.02,0.4237,3.0,0.328000009059906,-1.0010000467300415,1.902786259656987,0.016593274
137155,8.39,0.2156,3.0,-99.0,-99.0,-99.0,0.010594981
137155,8.39,0.2156,3.0,-99.0,-99.0,-99.0,0.010594981
136856,9.03,0.5694,-9.0,0.1959999948740005,-0.2560000121593475,2.9470669811950616,0.0011948138
136856,9.03,0.5694,-9.0,0.1959999948740005,-0.2560000121593475,2.9470669811950616,0.0011948138
600916,10.08,0.8676,2.5,0.0040000001899898,-0.4979999959468841,2.134961297927347,0.13430503
600916,10.08,0.8676,2.5,0.0040000001899898,-0.4979999959468841,2.134961297927347,0.13430503
509012,10.22,0.853,2.5,0.1959999948740005,-0.3370000123977661,1.5826686749346417,0.7954429
509012,10.22,0.853,2.5,0.1959999948740005,-0.3370000123977661,1.5826686749346417,0.7954429
573872,8.2,0.6039,3.0,-0.1180000007152557,-2.0280001163482666,3.015712989638904,0.026054231
573872,8.2,0.6039,3.0,-0.1180000007152557,-2.0280001163482666,3.015712989638904,0.026054231
186833,8.72,0.4469,3.0,0.3580000102519989,-1.243000030517578,2.9470669811950616,0.013385316
186833,8.72,0.4469,3.0,0.3580000102519989,-1.243000030517578,2.9470669811950616,0.013385316
463643,9.37,0.2507,3.0,-0.3000000119209289,-1.2029999494552612,2.508360808825364,0.100812055
463643,9.37,0.2507,3.0,-0.3000000119209289,-1.2029999494552612,2.508360808825364,0.100812055
346440,8.37,0.1076,3.0,0.2160000056028366,-1.6660000085830688,3.625684472456604,0.014532728
346440,8.37,0.1076,3.0,0.2160000056028366,-1.6660000085830688,3.625684472456604,0.014532728
298862,10.02,0.5931,2.5,0.296999990940094,-1.162999987602234,1.8594735564600955,1.069904
298862,10.02,0.5931,2.5,0.296999990940094,-1.162999987602234,1.8594735564600955,1.069904
177081,8.92,0.3276,3.0,-0.2899999916553497,-1.7669999599456787,2.508360808825364,0.09926133
177081,8.92,0.3276,3.0,-0.2899999916553497,-1.7669999599456787,2.508360808825364,0.09926133
346793,10.3,0.5792,3.0,-0.006000000052154,-0.4779999852180481,1.8594735564600955,0.8470164
346793,10.3,0.5792,3.0,-0.006000000052154,-0.4779999852180481,1.8594735564600955,0.8470164
202636,9.73,0.6804,3.0,0.0140000004321336,-0.1959999948740005,1.6195337641628855,0.12729135
202636,9.73,0.6804,3.0,0.0140000004321336,-0.1959999948740005,1.6195337641628855,0.12729135
486834,9.75,0.8545,2.5,0.0540000014007091,-0.7599999904632568,1.5466427375869445,0.14047891
486834,9.75,0.8545,2.5,0.0540000014007091,-0.7599999904632568,1.5466427375869445,0.14047891
205166,9.84,0.3588,1.5,0.0649999976158142,-0.6389999985694885,2.235578924043527,0.20475414
205166,9.84,0.3588,1.5,0.0649999976158142,-0.6389999985694885,2.235578924043527,0.20475414
536173,9.05,0.1845,3.0,0.0340000018477439,-1.0219999551773071,3.1578391641788226,0.036968347
536173,9.05,0.1845,3.0,0.0340000018477439,-1.0219999551773071,3.1578391641788226,0.036968347
30346,10.45,0.3244,2.0,0.2370000034570694,-0.296999990940094,2.287652246664289,1.1710331
30346,10.45,0.3244,2.0,0.2370000034570694,-0.296999990940094,2.287652246664289,1.1316476
30346,10.45,0.3244,2.0,0.2370000034570694,-0.2759999930858612,1.4434109866494478,1.1710331
30346,10.45,0.3244,2.0,0.2370000034570694,-0.2759999930858612,1.4434109866494478,1.1316476
30346,10.45,0.3244,2.0,0.2370000034570694,-0.296999990940094,2.287652246664289,1.1710331
30346,10.45,0.3244,2.0,0.2370000034570694,-0.296999990940094,2.287652246664289,1.1316476
30346,10.45,0.3244,2.0,0.2370000034570694,-0.2759999930858612,1.4434109866494478,1.1710331
30346,10.45,0.3244,2.0,0.2370000034570694,-0.2759999930858612,1.4434109866494478,1.1316476
8570,9.27,0.3522,3.0,0.3580000102519989,-0.7799999713897705,3.2313946874539026,0.013417389
8570,9.27,0.3522,3.0,0.3580000102519989,-0.7799999713897705,3.2313946874539026,0.013417389
209664,8.68,0.1007,3.0,-99.0,-1.0219999551773071,2.134961297927347,0.01116867
209664,8.68,0.1007,3.0,-99.0,-1.0219999551773071,2.134961297927347,0.01116867
178585,8.37,0.7398,3.0,-0.1780000030994415,-1.0420000553131104,4.259807821671483,0.0061617023
178585,8.37,0.7398,3.0,-0.1780000030994415,-1.0420000553131104,4.259807821671483,0.0061617023
77967,10.37,0.5294,3.0,0.4090000092983246,-1.121999979019165,3.1578391641788226,4.4318714
77967,10.37,0.5294,3.0,0.4090000092983246,-1.121999979019165,3.1578391641788226,4.4318714
574692,9.31,0.3653,3.0,-0.2800000011920929,-1.7059999704360962,1.9924618133258227,0.18593608
574692,9.31,0.3653,3.0,-0.2800000011920929,-1.7059999704360962,1.9924618133258227,0.18593608
418971,8.28,0.4571,3.0,-0.2899999916553497,-1.7869999408721924,1.775783460322303,0.009880788
418971,8.28,0.4571,3.0,-0.2899999916553497,-1.7869999408721924,1.775783460322303,0.009880788
323224,8.61,0.1121,3.0,-0.0970000028610229,-1.1419999599456787,1.2571584147142514,0.020371683
323224,8.61,0.1121,3.0,-0.0970000028610229,-1.1419999599456787,1.2571584147142514,0.020371683
197866,10.3,0.1566,2.0,0.0540000014007091,-0.2360000014305114,1.6958600389872902,0.7901974
197866,10.3,0.1566,2.0,0.0540000014007091,-0.2360000014305114,1.6958600389872902,0.7901974
79098,8.27,0.4241,3.0,0.0140000004321336,-1.807000041007996,3.796557717334176,0.006020824
79098,8.27,0.4241,3.0,0.0140000004321336,-1.807000041007996,3.796557717334176,0.006020824
220439,9.54,0.1834,3.0,0.3179999887943268,-1.0219999551773071,3.383685627252995,0.27392998
220439,9.54,0.1834,3.0,0.3179999887943268,-1.0219999551773071,3.383685627252995,0.27392998
31725,8.32,0.072,3.0,-99.0,-1.1419999599456787,1.3784467908321083,0.0022357055
31725,8.32,0.072,3.0,-99.0,-1.1419999599456787,1.3784467908321083,0.0022357055
77226,10.32,0.4243,1.5,0.0949999988079071,-0.6389999985694885,2.086363645634731,2.055963
77226,10.32,0.4243,1.5,0.0949999988079071,-0.6389999985694885,2.086363645634731,2.055963
55287,7.49,0.309,3.0,0.0540000014007091,-1.3240000009536743,2.086363645634731,0.00012036885
55287,7.49,0.309,3.0,0.0540000014007091,-1.3240000009536743,2.086363645634731,0.00012036885
240227,10.16,0.2358,2.5,0.0750000029802322,-0.2560000121593475,2.086363645634731,0.3306768
240227,10.16,0.2358,2.5,0.0750000029802322,-0.2560000121593475,2.086363645634731,0.30597562
240227,10.16,0.2358,2.5,0.0040000001899898,-0.2160000056028366,2.086363645634731,0.3306768
240227,10.16,0.2358,2.5,0.0040000001899898,-0.2160000056028366,2.086363645634731,0.30597562
240227,10.16,0.2358,2.5,0.0750000029802322,-0.2560000121593475,2.086363645634731,0.3306768
240227,10.16,0.2358,2.5,0.0750000029802322,-0.2560000121593475,2.086363645634731,0.30597562
240227,10.16,0.2358,2.5,0.0040000001899898,-0.2160000056028366,2.086363645634731,0.3306768
240227,10.16,0.2358,2.5,0.0040000001899898,-0.2160000056028366,2.086363645634731,0.30597562
79850,9.82,0.7302,-9.0,0.1759999990463256,-0.5180000066757202,3.1578391641788226,0.08969619
79850,9.82,0.7302,-9.0,0.1759999990463256,-0.5180000066757202,3.1578391641788226,0.08969619
40283,8.9,0.231,3.0,-0.2899999916553497,-1.2230000495910645,2.508360808825364,0.04409285
40283,8.9,0.231,3.0,-0.2899999916553497,-1.2230000495910645,2.508360808825364,0.04409285
49677,9.41,0.6964,3.0,-0.0570000000298023,-1.1419999599456787,3.085957969027533,0.03872611
49677,9.41,0.6964,3.0,-0.0570000000298023,-1.1419999599456787,3.085957969027533,0.04818779
49677,9.41,0.6964,3.0,-0.0570000000298023,-1.1419999599456787,3.085957969027533,0.031721573
49677,9.41,0.6964,3.0,-99.0,-1.2230000495910645,3.2313946874539026,0.03872611
49677,9.41,0.6964,3.0,-99.0,-1.2230000495910645,3.2313946874539026,0.04818779
49677,9.41,0.6964,3.0,-99.0,-1.2230000495910645,3.2313946874539026,0.031721573
49677,9.41,0.6964,3.0,-99.0,-1.1019999980926514,2.508360808825364,0.03872611
49677,9.41,0.6964,3.0,-99.0,-1.1019999980926514,2.508360808825364,0.04818779
49677,9.41,0.6964,3.0,-99.0,-1.1019999980926514,2.508360808825364,0.031721573
49677,9.41,0.6964,3.0,-0.0570000000298023,-1.1419999599456787,3.085957969027533,0.03872611
49677,9.41,0.6964,3.0,-0.0570000000298023,-1.1419999599456787,3.085957969027533,0.04818779
49677,9.41,0.6964,3.0,-0.0570000000298023,-1.1419999599456787,3.085957969027533,0.031721573
49677,9.41,0.6964,3.0,-99.0,-1.2230000495910645,3.2313946874539026,0.03872611
49677,9.41,0.6964,3.0,-99.0,-1.2230000495910645,3.2313946874539026,0.04818779
49677,9.41,0.6964,3.0,-99.0,-1.2230000495910645,3.2313946874539026,0.031721573
49677,9.41,0.6964,3.0,-99.0,-1.1019999980926514,2.508360808825364,0.03872611
49677,9.41,0.6964,3.0,-99.0,-1.1019999980926514,2.508360808825364,0.04818779
49677,9.41,0.6964,3.0,-99.0,-1.1019999980926514,2.508360808825364,0.031721573
570119,9.56,0.4833,3.0,-0.0270000007003545,-1.121999979019165,1.8171467707558813,0.26637003
570119,9.56,0.4833,3.0,-0.0270000007003545,-1.121999979019165,1.8171467707558813,0.26637003
504882,10.12,0.1921,2.5,0.0140000004321336,-0.1759999990463256,2.134961297927347,0.26883602
504882,10.12,0.1921,2.5,0.0140000004321336,-0.1759999990463256,2.134961297927347,0.26883602
325001,9.45,0.8405,3.0,-99.0,-1.3639999628067017,6.59766114757817,0.029201586
325001,9.45,0.8405,3.0,-99.0,-1.3639999628067017,6.59766114757817,0.029201586
560407,10.95,0.6362,2.5,0.2370000034570694,-0.0549999997019767,1.1732484973152024,4.594076
560407,10.95,0.6362,2.5,0.2370000034570694,-0.0549999997019767,1.1732484973152024,4.594076
517249,9.4,0.3849,3.0,0.1759999990463256,-1.2230000495910645,2.626576211733084,0.13736811
517249,9.4,0.3849,3.0,0.1759999990463256,-1.2230000495910645,2.626576211733084,0.13736811
422446,10.36,0.7463,1.5,0.125,-0.1759999990463256,2.56678803778268,0.34656057
422446,10.36,0.7463,1.5,0.125,-0.1759999990463256,2.56678803778268,0.34656057
619095,10.47,0.3224,2.5,0.0439999997615814,-0.3970000147819519,1.5114368506909526,1.6248337
619095,10.47,0.3224,2.5,0.0439999997615814,-0.3970000147819519,1.5114368506909526,1.6248337
300613,9.25,0.5546,3.0,0.1759999990463256,-1.2230000495910645,1.3164064654697047,0.08229024
300613,9.25,0.5546,3.0,0.1759999990463256,-1.2230000495910645,1.3164064654697047,0.08229024
383130,8.22,0.7589,3.0,-99.0,-1.6260000467300415,1.6958600389872902,0.014585119
383130,8.22,0.7589,3.0,-99.0,-1.6260000467300415,1.6958600389872902,0.014585119
85479,9.37,0.6758,2.5,0.0949999988079071,-0.7799999713897705,2.235578924043527,0.026905172
85479,9.37,0.6758,2.5,0.0949999988079071,-0.7799999713897705,2.235578924043527,0.026905172
40197,9.63,0.5339,1.5,0.0540000014007091,-0.4169999957084656,2.3409385127868907,0.018638957
40197,9.63,0.5339,1.5,0.0540000014007091,-0.4169999957084656,2.3409385127868907,0.018638957
592835,10.36,0.548,3.0,0.0340000018477439,-0.6589999794960022,1.0949392060230196,1.2276409
592835,10.36,0.548,3.0,0.0340000018477439,-0.6589999794960022,1.0949392060230196,1.2276409
537163,8.58,0.2758,3.0,0.2870000004768371,-1.2829999923706057,1.3164064654697047,0.015682742
537163,8.58,0.2758,3.0,0.2870000004768371,-1.2829999923706057,1.3164064654697047,0.017704083
537163,8.58,0.2758,3.0,0.2870000004768371,-1.2829999923706057,1.3164064654697047,0.014153238
537163,8.58,0.2758,3.0,-99.0,-1.2829999923706057,1.775783460322303,0.015682742
537163,8.58,0.2758,3.0,-99.0,-1.2829999923706057,1.775783460322303,0.017704083
537163,8.58,0.2758,3.0,-99.0,-1.2829999923706057,1.775783460322303,0.014153238
537163,8.58,0.2758,3.0,-99.0,-1.2230000495910645,1.775783460322303,0.015682742
537163,8.58,0.2758,3.0,-99.0,-1.2230000495910645,1.775783460322303,0.017704083
537163,8.58,0.2758,3.0,-99.0,-1.2230000495910645,1.775783460322303,0.014153238
537163,8.58,0.2758,3.0,0.2870000004768371,-1.2829999923706057,1.3164064654697047,0.015682742
537163,8.58,0.2758,3.0,0.2870000004768371,-1.2829999923706057,1.3164064654697047,0.017704083
537163,8.58,0.2758,3.0,0.2870000004768371,-1.2829999923706057,1.3164064654697047,0.014153238
537163,8.58,0.2758,3.0,-99.0,-1.2829999923706057,1.775783460322303,0.015682742
537163,8.58,0.2758,3.0,-99.0,-1.2829999923706057,1.775783460322303,0.017704083
537163,8.58,0.2758,3.0,-99.0,-1.2829999923706057,1.775783460322303,0.014153238
537163,8.58,0.2758,3.0,-99.0,-1.2230000495910645,1.775783460322303,0.015682742
537163,8.58,0.2758,3.0,-99.0,-1.2230000495910645,1.775783460322303,0.017704083
537163,8.58,0.2758,3.0,-99.0,-1.2230000495910645,1.775783460322303,0.014153238
574313,8.89,0.5857,3.0,0.2269999980926513,-1.343999981880188,2.508360808825364,0.037468918
574313,8.89,0.5857,3.0,0.2269999980926513,-1.343999981880188,2.508360808825364,0.037468918
422320,9.56,0.6219,3.0,-0.1080000028014183,-1.4850000143051147,2.508360808825364,0.21375084
422320,9.56,0.6219,3.0,-0.1080000028014183,-1.4850000143051147,2.508360808825364,0.21375084
570364,9.47,0.1813,3.0,-0.0160000007599592,-1.5049999952316284,2.508360808825364,0.21301897
570364,9.47,0.1813,3.0,-0.0160000007599592,-1.5049999952316284,2.508360808825364,0.21301897
594723,8.78,0.3286,3.0,0.0340000018477439,-1.1829999685287476,2.508360808825364,0.0043893154
594723,8.78,0.3286,3.0,0.0340000018477439,-1.1829999685287476,2.508360808825364,0.0043893154
325533,10.1,0.4833,2.5,-0.0469999983906745,-0.6589999794960022,2.086363645634731,0.30693606
325533,10.1,0.4833,2.5,-0.0469999983906745,-0.6589999794960022,2.086363645634731,0.30693606
47286,8.51,0.6822,3.0,0.4390000104904175,-1.4850000143051147,1.5826686749346417,0.004706782
47286,8.51,0.6822,3.0,0.4390000104904175,-1.4850000143051147,1.5826686749346417,0.004706782
372105,10.39,0.5729,1.5,-0.0270000007003545,-0.0750000029802322,2.184690934959677,0.30742633
372105,10.39,0.5729,1.5,-0.0270000007003545,-0.0750000029802322,2.184690934959677,0.30742633
93354,10.4,0.1098,2.5,0.0649999976158142,-0.0949999988079071,1.3784467908321083,0.6598978
93354,10.4,0.1098,2.5,0.0649999976158142,-0.0949999988079071,1.3784467908321083,0.6598978
493812,9.54,0.4466,3.0,0.1049999967217445,-0.7599999904632568,2.086363645634731,0.037450332
493812,9.54,0.4466,3.0,0.1049999967217445,-0.7599999904632568,2.086363645634731,0.037450332
16294,8.91,0.7383,3.0,-0.238999992609024,-2.069000005722046,3.085957969027533,0.05793666
16294,8.91,0.7383,3.0,-0.238999992609024,-2.069000005722046,3.085957969027533,0.05793666
463367,10.4,0.5125,3.0,0.1049999967217445,-0.5789999961853027,1.5466427375869445,1.3757048
463367,10.4,0.5125,3.0,0.1049999967217445,-0.5789999961853027,1.5466427375869445,1.3354039
463367,10.4,0.5125,3.0,0.1049999967217445,-0.5789999961853027,1.5466427375869445,1.3793373
463367,10.4,0.5125,3.0,0.2569999992847442,-0.6389999985694885,1.6195337641628855,1.3757048
463367,10.4,0.5125,3.0,0.2569999992847442,-0.6389999985694885,1.6195337641628855,1.3354039
463367,10.4,0.5125,3.0,0.2569999992847442,-0.6389999985694885,1.6195337641628855,1.3793373
463367,10.4,0.5125,3.0,0.0140000004321336,-0.6589999794960022,1.6195337641628855,1.3757048
463367,10.4,0.5125,3.0,0.0140000004321336,-0.6589999794960022,1.6195337641628855,1.3354039
463367,10.4,0.5125,3.0,0.0140000004321336,-0.6589999794960022,1.6195337641628855,1.3793373
463367,10.4,0.5125,3.0,0.1049999967217445,-0.5789999961853027,1.5466427375869445,1.3757048
463367,10.4,0.5125,3.0,0.1049999967217445,-0.5789999961853027,1.5466427375869445,1.3354039
463367,10.4,0.5125,3.0,0.1049999967217445,-0.5789999961853027,1.5466427375869445,1.3793373
463367,10.4,0.5125,3.0,0.2569999992847442,-0.6389999985694885,1.6195337641628855,1.3757048
463367,10.4,0.5125,3.0,0.2569999992847442,-0.6389999985694885,1.6195337641628855,1.3354039
463367,10.4,0.5125,3.0,0.2569999992847442,-0.6389999985694885,1.6195337641628855,1.3793373
463367,10.4,0.5125,3.0,0.0140000004321336,-0.6589999794960022,1.6195337641628855,1.3757048
463367,10.4,0.5125,3.0,0.0140000004321336,-0.6589999794960022,1.6195337641628855,1.3354039
463367,10.4,0.5125,3.0,0.0140000004321336,-0.6589999794960022,1.6195337641628855,1.3793373
619104,9.39,0.7754,3.0,-0.1280000060796737,-1.0219999551773071,1.9471078453151025,0.05431042
619104,9.39,0.7754,3.0,-0.1280000060796737,-1.0219999551773071,1.9471078453151025,0.05431042
319453,10.4,0.3654,2.0,0.0540000014007091,0.0460000000894069,1.5466427375869445,0.3894588
319453,10.4,0.3654,2.0,0.0540000014007091,0.0460000000894069,1.5466427375869445,0.42679873
319453,10.4,0.3654,2.0,0.0140000004321336,0.0460000000894069,1.5114368506909526,0.3894588
319453,10.4,0.3654,2.0,0.0140000004321336,0.0460000000894069,1.5114368506909526,0.42679873
319453,10.4,0.3654,2.0,0.0540000014007091,0.0460000000894069,1.5466427375869445,0.3894588
319453,10.4,0.3654,2.0,0.0540000014007091,0.0460000000894069,1.5466427375869445,0.42679873
319453,10.4,0.3654,2.0,0.0140000004321336,0.0460000000894069,1.5114368506909526,0.3894588
319453,10.4,0.3654,2.0,0.0140000004321336,0.0460000000894069,1.5114368506909526,0.42679873
324865,8.74,0.6324,3.0,0.2370000034570694,-1.1829999685287476,3.306663538964836,0.02568468
324865,8.74,0.6324,3.0,0.2370000034570694,-1.1829999685287476,3.306663538964836,0.02568468
296685,9.31,0.1489,3.0,-99.0,-0.5180000066757202,1.3164064654697047,0.04456331
296685,9.31,0.1489,3.0,-99.0,-0.5180000066757202,1.3164064654697047,0.04456331
28654,9.14,0.2031,3.0,0.2469999939203262,-1.1019999980926514,1.775783460322303,0.10521274
28654,9.14,0.2031,3.0,0.2469999939203262,-1.1019999980926514,1.775783460322303,0.10521274
227673,9.35,0.1269,3.0,-0.2189999967813491,-1.8669999837875368,3.710137512885986,0.14270581
227673,9.35,0.1269,3.0,-0.2189999967813491,-1.8669999837875368,3.710137512885986,0.13585299
227673,9.35,0.1269,3.0,0.328000009059906,-1.1829999685287476,3.1578391641788226,0.14270581
227673,9.35,0.1269,3.0,0.328000009059906,-1.1829999685287476,3.1578391641788226,0.13585299
227673,9.35,0.1269,3.0,-0.2189999967813491,-1.8669999837875368,3.710137512885986,0.14270581
227673,9.35,0.1269,3.0,-0.2189999967813491,-1.8669999837875368,3.710137512885986,0.13585299
227673,9.35,0.1269,3.0,0.328000009059906,-1.1829999685287476,3.1578391641788226,0.14270581
227673,9.35,0.1269,3.0,0.328000009059906,-1.1829999685287476,3.1578391641788226,0.13585299
62593,10.03,0.7434,3.0,0.2269999980926513,-1.1419999599456787,2.508360808825364,0.15914947
62593,10.03,0.7434,3.0,0.2269999980926513,-1.1419999599456787,2.508360808825364,0.14267811
62593,10.03,0.7434,3.0,0.3079999983310699,-1.1419999599456787,2.508360808825364,0.15914947
62593,10.03,0.7434,3.0,0.3079999983310699,-1.1419999599456787,2.508360808825364,0.14267811
62593,10.03,0.7434,3.0,0.2269999980926513,-1.1419999599456787,2.508360808825364,0.15914947
62593,10.03,0.7434,3.0,0.2269999980926513,-1.1419999599456787,2.508360808825364,0.14267811
62593,10.03,0.7434,3.0,0.3079999983310699,-1.1419999599456787,2.508360808825364,0.15914947
62593,10.03,0.7434,3.0,0.3079999983310699,-1.1419999599456787,2.508360808825364,0.14267811
376478,11.16,0.2987,3.0,0.0649999976158142,-0.7599999904632568,2.0388722109633184,0.94200623
376478,11.16,0.2987,3.0,0.0649999976158142,-0.7599999904632568,2.0388722109633184,0.94200623
178210,8.28,0.3437,3.0,-0.2899999916553497,-1.1419999599456787,1.1732484973152024,0.002815284
178210,8.28,0.3437,3.0,-0.2899999916553497,-1.1419999599456787,1.1732484973152024,0.002815284
508680,9.25,0.2489,3.0,0.0750000029802322,-0.9810000061988832,3.625684472456604,0.07687265
508680,9.25,0.2489,3.0,0.0750000029802322,-0.9810000061988832,3.625684472456604,0.07687265
514212,9.41,0.5999,3.0,0.1860000044107437,-1.1019999980926514,2.508360808825364,0.31822857
514212,9.41,0.5999,3.0,0.1860000044107437,-1.1019999980926514,2.508360808825364,0.31822857
422933,10.16,0.5865,2.0,0.2060000002384185,-0.6589999794960022,2.0388722109633184,0.63238704
422933,10.16,0.5865,2.0,0.2060000002384185,-0.6589999794960022,2.0388722109633184,0.63238704
220320,8.85,0.2873,3.0,-99.0,-99.0,-99.0,0.0033295054
220320,8.85,0.2873,3.0,-99.0,-99.0,-99.0,0.0033295054
371959,9.24,0.6213,3.0,-99.0,-1.1419999599456787,1.3164064654697047,0.022151835
371959,9.24,0.6213,3.0,-99.0,-1.1419999599456787,1.3164064654697047,0.022151835
419549,10.4,0.4191,2.5,-0.1080000028014183,-0.0750000029802322,1.6195337641628855,0.5242887
419549,10.4,0.4191,2.5,-0.1080000028014183,-0.0750000029802322,1.6195337641628855,0.5242887
40482,9.01,0.1962,3.0,0.0340000018477439,-1.1829999685287476,2.750362934937096,0.06330707
40482,9.01,0.1962,3.0,0.0340000018477439,-1.1829999685287476,2.750362934937096,0.05910153
40482,9.01,0.1962,3.0,-0.0370000004768371,-1.1419999599456787,1.8594735564600955,0.06330707
40482,9.01,0.1962,3.0,-0.0370000004768371,-1.1419999599456787,1.8594735564600955,0.05910153
40482,9.01,0.1962,3.0,0.0340000018477439,-1.1829999685287476,2.750362934937096,0.06330707
40482,9.01,0.1962,3.0,0.0340000018477439,-1.1829999685287476,2.750362934937096,0.05910153
40482,9.01,0.1962,3.0,-0.0370000004768371,-1.1419999599456787,1.8594735564600955,0.06330707
40482,9.01,0.1962,3.0,-0.0370000004768371,-1.1419999599456787,1.8594735564600955,0.05910153
543860,10.01,0.1966,3.0,-0.0469999983906745,-1.062000036239624,1.775783460322303,1.8001183
543860,10.01,0.1966,3.0,-0.0469999983906745,-1.062000036239624,1.775783460322303,1.8677678
543860,10.01,0.1966,3.0,-0.0469999983906745,-1.062000036239624,1.775783460322303,1.9258507
543860,10.01,0.1966,3.0,-0.0570000000298023,-1.1419999599456787,1.2864413959638756,1.8001183
543860,10.01,0.1966,3.0,-0.0570000000298023,-1.1419999599456787,1.2864413959638756,1.8677678
543860,10.01,0.1966,3.0,-0.0570000000298023,-1.1419999599456787,1.2864413959638756,1.9258507
543860,10.01,0.1966,3.0,-0.0370000004768371,-1.1419999599456787,1.2285419954965675,1.8001183
543860,10.01,0.1966,3.0,-0.0370000004768371,-1.1419999599456787,1.2285419954965675,1.8677678
543860,10.01,0.1966,3.0,-0.0370000004768371,-1.1419999599456787,1.2285419954965675,1.9258507
543860,10.01,0.1966,3.0,-0.0469999983906745,-1.062000036239624,1.775783460322303,1.8001183
543860,10.01,0.1966,3.0,-0.0469999983906745,-1.062000036239624,1.775783460322303,1.8677678
543860,10.01,0.1966,3.0,-0.0469999983906745,-1.062000036239624,1.775783460322303,1.9258507
543860,10.01,0.1966,3.0,-0.0570000000298023,-1.1419999599456787,1.2864413959638756,1.8001183
543860,10.01,0.1966,3.0,-0.0570000000298023,-1.1419999599456787,1.2864413959638756,1.8677678
543860,10.01,0.1966,3.0,-0.0570000000298023,-1.1419999599456787,1.2864413959638756,1.9258507
543860,10.01,0.1966,3.0,-0.0370000004768371,-1.1419999599456787,1.2285419954965675,1.8001183
543860,10.01,0.1966,3.0,-0.0370000004768371,-1.1419999599456787,1.2285419954965675,1.8677678
543860,10.01,0.1966,3.0,-0.0370000004768371,-1.1419999599456787,1.2285419954965675,1.9258507
238360,10.15,0.7005,3.0,0.1759999990463256,-0.2560000121593475,2.184690934959677,0.25013795
238360,10.15,0.7005,3.0,0.1759999990463256,-0.2560000121593475,2.184690934959677,0.25013795
238406,10.45,0.3745,3.0,0.296999990940094,-0.5789999961853027,1.6572575516299524,0.95378184
238406,10.45,0.3745,3.0,0.296999990940094,-0.5789999961853027,1.6572575516299524,0.95378184
585314,9.18,0.7105,3.0,0.2060000002384185,-0.9610000252723694,2.3409385127868907,0.08183078
585314,9.18,0.7105,3.0,0.2060000002384185,-0.9610000252723694,2.3409385127868907,0.08183078
16392,9.22,0.2934,-9.0,-99.0,-0.1759999990463256,16.95860038987291,3.0320596e-05
16392,9.22,0.2934,-9.0,-99.0,-0.1759999990463256,16.95860038987291,3.0320596e-05
517306,9.38,0.3657,3.0,0.1049999967217445,-1.6460000276565552,2.3409385127868907,0.19534414
517306,9.38,0.3657,3.0,0.1049999967217445,-1.6460000276565552,2.3409385127868907,0.19534414
77845,10.11,0.667,3.0,0.1860000044107437,-1.444000005722046,1.9924618133258227,0.088540085
77845,10.11,0.667,3.0,0.1860000044107437,-1.444000005722046,1.9924618133258227,0.088540085
289112,9.46,0.3337,-9.0,0.0850000008940696,-0.2759999930858612,5.004837794194108,0.00018809637
289112,9.46,0.3337,-9.0,0.0850000008940696,-0.2759999930858612,5.004837794194108,0.00018809637
322910,9.74,0.1885,3.0,0.0649999976158142,-0.5789999961853027,1.9924618133258227,0.17566752
322910,9.74,0.1885,3.0,0.0649999976158142,-0.5789999961853027,1.9924618133258227,0.17566752
504713,10.47,0.6729,2.5,0.2870000004768371,-0.6790000200271606,1.5114368506909526,1.9353964
504713,10.47,0.6729,2.5,0.2870000004768371,-0.6790000200271606,1.5114368506909526,1.9353964
388200,10.03,0.8025,2.5,0.1459999978542328,-0.2160000056028366,2.750362934937096,0.07092438
388200,10.03,0.8025,2.5,0.1459999978542328,-0.2160000056028366,2.750362934937096,0.07092438
388424,10.78,0.0551,2.0,0.1150000020861625,-0.4979999959468841,1.5114368506909526,5.600453
388424,10.78,0.0551,2.0,0.1150000020861625,-0.4979999959468841,1.5114368506909526,5.600453
240352,9.86,0.8012,1.5,0.135000005364418,-0.31700000166893,2.626576211733084,0.084960125
240352,9.86,0.8012,1.5,0.135000005364418,-0.31700000166893,2.626576211733084,0.084960125
220375,9.19,0.4995,3.0,0.1049999967217445,-0.8600000143051147,11.732484973152026,0.0008471562
220375,9.19,0.4995,3.0,0.1049999967217445,-0.8600000143051147,11.732484973152026,0.0008471562
227618,10.33,0.1551,2.5,0.1759999990463256,-0.4779999852180481,2.134961297927347,0.5983049
227618,10.33,0.1551,2.5,0.1759999990463256,-0.4779999852180481,2.134961297927347,0.5983049
422610,9.38,0.5147,3.0,0.1659999936819076,-0.5580000281333923,2.395465975494956,0.0074959868
422610,9.38,0.5147,3.0,0.1659999936819076,-0.5580000281333923,2.395465975494956,0.0074959868
535429,10.96,0.0783,2.0,0.0240000002086162,0.0659999996423721,1.4434109866494478,1.4173731
535429,10.96,0.0783,2.0,0.0240000002086162,0.0659999996423721,1.4434109866494478,1.4173731
537399,9.63,0.3216,3.0,0.2269999980926513,-0.296999990940094,2.3409385127868907,0.1828091
537399,9.63,0.3216,3.0,0.2269999980926513,-0.296999990940094,2.3409385127868907,0.1828091
574200,9.37,0.7916,3.0,-0.2899999916553497,-1.465000033378601,3.015712989638904,0.15308006
574200,9.37,0.7916,3.0,-0.2899999916553497,-1.465000033378601,3.015712989638904,0.15308006
592542,8.31,0.3966,3.0,0.4390000104904175,-1.1829999685287476,1.7353616937846603,0.016870426
592542,8.31,0.3966,3.0,0.4390000104904175,-1.1829999685287476,1.7353616937846603,0.015929846
592542,8.31,0.3966,3.0,0.2669999897480011,-1.2230000495910645,1.3164064654697047,0.016870426
592542,8.31,0.3966,3.0,0.2669999897480011,-1.2230000495910645,1.3164064654697047,0.015929846
592542,8.31,0.3966,3.0,0.4390000104904175,-1.1829999685287476,1.7353616937846603,0.016870426
592542,8.31,0.3966,3.0,0.4390000104904175,-1.1829999685287476,1.7353616937846603,0.015929846
592542,8.31,0.3966,3.0,0.2669999897480011,-1.2230000495910645,1.3164064654697047,0.016870426
592542,8.31,0.3966,3.0,0.2669999897480011,-1.2230000495910645,1.3164064654697047,0.015929846
319139,8.63,0.5653,3.0,0.5,-1.444000005722046,3.710137512885986,0.031998567
319139,8.63,0.5653,3.0,0.5,-1.444000005722046,3.710137512885986,0.03633299
319139,8.63,0.5653,3.0,0.5,-1.444000005722046,3.710137512885986,0.027259199
319139,8.63,0.5653,3.0,0.3779999911785126,-1.2029999494552612,3.4625017904490982,0.031998567
319139,8.63,0.5653,3.0,0.3779999911785126,-1.2029999494552612,3.4625017904490982,0.03633299
319139,8.63,0.5653,3.0,0.3779999911785126,-1.2029999494552612,3.4625017904490982,0.027259199
319139,8.63,0.5653,3.0,0.5,-1.1829999685287476,4.460566379282725,0.031998567
319139,8.63,0.5653,3.0,0.5,-1.1829999685287476,4.460566379282725,0.03633299
319139,8.63,0.5653,3.0,0.5,-1.1829999685287476,4.460566379282725,0.027259199
319139,8.63,0.5653,3.0,0.5,-1.444000005722046,3.710137512885986,0.031998567
319139,8.63,0.5653,3.0,0.5,-1.444000005722046,3.710137512885986,0.03633299
319139,8.63,0.5653,3.0,0.5,-1.444000005722046,3.710137512885986,0.027259199
319139,8.63,0.5653,3.0,0.3779999911785126,-1.2029999494552612,3.4625017904490982,0.031998567
319139,8.63,0.5653,3.0,0.3779999911785126,-1.2029999494552612,3.4625017904490982,0.03633299
319139,8.63,0.5653,3.0,0.3779999911785126,-1.2029999494552612,3.4625017904490982,0.027259199
319139,8.63,0.5653,3.0,0.5,-1.1829999685287476,4.460566379282725,0.031998567
319139,8.63,0.5653,3.0,0.5,-1.1829999685287476,4.460566379282725,0.03633299
319139,8.63,0.5653,3.0,0.5,-1.1829999685287476,4.460566379282725,0.027259199
594986,10.23,0.7415,3.0,-0.006000000052154,-0.1959999948740005,1.8594735564600955,0.22400598
594986,10.23,0.7415,3.0,-0.006000000052154,-0.1959999948740005,1.8594735564600955,0.22400598
16026,10.23,0.6311,2.5,0.2469999939203262,-0.5580000281333923,1.8171467707558813,0.46736193
16026,10.23,0.6311,2.5,0.2469999939203262,-0.5580000281333923,1.8171467707558813,0.46736193
55648,8.97,0.41,3.0,0.2060000002384185,-1.121999979019165,1.775783460322303,0.06378009
55648,8.97,0.41,3.0,0.2060000002384185,-1.121999979019165,1.775783460322303,0.06378009
238221,10.22,0.7108,3.0,0.0439999997615814,-0.2759999930858612,2.0388722109633184,0.3588834
238221,10.22,0.7108,3.0,0.0439999997615814,-0.2759999930858612,2.0388722109633184,0.3588834
381225,10.13,0.5374,3.0,-0.0570000000298023,-0.5180000066757202,1.5466427375869445,0.64646506
381225,10.13,0.5374,3.0,-0.0570000000298023,-0.5180000066757202,1.5466427375869445,0.64646506
463660,9.02,0.0827,3.0,-99.0,-0.9610000252723694,4.7795829876952505,0.03806348
463660,9.02,0.0827,3.0,-99.0,-0.9610000252723694,4.7795829876952505,0.03806348
619737,10.25,0.6545,3.0,0.1049999967217445,-0.5180000066757202,1.1204436164968088,0.7791264
619737,10.25,0.6545,3.0,0.1049999967217445,-0.5180000066757202,1.1204436164968088,0.7791264
594785,8.35,0.4944,3.0,-99.0,-1.2630000114440918,1.2571584147142514,0.0039677164
594785,8.35,0.4944,3.0,-99.0,-1.2630000114440918,1.2571584147142514,0.0039677164
586494,9.53,0.8249,3.0,-0.2090000063180923,-1.243000030517578,2.508360808825364,0.39088187
586494,9.53,0.8249,3.0,-0.2090000063180923,-1.243000030517578,2.508360808825364,0.39088187
22932,9.47,0.0237,3.0,0.328000009059906,-1.565000057220459,1.8594735564600955,0.17025496
22932,9.47,0.0237,3.0,0.328000009059906,-1.565000057220459,1.8594735564600955,0.17025496
144402,10.25,0.352,2.5,0.1959999948740005,-0.7200000286102295,1.3164064654697047,1.078864
144402,10.25,0.352,2.5,0.1959999948740005,-0.7200000286102295,1.3164064654697047,0.9080833
144402,10.25,0.352,2.5,0.2870000004768371,-0.6790000200271606,1.3784467908321083,1.078864
144402,10.25,0.352,2.5,0.2870000004768371,-0.6790000200271606,1.3784467908321083,0.9080833
144402,10.25,0.352,2.5,0.1959999948740005,-0.7200000286102295,1.3164064654697047,1.078864
144402,10.25,0.352,2.5,0.1959999948740005,-0.7200000286102295,1.3164064654697047,0.9080833
144402,10.25,0.352,2.5,0.2870000004768371,-0.6790000200271606,1.3784467908321083,1.078864
144402,10.25,0.352,2.5,0.2870000004768371,-0.6790000200271606,1.3784467908321083,0.9080833
574193,8.73,0.1848,3.0,-99.0,-1.847000002861023,3.625684472456604,0.042039704
574193,8.73,0.1848,3.0,-99.0,-1.847000002861023,3.625684472456604,0.042039704
69535,9.6,0.724,3.0,0.1659999936819076,-1.0219999551773071,2.086363645634731,0.15737715
69535,9.6,0.724,3.0,0.1659999936819076,-1.0219999551773071,2.086363645634731,0.15737715
221194,9.0,0.7617,3.0,-0.0869999974966049,-1.162999987602234,3.1578391641788226,0.014079601
221194,9.0,0.7617,3.0,-0.0869999974966049,-1.162999987602234,3.1578391641788226,0.014079601
252005,10.37,0.5553,2.0,0.0340000018477439,-0.1759999990463256,2.184690934959677,0.22694977
252005,10.37,0.5553,2.0,0.0340000018477439,-0.1759999990463256,2.184690934959677,0.22694977
585659,9.23,0.5375,3.0,0.1459999978542328,-0.9610000252723694,1.9924618133258227,0.036938738
585659,9.23,0.5375,3.0,0.1459999978542328,-0.9610000252723694,1.9924618133258227,0.036938738
55346,9.1,0.4456,3.0,0.125,-1.121999979019165,1.200576965506572,0.032922212
55346,9.1,0.4456,3.0,0.125,-1.121999979019165,1.200576965506572,0.032922212
419299,9.67,0.2368,3.0,0.0240000002086162,-1.121999979019165,1.7353616937846603,0.28451744
419299,9.67,0.2368,3.0,0.0240000002086162,-1.121999979019165,1.7353616937846603,0.28451744
93674,10.66,0.6592,2.5,0.0750000029802322,0.1059999987483024,1.775783460322303,1.1512394
93674,10.66,0.6592,2.5,0.0750000029802322,0.1059999987483024,1.775783460322303,1.1512394
99410,8.56,0.7641,3.0,-99.0,-0.8399999737739563,3.085957969027533,0.012795615
99410,8.56,0.7641,3.0,-99.0,-0.8399999737739563,3.085957969027533,0.012795615
372374,9.28,0.587,3.0,0.0540000014007091,-1.0820000171661377,1.902786259656987,0.07495412
372374,9.28,0.587,3.0,0.0540000014007091,-1.0820000171661377,1.902786259656987,0.07495412
290396,7.72,0.1887,3.0,-0.2899999916553497,-1.9279999732971191,3.625684472456604,0.004981069
290396,7.72,0.1887,3.0,-0.2899999916553497,-1.9279999732971191,3.625684472456604,0.004981069
535417,9.49,0.7207,3.0,0.0240000002086162,-0.7599999904632568,1.1204436164968088,0.06946622
535417,9.49,0.7207,3.0,0.0240000002086162,-0.7599999904632568,1.1204436164968088,0.06946622
220330,9.56,0.4275,2.5,0.0649999976158142,-0.4379999935626983,2.287652246664289,0.029884951
220330,9.56,0.4275,2.5,0.0649999976158142,-0.4379999935626983,2.287652246664289,0.029884951
84048,8.66,0.3345,3.0,-0.1889999955892563,-1.243000030517578,1.2571584147142514,0.010493596
84048,8.66,0.3345,3.0,-0.1889999955892563,-1.243000030517578,1.2571584147142514,0.010493596
214860,9.75,0.4855,3.0,-0.2590000033378601,-1.72599995136261,2.287652246664289,0.41408148
214860,9.75,0.4855,3.0,-0.2590000033378601,-1.72599995136261,2.287652246664289,0.41408148
184366,9.46,0.2204,1.5,0.0649999976158142,-0.4580000042915344,4.06808488757239,0.027263993
184366,9.46,0.2204,1.5,0.0649999976158142,-0.4580000042915344,4.06808488757239,0.027263993
92770,9.93,0.4204,-9.0,0.125,-0.5379999876022339,5.487695516567193,0.0108004715
92770,9.93,0.4204,-9.0,0.125,-0.5379999876022339,5.487695516567193,0.0108004715
537367,9.14,0.3288,5.0,0.0850000008940696,-1.0820000171661377,2.508360808825364,0.054481238
537367,9.14,0.3288,5.0,0.0850000008940696,-1.0820000171661377,2.508360808825364,0.061569918
537367,9.14,0.3288,5.0,0.0850000008940696,-1.0820000171661377,2.508360808825364,0.05258887
537367,9.14,0.3288,5.0,0.0850000008940696,-1.0820000171661377,2.508360808825364,0.05626907
537367,9.14,0.3288,5.0,0.2469999939203262,-1.2230000495910645,1.4434109866494478,0.054481238
537367,9.14,0.3288,5.0,0.2469999939203262,-1.2230000495910645,1.4434109866494478,0.061569918
537367,9.14,0.3288,5.0,0.2469999939203262,-1.2230000495910645,1.4434109866494478,0.05258887
537367,9.14,0.3288,5.0,0.2469999939203262,-1.2230000495910645,1.4434109866494478,0.05626907
537367,9.14,0.3288,5.0,-0.006000000052154,-1.1419999599456787,3.543153817926126,0.054481238
537367,9.14,0.3288,5.0,-0.006000000052154,-1.1419999599456787,3.543153817926126,0.061569918
537367,9.14,0.3288,5.0,-0.006000000052154,-1.1419999599456787,3.543153817926126,0.05258887
537367,9.14,0.3288,5.0,-0.006000000052154,-1.1419999599456787,3.543153817926126,0.05626907
537367,9.14,0.3288,5.0,0.0750000029802322,-1.0420000553131104,2.0388722109633184,0.054481238
537367,9.14,0.3288,5.0,0.0750000029802322,-1.0420000553131104,2.0388722109633184,0.061569918
537367,9.14,0.3288,5.0,0.0750000029802322,-1.0420000553131104,2.0388722109633184,0.05258887
537367,9.14,0.3288,5.0,0.0750000029802322,-1.0420000553131104,2.0388722109633184,0.05626907
537367,9.14,0.3288,5.0,0.0850000008940696,-1.0820000171661377,2.508360808825364,0.054481238
537367,9.14,0.3288,5.0,0.0850000008940696,-1.0820000171661377,2.508360808825364,0.061569918
537367,9.14,0.3288,5.0,0.0850000008940696,-1.0820000171661377,2.508360808825364,0.05258887
537367,9.14,0.3288,5.0,0.0850000008940696,-1.0820000171661377,2.508360808825364,0.05626907
537367,9.14,0.3288,5.0,0.2469999939203262,-1.2230000495910645,1.4434109866494478,0.054481238
537367,9.14,0.3288,5.0,0.2469999939203262,-1.2230000495910645,1.4434109866494478,0.061569918
537367,9.14,0.3288,5.0,0.2469999939203262,-1.2230000495910645,1.4434109866494478,0.05258887
537367,9.14,0.3288,5.0,0.2469999939203262,-1.2230000495910645,1.4434109866494478,0.05626907
537367,9.14,0.3288,5.0,-0.006000000052154,-1.1419999599456787,3.543153817926126,0.054481238
537367,9.14,0.3288,5.0,-0.006000000052154,-1.1419999599456787,3.543153817926126,0.061569918
537367,9.14,0.3288,5.0,-0.006000000052154,-1.1419999599456787,3.543153817926126,0.05258887
537367,9.14,0.3288,5.0,-0.006000000052154,-1.1419999599456787,3.543153817926126,0.05626907
537367,9.14,0.3288,5.0,0.0750000029802322,-1.0420000553131104,2.0388722109633184,0.054481238
537367,9.14,0.3288,5.0,0.0750000029802322,-1.0420000553131104,2.0388722109633184,0.061569918
537367,9.14,0.3288,5.0,0.0750000029802322,-1.0420000553131104,2.0388722109633184,0.05258887
537367,9.14,0.3288,5.0,0.0750000029802322,-1.0420000553131104,2.0388722109633184,0.05626907
583637,10.01,0.054,2.0,0.0540000014007091,-0.2160000056028366,1.5826686749346417,0.25279734
583637,10.01,0.054,2.0,0.0540000014007091,-0.2160000056028366,1.5826686749346417,0.25279734
239376,9.58,0.6775,3.0,0.125,-1.0010000467300415,1.8594735564600955,0.15961637
239376,9.58,0.6775,3.0,0.125,-1.0010000467300415,1.8594735564600955,0.15774831
239376,9.58,0.6775,3.0,0.1560000032186508,-1.0010000467300415,1.8594735564600955,0.15961637
239376,9.58,0.6775,3.0,0.1560000032186508,-1.0010000467300415,1.8594735564600955,0.15774831
239376,9.58,0.6775,3.0,0.125,-1.0010000467300415,1.8594735564600955,0.15961637
239376,9.58,0.6775,3.0,0.125,-1.0010000467300415,1.8594735564600955,0.15774831
239376,9.58,0.6775,3.0,0.1560000032186508,-1.0010000467300415,1.8594735564600955,0.15961637
239376,9.58,0.6775,3.0,0.1560000032186508,-1.0010000467300415,1.8594735564600955,0.15774831
28738,10.05,0.4186,3.0,0.0540000014007091,-0.7599999904632568,1.3164064654697047,0.48916522
28738,10.05,0.4186,3.0,0.0540000014007091,-0.7599999904632568,1.3164064654697047,0.48916522
623272,10.25,0.2959,2.0,0.2669999897480011,-0.2160000056028366,1.6958600389872902,0.86116076
623272,10.25,0.2959,2.0,0.2669999897480011,-0.2160000056028366,1.6958600389872902,0.86116076
208892,9.39,0.4807,3.0,-99.0,-0.9210000038146972,3.4625017904490982,0.08911028
208892,9.39,0.4807,3.0,-99.0,-0.9210000038146972,3.4625017904490982,0.08911028
348116,10.61,0.8102,2.0,0.1459999978542328,-0.1360000073909759,3.306663538964836,0.5600847
348116,10.61,0.8102,2.0,0.1459999978542328,-0.1360000073909759,3.306663538964836,0.5600847
227036,9.56,0.3863,3.0,0.125,-1.5449999570846558,1.5826686749346417,0.613903
227036,9.56,0.3863,3.0,0.125,-1.5449999570846558,1.5826686749346417,0.613903
77445,8.68,0.0828,3.0,-0.3000000119209289,-1.565000057220459,2.9470669811950616,0.02550592
77445,8.68,0.0828,3.0,-0.3000000119209289,-1.565000057220459,2.9470669811950616,0.025700081
77445,8.68,0.0828,3.0,-0.2800000011920929,-1.6460000276565552,3.383685627252995,0.02550592
77445,8.68,0.0828,3.0,-0.2800000011920929,-1.6460000276565552,3.383685627252995,0.025700081
77445,8.68,0.0828,3.0,-0.3000000119209289,-1.565000057220459,2.9470669811950616,0.02550592
77445,8.68,0.0828,3.0,-0.3000000119209289,-1.565000057220459,2.9470669811950616,0.025700081
77445,8.68,0.0828,3.0,-0.2800000011920929,-1.6460000276565552,3.383685627252995,0.02550592
77445,8.68,0.0828,3.0,-0.2800000011920929,-1.6460000276565552,3.383685627252995,0.025700081
28860,9.46,0.6706,3.0,0.1049999967217445,-1.0420000553131104,2.508360808825364,0.18090726
28860,9.46,0.6706,3.0,0.1049999967217445,-1.0420000553131104,2.508360808825364,0.19085227
28860,9.46,0.6706,3.0,0.0540000014007091,-1.1019999980926514,2.508360808825364,0.18090726
28860,9.46,0.6706,3.0,0.0540000014007091,-1.1019999980926514,2.508360808825364,0.19085227
28860,9.46,0.6706,3.0,0.1049999967217445,-1.0420000553131104,2.508360808825364,0.18090726
28860,9.46,0.6706,3.0,0.1049999967217445,-1.0420000553131104,2.508360808825364,0.19085227
28860,9.46,0.6706,3.0,0.0540000014007091,-1.1019999980926514,2.508360808825364,0.18090726
28860,9.46,0.6706,3.0,0.0540000014007091,-1.1019999980926514,2.508360808825364,0.19085227
512204,10.06,0.8446,2.0,-0.1889999955892563,-0.6990000009536743,5.004837794194108,0.10317885
512204,10.06,0.8446,2.0,-0.1889999955892563,-0.6990000009536743,5.004837794194108,0.10317885
273577,8.35,0.4564,3.0,-99.0,-1.0420000553131104,3.625684472456604,0.0077232462
273577,8.35,0.4564,3.0,-99.0,-1.0420000553131104,3.625684472456604,0.0077232462
463668,10.98,0.2543,2.0,0.296999990940094,-0.4379999935626983,1.4434109866494478,4.748892
463668,10.98,0.2543,2.0,0.296999990940094,-0.4379999935626983,1.4434109866494478,4.748892
365316,8.48,0.2716,3.0,0.3680000007152557,-1.6260000467300415,2.9470669811950616,0.0055414797
365316,8.48,0.2716,3.0,0.3680000007152557,-1.6260000467300415,2.9470669811950616,0.0055414797
548739,10.15,0.8017,3.0,-0.0160000007599592,-0.9409999847412108,3.015712989638904,0.7860044
548739,10.15,0.8017,3.0,-0.0160000007599592,-0.9409999847412108,3.015712989638904,0.7860044
569433,9.63,0.3085,3.0,0.125,-0.4379999935626983,1.4770323476194291,0.15824437
569433,9.63,0.3085,3.0,0.125,-0.4379999935626983,1.4770323476194291,0.15824437
320068,9.17,0.2761,3.0,-0.006000000052154,-1.5850000381469729,2.508360808825364,0.07428663
320068,9.17,0.2761,3.0,-0.006000000052154,-1.5850000381469729,2.508360808825364,0.08028263
320068,9.17,0.2761,3.0,-0.2899999916553497,-1.6260000467300415,2.626576211733084,0.07428663
320068,9.17,0.2761,3.0,-0.2899999916553497,-1.6260000467300415,2.626576211733084,0.08028263
320068,9.17,0.2761,3.0,-0.006000000052154,-1.5850000381469729,2.508360808825364,0.07428663
320068,9.17,0.2761,3.0,-0.006000000052154,-1.5850000381469729,2.508360808825364,0.08028263
320068,9.17,0.2761,3.0,-0.2899999916553497,-1.6260000467300415,2.626576211733084,0.07428663
320068,9.17,0.2761,3.0,-0.2899999916553497,-1.6260000467300415,2.626576211733084,0.08028263
208520,9.65,0.1567,3.0,0.0850000008940696,-0.9210000038146972,2.086363645634731,0.16351995
208520,9.65,0.1567,3.0,0.0850000008940696,-0.9210000038146972,2.086363645634731,0.16351995
567598,10.67,0.5917,2.0,0.2469999939203262,-0.1759999990463256,2.134961297927347,1.4038517
567598,10.67,0.5917,2.0,0.2469999939203262,-0.1759999990463256,2.134961297927347,1.4038517
619224,9.1,0.4283,3.0,0.4589999914169311,-1.968000054359436,3.1578391641788226,0.1629754
619224,9.1,0.4283,3.0,0.4589999914169311,-1.968000054359436,3.1578391641788226,0.1629754
463317,8.61,0.8224,3.0,-99.0,-1.8669999837875368,1.2571584147142514,0.0117162075
463317,8.61,0.8224,3.0,-99.0,-1.8669999837875368,1.2571584147142514,0.0117162075
36923,9.04,0.1199,3.0,-99.0,-1.9479999542236328,1.1732484973152024,0.06517187
36923,9.04,0.1199,3.0,-99.0,-1.9479999542236328,1.1732484973152024,0.04863747
36923,9.04,0.1199,3.0,-99.0,-1.9479999542236328,1.1732484973152024,0.03779147
36923,9.04,0.1199,3.0,-99.0,-99.0,-99.0,0.06517187
36923,9.04,0.1199,3.0,-99.0,-99.0,-99.0,0.04863747
36923,9.04,0.1199,3.0,-99.0,-99.0,-99.0,0.03779147
36923,9.04,0.1199,3.0,-99.0,-99.0,-99.0,0.06517187
36923,9.04,0.1199,3.0,-99.0,-99.0,-99.0,0.04863747
36923,9.04,0.1199,3.0,-99.0,-99.0,-99.0,0.03779147
36923,9.04,0.1199,3.0,-99.0,-1.9479999542236328,1.1732484973152024,0.06517187
36923,9.04,0.1199,3.0,-99.0,-1.9479999542236328,1.1732484973152024,0.04863747
36923,9.04,0.1199,3.0,-99.0,-1.9479999542236328,1.1732484973152024,0.03779147
36923,9.04,0.1199,3.0,-99.0,-99.0,-99.0,0.06517187
36923,9.04,0.1199,3.0,-99.0,-99.0,-99.0,0.04863747
36923,9.04,0.1199,3.0,-99.0,-99.0,-99.0,0.03779147
36923,9.04,0.1199,3.0,-99.0,-99.0,-99.0,0.06517187
36923,9.04,0.1199,3.0,-99.0,-99.0,-99.0,0.04863747
36923,9.04,0.1199,3.0,-99.0,-99.0,-99.0,0.03779147
78921,9.44,0.452,3.0,0.0240000002086162,-1.0820000171661377,1.9924618133258227,0.06913197
78921,9.44,0.452,3.0,0.0240000002086162,-1.0820000171661377,1.9924618133258227,0.06913197
41164,8.42,0.4252,3.0,-99.0,-1.524999976158142,1.3784467908321083,0.022610791
41164,8.42,0.4252,3.0,-99.0,-1.524999976158142,1.3784467908321083,0.027293455
41164,8.42,0.4252,3.0,-99.0,-1.524999976158142,1.3784467908321083,0.022062663
41164,8.42,0.4252,3.0,-99.0,-1.524999976158142,1.3784467908321083,0.039173797
41164,8.42,0.4252,3.0,-0.2800000011920929,-1.5850000381469729,1.8171467707558813,0.022610791
41164,8.42,0.4252,3.0,-0.2800000011920929,-1.5850000381469729,1.8171467707558813,0.027293455
41164,8.42,0.4252,3.0,-0.2800000011920929,-1.5850000381469729,1.8171467707558813,0.022062663
41164,8.42,0.4252,3.0,-0.2800000011920929,-1.5850000381469729,1.8171467707558813,0.039173797
41164,8.42,0.4252,3.0,-99.0,-2.007999897003174,5.121415442300698,0.022610791
41164,8.42,0.4252,3.0,-99.0,-2.007999897003174,5.121415442300698,0.027293455
41164,8.42,0.4252,3.0,-99.0,-2.007999897003174,5.121415442300698,0.022062663
41164,8.42,0.4252,3.0,-99.0,-2.007999897003174,5.121415442300698,0.039173797
41164,8.42,0.4252,3.0,-99.0,-1.6660000085830688,2.086363645634731,0.022610791
41164,8.42,0.4252,3.0,-99.0,-1.6660000085830688,2.086363645634731,0.027293455
41164,8.42,0.4252,3.0,-99.0,-1.6660000085830688,2.086363645634731,0.022062663
41164,8.42,0.4252,3.0,-99.0,-1.6660000085830688,2.086363645634731,0.039173797
41164,8.42,0.4252,3.0,-99.0,-1.524999976158142,1.3784467908321083,0.022610791
41164,8.42,0.4252,3.0,-99.0,-1.524999976158142,1.3784467908321083,0.027293455
41164,8.42,0.4252,3.0,-99.0,-1.524999976158142,1.3784467908321083,0.022062663
41164,8.42,0.4252,3.0,-99.0,-1.524999976158142,1.3784467908321083,0.039173797
41164,8.42,0.4252,3.0,-0.2800000011920929,-1.5850000381469729,1.8171467707558813,0.022610791
41164,8.42,0.4252,3.0,-0.2800000011920929,-1.5850000381469729,1.8171467707558813,0.027293455
41164,8.42,0.4252,3.0,-0.2800000011920929,-1.5850000381469729,1.8171467707558813,0.022062663
41164,8.42,0.4252,3.0,-0.2800000011920929,-1.5850000381469729,1.8171467707558813,0.039173797
41164,8.42,0.4252,3.0,-99.0,-2.007999897003174,5.121415442300698,0.022610791
41164,8.42,0.4252,3.0,-99.0,-2.007999897003174,5.121415442300698,0.027293455
41164,8.42,0.4252,3.0,-99.0,-2.007999897003174,5.121415442300698,0.022062663
41164,8.42,0.4252,3.0,-99.0,-2.007999897003174,5.121415442300698,0.039173797
41164,8.42,0.4252,3.0,-99.0,-1.6660000085830688,2.086363645634731,0.022610791
41164,8.42,0.4252,3.0,-99.0,-1.6660000085830688,2.086363645634731,0.027293455
41164,8.42,0.4252,3.0,-99.0,-1.6660000085830688,2.086363645634731,0.022062663
41164,8.42,0.4252,3.0,-99.0,-1.6660000085830688,2.086363645634731,0.039173797
9112,9.48,0.5636,3.0,-0.1480000019073486,-1.2029999494552612,1.8594735564600955,0.09853957
9112,9.48,0.5636,3.0,-0.1480000019073486,-1.2029999494552612,1.8594735564600955,0.09853957
107214,9.88,0.3649,3.0,0.0439999997615814,-0.4779999852180481,2.086363645634731,0.2137516
107214,9.88,0.3649,3.0,0.0439999997615814,-0.4779999852180481,2.086363645634731,0.2137516
238351,10.14,0.4717,2.0,0.125,-0.1360000073909759,2.086363645634731,0.24201573
238351,10.14,0.4717,2.0,0.125,-0.1360000073909759,2.086363645634731,0.24201573
611094,8.96,0.5663,3.0,0.2669999897480011,-1.0420000553131104,2.395465975494956,0.019383207
611094,8.96,0.5663,3.0,0.2669999897480011,-1.0420000553131104,2.395465975494956,0.019383207
198591,9.61,0.3414,3.0,0.3889999985694885,-1.0820000171661377,4.7795829876952505,0.28558958
198591,9.61,0.3414,3.0,0.3889999985694885,-1.0820000171661377,4.7795829876952505,0.28558958
79771,9.02,0.2966,3.0,-99.0,-1.3240000009536743,1.2571584147142514,0.0672738
79771,9.02,0.2966,3.0,-99.0,-1.3240000009536743,1.2571584147142514,0.0672738
23075,10.38,0.5797,1.5,0.125,0.0260000005364418,4.06808488757239,0.05670178
23075,10.38,0.5797,1.5,0.125,0.0260000005364418,4.06808488757239,0.05670178
599846,10.24,0.7514,2.5,0.2060000002384185,-0.3370000123977661,2.687757031157795,0.06502031
599846,10.24,0.7514,2.5,0.2060000002384185,-0.3370000123977661,2.687757031157795,0.06502031
47224,9.16,0.4017,3.0,0.135000005364418,-1.121999979019165,2.508360808825364,0.08748223
47224,9.16,0.4017,3.0,0.135000005364418,-1.121999979019165,2.508360808825364,0.08748223
278855,9.02,0.2264,3.0,-99.0,-0.4779999852180481,1.9471078453151025,0.018238597
278855,9.02,0.2264,3.0,-99.0,-0.4779999852180481,1.9471078453151025,0.018238597
381156,10.01,0.6715,1.5,0.0040000001899898,-0.0949999988079071,2.750362934937096,0.0051122615
381156,10.01,0.6715,1.5,0.0040000001899898,-0.0949999988079071,2.750362934937096,0.0051122615
237990,8.57,0.6603,3.0,0.2770000100135803,-1.6660000085830688,2.626576211733084,0.019579358
237990,8.57,0.6603,3.0,0.2770000100135803,-1.6660000085830688,2.626576211733084,0.019579358
396584,10.59,0.586,2.0,0.0750000029802322,-0.0750000029802322,2.287652246664289,0.3857607
396584,10.59,0.586,2.0,0.0750000029802322,-0.0750000029802322,2.287652246664289,0.3857607
585359,10.32,0.5596,2.5,0.0340000018477439,-0.2160000056028366,1.775783460322303,0.32162857
585359,10.32,0.5596,2.5,0.0340000018477439,-0.2160000056028366,1.775783460322303,0.32162857
220450,8.33,0.515,3.0,-99.0,-0.9010000228881836,1.9471078453151025,0.019182485
220450,8.33,0.515,3.0,-99.0,-0.9010000228881836,1.9471078453151025,0.019182485
252091,9.37,0.7337,3.0,0.125,-1.2029999494552612,4.162842757456065,0.13183504
252091,9.37,0.7337,3.0,0.125,-1.2029999494552612,4.162842757456065,0.13183504
570197,9.66,0.5189,2.5,0.0750000029802322,-1.0420000553131104,1.902786259656987,0.38202757
570197,9.66,0.5189,2.5,0.0750000029802322,-1.0420000553131104,1.902786259656987,0.38202757
205097,10.47,0.4611,2.0,0.0949999988079071,-0.3970000147819519,2.8799835466736923,0.55990654
205097,10.47,0.4611,2.0,0.0949999988079071,-0.3970000147819519,2.8799835466736923,0.55990654
210567,9.48,0.1299,3.0,-99.0,-0.8199999928474426,1.0949392060230196,0.076543234
210567,9.48,0.1299,3.0,-99.0,-0.8199999928474426,1.0949392060230196,0.076543234
619995,9.09,0.3724,3.0,-99.0,-0.9210000038146972,2.4512635459709684,0.04251352
619995,9.09,0.3724,3.0,-99.0,-0.9210000038146972,2.4512635459709684,0.04040016
619995,9.09,0.3724,3.0,-99.0,-0.9210000038146972,2.4512635459709684,0.047829572
619995,9.09,0.3724,3.0,-99.0,-1.1019999980926514,2.508360808825364,0.04251352
619995,9.09,0.3724,3.0,-99.0,-1.1019999980926514,2.508360808825364,0.04040016
619995,9.09,0.3724,3.0,-99.0,-1.1019999980926514,2.508360808825364,0.047829572
619995,9.09,0.3724,3.0,-99.0,-1.0219999551773071,2.134961297927347,0.04251352
619995,9.09,0.3724,3.0,-99.0,-1.0219999551773071,2.134961297927347,0.04040016
619995,9.09,0.3724,3.0,-99.0,-1.0219999551773071,2.134961297927347,0.047829572
619995,9.09,0.3724,3.0,-99.0,-0.9210000038146972,2.4512635459709684,0.04251352
619995,9.09,0.3724,3.0,-99.0,-0.9210000038146972,2.4512635459709684,0.04040016
619995,9.09,0.3724,3.0,-99.0,-0.9210000038146972,2.4512635459709684,0.047829572
619995,9.09,0.3724,3.0,-99.0,-1.1019999980926514,2.508360808825364,0.04251352
619995,9.09,0.3724,3.0,-99.0,-1.1019999980926514,2.508360808825364,0.04040016
619995,9.09,0.3724,3.0,-99.0,-1.1019999980926514,2.508360808825364,0.047829572
619995,9.09,0.3724,3.0,-99.0,-1.0219999551773071,2.134961297927347,0.04251352
619995,9.09,0.3724,3.0,-99.0,-1.0219999551773071,2.134961297927347,0.04040016
619995,9.09,0.3724,3.0,-99.0,-1.0219999551773071,2.134961297927347,0.047829572
593117,10.02,0.6294,2.5,0.0649999976158142,-0.4779999852180481,1.5114368506909526,0.45423347
593117,10.02,0.6294,2.5,0.0649999976158142,-0.4779999852180481,1.5114368506909526,0.45423347
53771,8.49,0.2788,3.0,-0.0370000004768371,-1.1419999599456787,1.2571584147142514,0.012924173
53771,8.49,0.2788,3.0,-0.0370000004768371,-1.1419999599456787,1.2571584147142514,0.012924173
289279,8.32,0.2925,3.0,-99.0,-0.9409999847412108,2.184690934959677,0.0019930748
289279,8.32,0.2925,3.0,-99.0,-0.9409999847412108,2.184690934959677,0.0019930748
545986,9.71,0.1128,3.0,0.4900000095367431,-1.0010000467300415,5.004837794194108,0.20391893
545986,9.71,0.1128,3.0,0.4900000095367431,-1.0010000467300415,5.004837794194108,0.23985977
545986,9.71,0.1128,3.0,0.4900000095367431,-1.0010000467300415,5.004837794194108,0.19178456
545986,9.71,0.1128,3.0,0.0540000014007091,-0.9010000228881836,4.259807821671483,0.20391893
545986,9.71,0.1128,3.0,0.0540000014007091,-0.9010000228881836,4.259807821671483,0.23985977
545986,9.71,0.1128,3.0,0.0540000014007091,-0.9010000228881836,4.259807821671483,0.19178456
545986,9.71,0.1128,3.0,-0.0270000007003545,-0.6389999985694885,2.3409385127868907,0.20391893
545986,9.71,0.1128,3.0,-0.0270000007003545,-0.6389999985694885,2.3409385127868907,0.23985977
545986,9.71,0.1128,3.0,-0.0270000007003545,-0.6389999985694885,2.3409385127868907,0.19178456
545986,9.71,0.1128,3.0,0.4900000095367431,-1.0010000467300415,5.004837794194108,0.20391893
545986,9.71,0.1128,3.0,0.4900000095367431,-1.0010000467300415,5.004837794194108,0.23985977
545986,9.71,0.1128,3.0,0.4900000095367431,-1.0010000467300415,5.004837794194108,0.19178456
545986,9.71,0.1128,3.0,0.0540000014007091,-0.9010000228881836,4.259807821671483,0.20391893
545986,9.71,0.1128,3.0,0.0540000014007091,-0.9010000228881836,4.259807821671483,0.23985977
545986,9.71,0.1128,3.0,0.0540000014007091,-0.9010000228881836,4.259807821671483,0.19178456
545986,9.71,0.1128,3.0,-0.0270000007003545,-0.6389999985694885,2.3409385127868907,0.20391893
545986,9.71,0.1128,3.0,-0.0270000007003545,-0.6389999985694885,2.3409385127868907,0.23985977
545986,9.71,0.1128,3.0,-0.0270000007003545,-0.6389999985694885,2.3409385127868907,0.19178456
585121,9.55,0.2723,3.0,0.2370000034570694,-0.8809999823570251,2.134961297927347,0.2919784
585121,9.55,0.2723,3.0,0.2370000034570694,-0.8809999823570251,2.134961297927347,0.2919784
106331,9.61,0.4376,3.0,-0.270000010728836,-1.2630000114440918,2.508360808825364,0.22278643
106331,9.61,0.4376,3.0,-0.270000010728836,-1.2630000114440918,2.508360808825364,0.22278643
252021,10.12,0.4504,2.0,0.1560000032186508,-0.6190000176429749,1.8594735564600955,0.7781036
252021,10.12,0.4504,2.0,0.1560000032186508,-0.6190000176429749,1.8594735564600955,0.7781036
319057,10.14,0.5774,3.0,0.135000005364418,-0.9210000038146972,1.9471078453151025,1.2075752
319057,10.14,0.5774,3.0,0.135000005364418,-0.9210000038146972,1.9471078453151025,1.2075752
143605,10.56,0.7788,2.5,0.2770000100135803,-0.5180000066757202,3.796557717334176,0.6364247
143605,10.56,0.7788,2.5,0.2770000100135803,-0.5180000066757202,3.796557717334176,0.6364247
559300,8.64,0.2282,3.0,0.3179999887943268,-1.3040000200271606,3.085957969027533,0.016379025
559300,8.64,0.2282,3.0,0.3179999887943268,-1.3040000200271606,3.085957969027533,0.016379025
69620,9.3,0.2507,3.0,0.2269999980926513,-0.9810000061988832,1.775783460322303,0.12019368
69620,9.3,0.2507,3.0,0.2269999980926513,-0.9810000061988832,1.775783460322303,0.12019368
371789,9.91,0.3918,2.0,0.0949999988079071,-0.8199999928474426,2.086363645634731,0.6736342
371789,9.91,0.3918,2.0,0.0949999988079071,-0.8199999928474426,2.086363645634731,0.6736342
559574,8.6,0.4947,3.0,-0.1280000060796737,-2.069000005722046,2.9470669811950616,0.089809254
559574,8.6,0.4947,3.0,-0.1280000060796737,-2.069000005722046,2.9470669811950616,0.089809254
463119,10.28,0.2715,2.5,0.0040000001899898,-0.5989999771118164,2.9470669811950616,0.3735701
463119,10.28,0.2715,2.5,0.0040000001899898,-0.5989999771118164,2.9470669811950616,0.3735701
372320,9.05,0.7236,3.0,0.1759999990463256,-1.2630000114440918,1.8594735564600955,0.06827682
372320,9.05,0.7236,3.0,0.1759999990463256,-1.2630000114440918,1.8594735564600955,0.06827682
93167,9.02,0.7405,3.0,0.1459999978542328,-1.524999976158142,1.775783460322303,0.07169232
93167,9.02,0.7405,3.0,0.1459999978542328,-1.524999976158142,1.775783460322303,0.07169232
84106,9.93,0.0638,0.5,0.2060000002384185,-0.1759999990463256,8.499434015590785,0.0019416378
84106,9.93,0.0638,0.5,0.2060000002384185,-0.1759999990463256,8.499434015590785,0.0019416378
288923,8.79,0.1352,-9.0,-99.0,-1.0010000467300415,8.499434015590785,0.0007105041
288923,8.79,0.1352,-9.0,-99.0,-1.0010000467300415,8.499434015590785,2.917015e-05
288923,8.79,0.1352,-9.0,-99.0,-0.1360000073909759,2.8799835466736923,0.0007105041
288923,8.79,0.1352,-9.0,-99.0,-0.1360000073909759,2.8799835466736923,2.917015e-05
288923,8.79,0.1352,-9.0,-99.0,-1.0010000467300415,8.499434015590785,0.0007105041
288923,8.79,0.1352,-9.0,-99.0,-1.0010000467300415,8.499434015590785,2.917015e-05
288923,8.79,0.1352,-9.0,-99.0,-0.1360000073909759,2.8799835466736923,0.0007105041
288923,8.79,0.1352,-9.0,-99.0,-0.1360000073909759,2.8799835466736923,2.917015e-05
298114,10.25,0.4141,2.5,0.1560000032186508,-0.9610000252723694,1.6572575516299524,1.506878
298114,10.25,0.4141,2.5,0.1560000032186508,-0.9610000252723694,1.6572575516299524,1.506878
377962,9.05,0.1813,3.0,-0.1580000072717666,-1.5049999952316284,1.6572575516299524,0.056811333
377962,9.05,0.1813,3.0,-0.1580000072717666,-1.5049999952316284,1.6572575516299524,0.056811333
220217,10.43,0.072,2.5,-0.0869999974966049,-0.1759999990463256,1.1732484973152024,1.2399148
220217,10.43,0.072,2.5,-0.0869999974966049,-0.1759999990463256,1.1732484973152024,1.2399148
230774,8.56,0.1039,3.0,-99.0,-0.3569999933242798,3.543153817926126,
230774,8.56,0.1039,3.0,-99.0,-0.3569999933242798,3.543153817926126,
65359,9.63,0.6699,3.0,0.0140000004321336,-1.243000030517578,1.2571584147142514,0.3859095
65359,9.63,0.6699,3.0,0.0140000004321336,-1.243000030517578,1.2571584147142514,0.3859095
422888,8.36,0.1707,3.0,-99.0,-99.0,-99.0,0.0072795153
422888,8.36,0.1707,3.0,-99.0,-99.0,-99.0,0.0072795153
100192,9.33,0.08,3.0,-0.3000000119209289,-1.8669999837875368,3.796557717334176,0.16662744
100192,9.33,0.08,3.0,-0.3000000119209289,-1.8669999837875368,3.796557717334176,0.16662744
23578,8.44,0.8466,3.0,-99.0,-0.8809999823570251,3.1578391641788226,0.003159802
23578,8.44,0.8466,3.0,-99.0,-0.8809999823570251,3.1578391641788226,0.003159802
517802,10.04,0.8597,3.0,-99.0,-1.0010000467300415,4.259807821671483,0.2725662
517802,10.04,0.8597,3.0,-99.0,-1.0010000467300415,4.259807821671483,0.2725662
106389,10.2,0.7866,2.0,-0.0160000007599592,-0.1150000020861625,1.9924618133258227,0.41333207
106389,10.2,0.7866,2.0,-0.0160000007599592,-0.1150000020861625,1.9924618133258227,0.41333207
618116,10.25,0.2688,2.0,0.0949999988079071,-0.4979999959468841,1.0700153468094975,0.736568
618116,10.25,0.2688,2.0,0.0949999988079071,-0.4979999959468841,1.0700153468094975,0.736568
513066,9.33,0.6131,3.0,0.1560000032186508,-1.2829999923706057,1.3164064654697047,0.24690682
513066,9.33,0.6131,3.0,0.1560000032186508,-1.2829999923706057,1.3164064654697047,0.24690682
69653,8.64,0.3965,3.0,-0.2899999916553497,-1.444000005722046,2.508360808825364,0.02487721
69653,8.64,0.3965,3.0,-0.2899999916553497,-1.444000005722046,2.508360808825364,0.02487721
569555,10.44,0.3926,1.5,0.4189999997615814,-0.9010000228881836,1.8594735564600955,2.4778152
569555,10.44,0.3926,1.5,0.4189999997615814,-0.9010000228881836,1.8594735564600955,2.4778152
485834,10.69,0.4267,2.5,0.2160000056028366,-0.3970000147819519,1.5826686749346417,2.6364841
485834,10.69,0.4267,2.5,0.2160000056028366,-0.3970000147819519,1.5826686749346417,2.6364841
592863,9.46,0.1394,3.0,-99.0,-1.2630000114440918,3.383685627252995,0.110639915
592863,9.46,0.1394,3.0,-99.0,-1.2630000114440918,3.383685627252995,0.110639915
48016,10.28,0.7108,2.5,0.0540000014007091,-0.2160000056028366,1.8171467707558813,0.3721022
48016,10.28,0.7108,2.5,0.0540000014007091,-0.2160000056028366,1.8171467707558813,0.3721022
574617,10.33,0.1477,2.0,-0.0270000007003545,-0.7400000095367432,1.1204436164968088,1.4150289
574617,10.33,0.1477,2.0,-0.0270000007003545,-0.7400000095367432,1.1204436164968088,1.4150289
238395,9.87,0.1814,3.0,0.3379999995231628,-1.1019999980926514,1.8594735564600955,0.8283644
238395,9.87,0.1814,3.0,0.3379999995231628,-1.1019999980926514,1.8594735564600955,0.8283644
22175,8.73,0.5457,3.0,0.328000009059906,-1.2829999923706057,1.8594735564600955,0.032378834
22175,8.73,0.5457,3.0,0.328000009059906,-1.2829999923706057,1.8594735564600955,0.032378834
372599,10.03,0.7257,2.5,0.125,-0.296999990940094,7.234191593860486,0.0013441731
372599,10.03,0.7257,2.5,0.125,-0.296999990940094,7.234191593860486,0.0013441731
40916,9.82,0.4487,3.0,0.0439999997615814,-0.7400000095367432,1.0949392060230196,0.40011066
40916,9.82,0.4487,3.0,0.0439999997615814,-0.7400000095367432,1.0949392060230196,0.40011066
622744,9.16,0.4586,3.0,-0.3000000119209289,-1.9079999923706052,3.4625017904490982,0.14593151
622744,9.16,0.4586,3.0,-0.3000000119209289,-1.9079999923706052,3.4625017904490982,0.14593151
319499,8.69,0.6627,3.0,-0.1180000007152557,-1.7869999408721924,1.2571584147142514,0.033244677
319499,8.69,0.6627,3.0,-0.1180000007152557,-1.7869999408721924,1.2571584147142514,0.032532495
319499,8.69,0.6627,3.0,-0.3000000119209289,-1.746999979019165,1.2571584147142514,0.033244677
319499,8.69,0.6627,3.0,-0.3000000119209289,-1.746999979019165,1.2571584147142514,0.032532495
319499,8.69,0.6627,3.0,-0.1180000007152557,-1.7869999408721924,1.2571584147142514,0.033244677
319499,8.69,0.6627,3.0,-0.1180000007152557,-1.7869999408721924,1.2571584147142514,0.032532495
319499,8.69,0.6627,3.0,-0.3000000119209289,-1.746999979019165,1.2571584147142514,0.033244677
319499,8.69,0.6627,3.0,-0.3000000119209289,-1.746999979019165,1.2571584147142514,0.032532495
559584,7.98,0.5456,3.0,0.3379999995231628,-1.8669999837875368,5.121415442300698,0.021164577
559584,7.98,0.5456,3.0,0.3379999995231628,-1.8669999837875368,5.121415442300698,0.021164577
202531,9.86,0.8441,2.5,-0.0469999983906745,-0.3770000040531158,3.4625017904490982,0.06119367
202531,9.86,0.8441,2.5,-0.0469999983906745,-0.3770000040531158,3.4625017904490982,0.06119367
39108,8.35,0.1668,3.0,-99.0,-2.049000024795532,3.085957969027533,0.014279086
39108,8.35,0.1668,3.0,-99.0,-2.049000024795532,3.085957969027533,0.014279086
197843,9.17,0.7845,3.0,0.0949999988079071,-1.2230000495910645,1.8594735564600955,0.09683342
197843,9.17,0.7845,3.0,0.0949999988079071,-1.2230000495910645,1.8594735564600955,0.09683342
594059,9.48,0.3119,3.0,0.0439999997615814,-0.4169999957084656,1.4105549412903913,0.096586145
594059,9.48,0.3119,3.0,0.0439999997615814,-0.4169999957084656,1.4105549412903913,0.096586145
106616,9.66,0.7409,3.0,-0.270000010728836,-1.807000041007996,2.134961297927347,0.57127124
106616,9.66,0.7409,3.0,-0.270000010728836,-1.807000041007996,2.134961297927347,0.57127124
178300,8.86,0.5648,3.0,0.4490000009536743,-1.6059999465942385,3.085957969027533,0.040389307
178300,8.86,0.5648,3.0,0.4490000009536743,-1.6059999465942385,3.085957969027533,0.040389307
320124,7.72,0.5678,3.0,-99.0,-1.444000005722046,1.775783460322303,0.00027155818
320124,7.72,0.5678,3.0,-99.0,-1.444000005722046,1.775783460322303,0.00024878496
320124,7.72,0.5678,3.0,-99.0,-1.243000030517578,1.0700153468094975,0.00027155818
320124,7.72,0.5678,3.0,-99.0,-1.243000030517578,1.0700153468094975,0.00024878496
320124,7.72,0.5678,3.0,-99.0,-1.444000005722046,1.775783460322303,0.00027155818
320124,7.72,0.5678,3.0,-99.0,-1.444000005722046,1.775783460322303,0.00024878496
320124,7.72,0.5678,3.0,-99.0,-1.243000030517578,1.0700153468094975,0.00027155818
320124,7.72,0.5678,3.0,-99.0,-1.243000030517578,1.0700153468094975,0.00024878496
8485,9.21,0.7339,3.0,-0.0270000007003545,-0.9610000252723694,2.8799835466736923,0.015400334
8485,9.21,0.7339,3.0,-0.0270000007003545,-0.9610000252723694,2.8799835466736923,0.015400334
69462,9.29,0.077,3.0,0.2870000004768371,-1.0820000171661377,3.085957969027533,0.11964896
69462,9.29,0.077,3.0,0.2870000004768371,-1.0820000171661377,3.085957969027533,0.11964896
230719,8.75,0.6001,3.0,-99.0,-1.162999987602234,3.015712989638904,0.0013552248
230719,8.75,0.6001,3.0,-99.0,-1.162999987602234,3.015712989638904,0.0013552248
298190,8.28,0.3199,3.0,-99.0,-99.0,-99.0,0.01078622
298190,8.28,0.3199,3.0,-99.0,-99.0,-99.0,0.01078622
550353,9.05,0.7975,3.0,0.2060000002384185,-1.6460000276565552,2.395465975494956,0.14539848
550353,9.05,0.7975,3.0,0.2060000002384185,-1.6460000276565552,2.395465975494956,0.14539848
79335,10.05,0.5834,3.0,0.4699999988079071,-1.121999979019165,2.56678803778268,1.3197618
79335,10.05,0.5834,3.0,0.4699999988079071,-1.121999979019165,2.56678803778268,1.3197618
551672,8.48,0.268,3.0,-99.0,-99.0,-99.0,0.022248382
551672,8.48,0.268,3.0,-99.0,-99.0,-99.0,0.022248382
508421,10.39,0.2562,2.0,0.0850000008940696,-0.1959999948740005,2.56678803778268,0.43787426
508421,10.39,0.2562,2.0,0.0850000008940696,-0.1959999948740005,2.56678803778268,0.43787426
402988,9.4,0.0769,-9.0,0.0439999997615814,-0.4779999852180481,1.1204436164968088,0.080838494
402988,9.4,0.0769,-9.0,0.0439999997615814,-0.4779999852180481,1.1204436164968088,0.080838494
84900,10.44,0.553,2.0,0.0750000029802322,0.0260000005364418,3.383685627252995,0.13199292
84900,10.44,0.553,2.0,0.0750000029802322,0.0260000005364418,3.383685627252995,0.13199292
93885,9.18,0.5763,3.0,-0.0270000007003545,-1.0820000171661377,2.750362934937096,0.05453997
93885,9.18,0.5763,3.0,-0.0270000007003545,-1.0820000171661377,2.750362934937096,0.050105467
93885,9.18,0.5763,3.0,-0.0270000007003545,-1.0820000171661377,2.750362934937096,0.049696174
93885,9.18,0.5763,3.0,-0.0370000004768371,-1.0420000553131104,2.750362934937096,0.05453997
93885,9.18,0.5763,3.0,-0.0370000004768371,-1.0420000553131104,2.750362934937096,0.050105467
93885,9.18,0.5763,3.0,-0.0370000004768371,-1.0420000553131104,2.750362934937096,0.049696174
93885,9.18,0.5763,3.0,-0.0270000007003545,-1.1019999980926514,2.750362934937096,0.05453997
93885,9.18,0.5763,3.0,-0.0270000007003545,-1.1019999980926514,2.750362934937096,0.050105467
93885,9.18,0.5763,3.0,-0.0270000007003545,-1.1019999980926514,2.750362934937096,0.049696174
93885,9.18,0.5763,3.0,-0.0270000007003545,-1.0820000171661377,2.750362934937096,0.05453997
93885,9.18,0.5763,3.0,-0.0270000007003545,-1.0820000171661377,2.750362934937096,0.050105467
93885,9.18,0.5763,3.0,-0.0270000007003545,-1.0820000171661377,2.750362934937096,0.049696174
93885,9.18,0.5763,3.0,-0.0370000004768371,-1.0420000553131104,2.750362934937096,0.05453997
93885,9.18,0.5763,3.0,-0.0370000004768371,-1.0420000553131104,2.750362934937096,0.050105467
93885,9.18,0.5763,3.0,-0.0370000004768371,-1.0420000553131104,2.750362934937096,0.049696174
93885,9.18,0.5763,3.0,-0.0270000007003545,-1.1019999980926514,2.750362934937096,0.05453997
93885,9.18,0.5763,3.0,-0.0270000007003545,-1.1019999980926514,2.750362934937096,0.050105467
93885,9.18,0.5763,3.0,-0.0270000007003545,-1.1019999980926514,2.750362934937096,0.049696174
176955,10.62,0.3385,2.5,0.0439999997615814,0.0260000005364418,1.1732484973152024,1.2104042
176955,10.62,0.3385,2.5,0.0439999997615814,0.0260000005364418,1.1732484973152024,1.2783389
176955,10.62,0.3385,2.5,0.2160000056028366,-0.1150000020861625,1.200576965506572,1.2104042
176955,10.62,0.3385,2.5,0.2160000056028366,-0.1150000020861625,1.200576965506572,1.2783389
176955,10.62,0.3385,2.5,0.0439999997615814,0.0260000005364418,1.1732484973152024,1.2104042
176955,10.62,0.3385,2.5,0.0439999997615814,0.0260000005364418,1.1732484973152024,1.2783389
176955,10.62,0.3385,2.5,0.2160000056028366,-0.1150000020861625,1.200576965506572,1.2104042
176955,10.62,0.3385,2.5,0.2160000056028366,-0.1150000020861625,1.200576965506572,1.2783389
41144,10.34,0.4097,2.0,0.2870000004768371,-0.9810000061988832,3.306663538964836,1.4475114
41144,10.34,0.4097,2.0,0.2870000004768371,-0.9810000061988832,3.306663538964836,1.5345645
41144,10.34,0.4097,2.0,0.2870000004768371,-0.9810000061988832,3.306663538964836,1.3446584
41144,10.34,0.4097,2.0,0.2870000004768371,-0.9810000061988832,3.306663538964836,1.8317065
41144,10.34,0.4097,2.0,0.2669999897480011,-0.7599999904632568,1.5114368506909526,1.4475114
41144,10.34,0.4097,2.0,0.2669999897480011,-0.7599999904632568,1.5114368506909526,1.5345645
41144,10.34,0.4097,2.0,0.2669999897480011,-0.7599999904632568,1.5114368506909526,1.3446584
41144,10.34,0.4097,2.0,0.2669999897480011,-0.7599999904632568,1.5114368506909526,1.8317065
41144,10.34,0.4097,2.0,0.2870000004768371,-0.7599999904632568,1.5114368506909526,1.4475114
41144,10.34,0.4097,2.0,0.2870000004768371,-0.7599999904632568,1.5114368506909526,1.5345645
41144,10.34,0.4097,2.0,0.2870000004768371,-0.7599999904632568,1.5114368506909526,1.3446584
41144,10.34,0.4097,2.0,0.2870000004768371,-0.7599999904632568,1.5114368506909526,1.8317065
41144,10.34,0.4097,2.0,0.2569999992847442,-0.6589999794960022,1.4770323476194291,1.4475114
41144,10.34,0.4097,2.0,0.2569999992847442,-0.6589999794960022,1.4770323476194291,1.5345645
41144,10.34,0.4097,2.0,0.2569999992847442,-0.6589999794960022,1.4770323476194291,1.3446584
41144,10.34,0.4097,2.0,0.2569999992847442,-0.6589999794960022,1.4770323476194291,1.8317065
41144,10.34,0.4097,2.0,0.2870000004768371,-0.9810000061988832,3.306663538964836,1.4475114
41144,10.34,0.4097,2.0,0.2870000004768371,-0.9810000061988832,3.306663538964836,1.5345645
41144,10.34,0.4097,2.0,0.2870000004768371,-0.9810000061988832,3.306663538964836,1.3446584
41144,10.34,0.4097,2.0,0.2870000004768371,-0.9810000061988832,3.306663538964836,1.8317065
41144,10.34,0.4097,2.0,0.2669999897480011,-0.7599999904632568,1.5114368506909526,1.4475114
41144,10.34,0.4097,2.0,0.2669999897480011,-0.7599999904632568,1.5114368506909526,1.5345645
41144,10.34,0.4097,2.0,0.2669999897480011,-0.7599999904632568,1.5114368506909526,1.3446584
41144,10.34,0.4097,2.0,0.2669999897480011,-0.7599999904632568,1.5114368506909526,1.8317065
41144,10.34,0.4097,2.0,0.2870000004768371,-0.7599999904632568,1.5114368506909526,1.4475114
41144,10.34,0.4097,2.0,0.2870000004768371,-0.7599999904632568,1.5114368506909526,1.5345645
41144,10.34,0.4097,2.0,0.2870000004768371,-0.7599999904632568,1.5114368506909526,1.3446584
41144,10.34,0.4097,2.0,0.2870000004768371,-0.7599999904632568,1.5114368506909526,1.8317065
41144,10.34,0.4097,2.0,0.2569999992847442,-0.6589999794960022,1.4770323476194291,1.4475114
41144,10.34,0.4097,2.0,0.2569999992847442,-0.6589999794960022,1.4770323476194291,1.5345645
41144,10.34,0.4097,2.0,0.2569999992847442,-0.6589999794960022,1.4770323476194291,1.3446584
41144,10.34,0.4097,2.0,0.2569999992847442,-0.6589999794960022,1.4770323476194291,1.8317065
186406,9.58,0.6103,3.0,-0.2800000011920929,-1.465000033378601,1.2571584147142514,0.027973391
186406,9.58,0.6103,3.0,-0.2800000011920929,-1.465000033378601,1.2571584147142514,0.027973391
105447,10.11,0.7526,1.5,0.4289999902248382,-0.3770000040531158,7.069521289046108,0.028700376
105447,10.11,0.7526,1.5,0.4289999902248382,-0.3770000040531158,7.069521289046108,0.028700376
145073,9.32,0.5603,3.0,0.1560000032186508,-0.6589999794960022,1.5826686749346417,0.033691023
145073,9.32,0.5603,3.0,0.1560000032186508,-0.6589999794960022,1.5826686749346417,0.033691023
598911,9.39,0.2079,3.0,0.0140000004321336,-1.2230000495910645,3.085957969027533,0.11438656
598911,9.39,0.2079,3.0,0.0140000004321336,-1.2230000495910645,3.085957969027533,0.11438656
30913,9.22,0.2133,-9.0,0.1659999936819076,0.1059999987483024,2.8799835466736923,7.8679004e-05
30913,9.22,0.2133,-9.0,0.1659999936819076,0.1059999987483024,2.8799835466736923,7.8679004e-05
218717,8.92,0.2437,3.0,-99.0,-1.465000033378601,6.300717481018831,0.0035194857
218717,8.92,0.2437,3.0,-99.0,-1.465000033378601,6.300717481018831,0.0035194857
54102,8.89,0.4824,3.0,-0.1679999977350235,-1.6660000085830688,4.460566379282725,0.021961926
54102,8.89,0.4824,3.0,-0.1679999977350235,-1.6660000085830688,4.460566379282725,0.021961926
592999,10.26,0.473,2.5,-0.0160000007599592,-0.5989999771118164,1.8594735564600955,0.97902054
592999,10.26,0.473,2.5,-0.0160000007599592,-0.5989999771118164,1.8594735564600955,0.97902054
517244,10.44,0.3248,1.5,-0.1379999965429306,-0.4580000042915344,1.1204436164968088,2.0066671
517244,10.44,0.3248,1.5,-0.1379999965429306,-0.4580000042915344,1.1204436164968088,2.0066671
517307,8.69,0.2839,3.0,-99.0,-1.0010000467300415,3.710137512885986,0.0033763947
517307,8.69,0.2839,3.0,-99.0,-1.0010000467300415,3.710137512885986,0.0033763947
98652,8.49,0.6058,3.0,-0.0270000007003545,-1.444000005722046,1.775783460322303,0.013112514
98652,8.49,0.6058,3.0,-0.0270000007003545,-1.444000005722046,1.775783460322303,0.013112514
202673,10.54,0.3975,2.5,0.1150000020861625,-0.1360000073909759,1.8594735564600955,0.7924103
202673,10.54,0.3975,2.5,0.1150000020861625,-0.1360000073909759,1.8594735564600955,0.69143623
202673,10.54,0.3975,2.5,0.0439999997615814,-0.0949999988079071,1.4105549412903913,0.7924103
202673,10.54,0.3975,2.5,0.0439999997615814,-0.0949999988079071,1.4105549412903913,0.69143623
202673,10.54,0.3975,2.5,0.1150000020861625,-0.1360000073909759,1.8594735564600955,0.7924103
202673,10.54,0.3975,2.5,0.1150000020861625,-0.1360000073909759,1.8594735564600955,0.69143623
202673,10.54,0.3975,2.5,0.0439999997615814,-0.0949999988079071,1.4105549412903913,0.7924103
202673,10.54,0.3975,2.5,0.0439999997615814,-0.0949999988079071,1.4105549412903913,0.69143623
227230,9.68,0.6977,3.0,-0.006000000052154,-1.0219999551773071,2.0388722109633184,0.1896785
227230,9.68,0.6977,3.0,-0.006000000052154,-1.0219999551773071,2.0388722109633184,0.1896785
300821,8.82,0.2914,3.0,-0.2899999916553497,-1.565000057220459,2.626576211733084,0.045510042
300821,8.82,0.2914,3.0,-0.2899999916553497,-1.565000057220459,2.626576211733084,0.045510042
517960,8.3,0.3883,3.0,-99.0,-1.847000002861023,4.259807821671483,0.015364105
517960,8.3,0.3883,3.0,-99.0,-1.847000002861023,4.259807821671483,0.015364105
594265,9.02,0.3878,3.0,0.5,-1.6660000085830688,2.626576211733084,0.10534399
594265,9.02,0.3878,3.0,0.5,-1.6660000085830688,2.626576211733084,0.10534399
346718,9.46,0.192,3.0,0.5,-1.162999987602234,1.775783460322303,0.25331995
346718,9.46,0.192,3.0,0.5,-1.162999987602234,1.775783460322303,0.27486324
346718,9.46,0.192,3.0,-0.0370000004768371,-1.2630000114440918,1.775783460322303,0.25331995
346718,9.46,0.192,3.0,-0.0370000004768371,-1.2630000114440918,1.775783460322303,0.27486324
346718,9.46,0.192,3.0,0.5,-1.162999987602234,1.775783460322303,0.25331995
346718,9.46,0.192,3.0,0.5,-1.162999987602234,1.775783460322303,0.27486324
346718,9.46,0.192,3.0,-0.0370000004768371,-1.2630000114440918,1.775783460322303,0.25331995
346718,9.46,0.192,3.0,-0.0370000004768371,-1.2630000114440918,1.775783460322303,0.27486324
221375,9.82,0.5338,3.0,0.2469999939203262,-1.1419999599456787,1.9471078453151025,0.61288613
221375,9.82,0.5338,3.0,0.2469999939203262,-1.1419999599456787,1.9471078453151025,0.61288613
273309,9.24,0.1146,3.0,-0.006000000052154,-0.6589999794960022,2.184690934959677,0.033985518
273309,9.24,0.1146,3.0,-0.006000000052154,-0.6589999794960022,2.184690934959677,0.033985518
302846,9.85,0.4871,3.0,0.0949999988079071,-0.3970000147819519,2.0388722109633184,0.11926847
302846,9.85,0.4871,3.0,0.0949999988079071,-0.3970000147819519,2.0388722109633184,0.11926847
417453,10.37,0.72,2.0,0.1860000044107437,-0.2759999930858612,4.259807821671483,0.33242658
417453,10.37,0.72,2.0,0.1860000044107437,-0.2759999930858612,4.259807821671483,0.33242658
220126,8.76,0.6545,3.0,0.2870000004768371,-0.7799999713897705,4.89091377733286,0.018223824
220126,8.76,0.6545,3.0,0.2870000004768371,-0.7799999713897705,4.89091377733286,0.018223824
238216,10.18,0.7266,1.5,0.2870000004768371,-0.6389999985694885,3.085957969027533,0.46675253
238216,10.18,0.7266,1.5,0.2870000004768371,-0.6389999985694885,3.085957969027533,0.46675253
610893,8.91,0.5997,3.0,0.2160000056028366,-0.9210000038146972,2.086363645634731,0.018809184
610893,8.91,0.5997,3.0,0.2160000056028366,-0.9210000038146972,2.086363645634731,0.018809184
144243,9.06,0.7328,3.0,-0.0869999974966049,-1.2029999494552612,1.775783460322303,0.048878383
144243,9.06,0.7328,3.0,-0.0869999974966049,-1.2029999494552612,1.775783460322303,0.048878383
289118,9.3,0.3796,1.5,0.2469999939203262,-0.5580000281333923,9.536521816614703,0.00014493841
289118,9.3,0.3796,1.5,0.2469999939203262,-0.5580000281333923,9.536521816614703,0.00014493841
238131,9.13,0.5578,3.0,0.2469999939203262,-1.162999987602234,2.0388722109633184,0.087781504
238131,9.13,0.5578,3.0,0.2469999939203262,-1.162999987602234,2.0388722109633184,0.087781504
423416,8.59,0.4392,3.0,0.1049999967217445,-1.7059999704360962,1.8594735564600955,0.030187333
423416,8.59,0.4392,3.0,0.1049999967217445,-1.7059999704360962,1.8594735564600955,0.030187333
204836,10.65,0.0985,-9.0,-99.0,0.1459999978542328,1.7353616937846603,0.00010037423
204836,10.65,0.0985,-9.0,-99.0,0.1459999978542328,1.7353616937846603,0.00010037423
272543,10.44,0.4496,3.0,-0.006000000052154,-0.4379999935626983,1.775783460322303,1.3741714
272543,10.44,0.4496,3.0,-0.006000000052154,-0.4379999935626983,1.775783460322303,1.3741714
144491,8.88,0.4419,3.0,0.2160000056028366,-1.565000057220459,2.9470669811950616,0.04609534
144491,8.88,0.4419,3.0,0.2160000056028366,-1.565000057220459,2.9470669811950616,0.046040162
144491,8.88,0.4419,3.0,0.2160000056028366,-1.565000057220459,2.9470669811950616,0.04941941
144491,8.88,0.4419,3.0,0.2160000056028366,-1.565000057220459,2.9470669811950616,0.066601425
144491,8.88,0.4419,3.0,-0.0160000007599592,-1.243000030517578,2.3409385127868907,0.04609534
144491,8.88,0.4419,3.0,-0.0160000007599592,-1.243000030517578,2.3409385127868907,0.046040162
144491,8.88,0.4419,3.0,-0.0160000007599592,-1.243000030517578,2.3409385127868907,0.04941941
144491,8.88,0.4419,3.0,-0.0160000007599592,-1.243000030517578,2.3409385127868907,0.066601425
144491,8.88,0.4419,3.0,-0.06700000166893,-1.2829999923706057,2.508360808825364,0.04609534
144491,8.88,0.4419,3.0,-0.06700000166893,-1.2829999923706057,2.508360808825364,0.046040162
144491,8.88,0.4419,3.0,-0.06700000166893,-1.2829999923706057,2.508360808825364,0.04941941
144491,8.88,0.4419,3.0,-0.06700000166893,-1.2829999923706057,2.508360808825364,0.066601425
144491,8.88,0.4419,3.0,0.0040000001899898,-1.2829999923706057,2.508360808825364,0.04609534
144491,8.88,0.4419,3.0,0.0040000001899898,-1.2829999923706057,2.508360808825364,0.046040162
144491,8.88,0.4419,3.0,0.0040000001899898,-1.2829999923706057,2.508360808825364,0.04941941
144491,8.88,0.4419,3.0,0.0040000001899898,-1.2829999923706057,2.508360808825364,0.066601425
144491,8.88,0.4419,3.0,0.2160000056028366,-1.565000057220459,2.9470669811950616,0.04609534
144491,8.88,0.4419,3.0,0.2160000056028366,-1.565000057220459,2.9470669811950616,0.046040162
144491,8.88,0.4419,3.0,0.2160000056028366,-1.565000057220459,2.9470669811950616,0.04941941
144491,8.88,0.4419,3.0,0.2160000056028366,-1.565000057220459,2.9470669811950616,0.066601425
144491,8.88,0.4419,3.0,-0.0160000007599592,-1.243000030517578,2.3409385127868907,0.04609534
144491,8.88,0.4419,3.0,-0.0160000007599592,-1.243000030517578,2.3409385127868907,0.046040162
144491,8.88,0.4419,3.0,-0.0160000007599592,-1.243000030517578,2.3409385127868907,0.04941941
144491,8.88,0.4419,3.0,-0.0160000007599592,-1.243000030517578,2.3409385127868907,0.066601425
144491,8.88,0.4419,3.0,-0.06700000166893,-1.2829999923706057,2.508360808825364,0.04609534
144491,8.88,0.4419,3.0,-0.06700000166893,-1.2829999923706057,2.508360808825364,0.046040162
144491,8.88,0.4419,3.0,-0.06700000166893,-1.2829999923706057,2.508360808825364,0.04941941
144491,8.88,0.4419,3.0,-0.06700000166893,-1.2829999923706057,2.508360808825364,0.066601425
144491,8.88,0.4419,3.0,0.0040000001899898,-1.2829999923706057,2.508360808825364,0.04609534
144491,8.88,0.4419,3.0,0.0040000001899898,-1.2829999923706057,2.508360808825364,0.046040162
144491,8.88,0.4419,3.0,0.0040000001899898,-1.2829999923706057,2.508360808825364,0.04941941
144491,8.88,0.4419,3.0,0.0040000001899898,-1.2829999923706057,2.508360808825364,0.066601425
622394,9.22,0.2822,3.0,-0.3000000119209289,-1.2829999923706057,1.6958600389872902,0.057899944
622394,9.22,0.2822,3.0,-0.3000000119209289,-1.2829999923706057,1.6958600389872902,0.057899944
144178,9.73,0.6212,3.0,-0.0160000007599592,-0.6990000009536743,1.5826686749346417,0.10125756
144178,9.73,0.6212,3.0,-0.0160000007599592,-0.6990000009536743,1.5826686749346417,0.10125756
623144,10.48,0.0884,2.0,0.2669999897480011,-0.2759999930858612,2.134961297927347,0.46632907
623144,10.48,0.0884,2.0,0.2669999897480011,-0.2759999930858612,2.134961297927347,0.46632907
220332,9.7,0.6429,2.5,0.0649999976158142,-0.4169999957084656,2.235578924043527,0.09419993
220332,9.7,0.6429,2.5,0.0649999976158142,-0.4169999957084656,2.235578924043527,0.09419993
91692,10.41,0.6761,2.5,0.0240000002086162,0.0260000005364418,1.6195337641628855,0.39874232
91692,10.41,0.6761,2.5,0.0240000002086162,0.0260000005364418,1.6195337641628855,0.39874232
185795,10.18,0.3391,3.0,0.0140000004321336,-0.6389999985694885,1.5114368506909526,1.100069
185795,10.18,0.3391,3.0,0.0140000004321336,-0.6389999985694885,1.5114368506909526,1.100069
599862,9.04,0.1388,3.0,-99.0,-99.0,-99.0,0.042810272
599862,9.04,0.1388,3.0,-99.0,-99.0,-99.0,0.042810272
239490,9.21,0.191,3.0,-0.1780000030994415,-1.243000030517578,3.015712989638904,0.09655947
239490,9.21,0.191,3.0,-0.1780000030994415,-1.243000030517578,3.015712989638904,0.09655947
16310,8.2,0.7083,3.0,-99.0,-99.0,-99.0,0.0016407748
16310,8.2,0.7083,3.0,-99.0,-99.0,-99.0,0.0016407748
508908,10.67,0.7991,2.0,0.1150000020861625,-0.2360000014305114,1.6572575516299524,2.46141
508908,10.67,0.7991,2.0,0.1150000020861625,-0.2360000014305114,1.6572575516299524,2.46141
319381,10.26,0.5323,3.0,0.0340000018477439,-0.6589999794960022,1.5114368506909526,0.94067174
319381,10.26,0.5323,3.0,0.0340000018477439,-0.6589999794960022,1.5114368506909526,0.94067174
209181,10.3,0.2304,3.0,0.3779999911785126,-0.9210000038146972,2.508360808825364,2.088947
209181,10.3,0.2304,3.0,0.3779999911785126,-0.9210000038146972,2.508360808825364,2.088947
543738,8.3,0.6361,3.0,-99.0,-1.5850000381469729,2.508360808825364,0.0011609151
543738,8.3,0.6361,3.0,-99.0,-1.5850000381469729,2.508360808825364,0.0011609151
288903,9.21,0.3254,3.0,0.0949999988079071,-0.5379999876022339,2.184690934959677,0.0012957528
288903,9.21,0.3254,3.0,0.0949999988079071,-0.5379999876022339,2.184690934959677,0.0012957528
78667,10.16,0.2246,3.0,0.0439999997615814,-0.8199999928474426,1.8594735564600955,0.2155109
78667,10.16,0.2246,3.0,0.0439999997615814,-0.8199999928474426,1.8594735564600955,0.2155109
623366,10.42,0.0579,2.5,0.0750000029802322,-0.1759999990463256,1.8594735564600955,0.5051978
623366,10.42,0.0579,2.5,0.0750000029802322,-0.1759999990463256,1.8594735564600955,0.5051978
297633,10.43,0.2523,2.5,0.3179999887943268,-0.3370000123977661,1.6958600389872902,1.3533963
297633,10.43,0.2523,2.5,0.3179999887943268,-0.3370000123977661,1.6958600389872902,1.3533963
537386,9.01,0.7953,3.0,-99.0,-0.9610000252723694,1.8171467707558813,0.024969889
537386,9.01,0.7953,3.0,-99.0,-0.9610000252723694,1.8171467707558813,0.024969889
491509,10.6,0.7545,2.0,0.2370000034570694,-0.2759999930858612,4.06808488757239,0.25128493
491509,10.6,0.7545,2.0,0.2370000034570694,-0.2759999930858612,4.06808488757239,0.25128493
567760,8.46,0.2759,3.0,-99.0,-99.0,-99.0,0.038002025
567760,8.46,0.2759,3.0,-99.0,-99.0,-99.0,0.02018556
567760,8.46,0.2759,3.0,-99.0,-99.0,-99.0,0.054915875
567760,8.46,0.2759,3.0,-99.0,-1.9079999923706052,3.625684472456604,0.038002025
567760,8.46,0.2759,3.0,-99.0,-1.9079999923706052,3.625684472456604,0.02018556
567760,8.46,0.2759,3.0,-99.0,-1.9079999923706052,3.625684472456604,0.054915875
567760,8.46,0.2759,3.0,-99.0,-1.746999979019165,5.004837794194108,0.038002025
567760,8.46,0.2759,3.0,-99.0,-1.746999979019165,5.004837794194108,0.02018556
567760,8.46,0.2759,3.0,-99.0,-1.746999979019165,5.004837794194108,0.054915875
567760,8.46,0.2759,3.0,-99.0,-99.0,-99.0,0.038002025
567760,8.46,0.2759,3.0,-99.0,-99.0,-99.0,0.02018556
567760,8.46,0.2759,3.0,-99.0,-99.0,-99.0,0.054915875
567760,8.46,0.2759,3.0,-99.0,-1.9079999923706052,3.625684472456604,0.038002025
567760,8.46,0.2759,3.0,-99.0,-1.9079999923706052,3.625684472456604,0.02018556
567760,8.46,0.2759,3.0,-99.0,-1.9079999923706052,3.625684472456604,0.054915875
567760,8.46,0.2759,3.0,-99.0,-1.746999979019165,5.004837794194108,0.038002025
567760,8.46,0.2759,3.0,-99.0,-1.746999979019165,5.004837794194108,0.02018556
567760,8.46,0.2759,3.0,-99.0,-1.746999979019165,5.004837794194108,0.054915875
301382,10.28,0.6242,3.0,0.4799999892711639,-1.121999979019165,3.1578391641788226,3.0888898
301382,10.28,0.6242,3.0,0.4799999892711639,-1.121999979019165,3.1578391641788226,3.0888898
31620,10.46,0.7723,2.0,0.0949999988079071,0.0260000005364418,2.750362934937096,0.29012617
31620,10.46,0.7723,2.0,0.0949999988079071,0.0260000005364418,2.750362934937096,0.2907095
31620,10.46,0.7723,2.0,0.0949999988079071,0.0260000005364418,2.750362934937096,0.2871132
31620,10.46,0.7723,2.0,0.0949999988079071,0.0260000005364418,2.750362934937096,0.26199073
31620,10.46,0.7723,2.0,0.0649999976158142,0.0260000005364418,2.750362934937096,0.29012617
31620,10.46,0.7723,2.0,0.0649999976158142,0.0260000005364418,2.750362934937096,0.2907095
31620,10.46,0.7723,2.0,0.0649999976158142,0.0260000005364418,2.750362934937096,0.2871132
31620,10.46,0.7723,2.0,0.0649999976158142,0.0260000005364418,2.750362934937096,0.26199073
31620,10.46,0.7723,2.0,0.0750000029802322,-0.0149999996647238,2.750362934937096,0.29012617
31620,10.46,0.7723,2.0,0.0750000029802322,-0.0149999996647238,2.750362934937096,0.2907095
31620,10.46,0.7723,2.0,0.0750000029802322,-0.0149999996647238,2.750362934937096,0.2871132
31620,10.46,0.7723,2.0,0.0750000029802322,-0.0149999996647238,2.750362934937096,0.26199073
31620,10.46,0.7723,2.0,0.0850000008940696,0.0460000000894069,2.9470669811950616,0.29012617
31620,10.46,0.7723,2.0,0.0850000008940696,0.0460000000894069,2.9470669811950616,0.2907095
31620,10.46,0.7723,2.0,0.0850000008940696,0.0460000000894069,2.9470669811950616,0.2871132
31620,10.46,0.7723,2.0,0.0850000008940696,0.0460000000894069,2.9470669811950616,0.26199073
31620,10.46,0.7723,2.0,0.0949999988079071,0.0260000005364418,2.750362934937096,0.29012617
31620,10.46,0.7723,2.0,0.0949999988079071,0.0260000005364418,2.750362934937096,0.2907095
31620,10.46,0.7723,2.0,0.0949999988079071,0.0260000005364418,2.750362934937096,0.2871132
31620,10.46,0.7723,2.0,0.0949999988079071,0.0260000005364418,2.750362934937096,0.26199073
31620,10.46,0.7723,2.0,0.0649999976158142,0.0260000005364418,2.750362934937096,0.29012617
31620,10.46,0.7723,2.0,0.0649999976158142,0.0260000005364418,2.750362934937096,0.2907095
31620,10.46,0.7723,2.0,0.0649999976158142,0.0260000005364418,2.750362934937096,0.2871132
31620,10.46,0.7723,2.0,0.0649999976158142,0.0260000005364418,2.750362934937096,0.26199073
31620,10.46,0.7723,2.0,0.0750000029802322,-0.0149999996647238,2.750362934937096,0.29012617
31620,10.46,0.7723,2.0,0.0750000029802322,-0.0149999996647238,2.750362934937096,0.2907095
31620,10.46,0.7723,2.0,0.0750000029802322,-0.0149999996647238,2.750362934937096,0.2871132
31620,10.46,0.7723,2.0,0.0750000029802322,-0.0149999996647238,2.750362934937096,0.26199073
31620,10.46,0.7723,2.0,0.0850000008940696,0.0460000000894069,2.9470669811950616,0.29012617
31620,10.46,0.7723,2.0,0.0850000008940696,0.0460000000894069,2.9470669811950616,0.2907095
31620,10.46,0.7723,2.0,0.0850000008940696,0.0460000000894069,2.9470669811950616,0.2871132
31620,10.46,0.7723,2.0,0.0850000008940696,0.0460000000894069,2.9470669811950616,0.26199073
24013,10.58,0.2329,2.5,0.4799999892711639,-1.0010000467300415,1.8594735564600955,4.688781
24013,10.58,0.2329,2.5,0.4799999892711639,-1.0010000467300415,1.8594735564600955,4.688781
136688,10.47,0.4082,2.0,0.2770000100135803,-0.8600000143051147,1.902786259656987,4.0484333
136688,10.47,0.4082,2.0,0.2770000100135803,-0.8600000143051147,1.902786259656987,4.0484333
273514,8.64,0.2333,3.0,0.2770000100135803,-1.9880000352859497,3.306663538964836,0.07379745
273514,8.64,0.2333,3.0,0.2770000100135803,-1.9880000352859497,3.306663538964836,0.07379745
302810,10.5,0.8857,2.5,0.1659999936819076,-0.2360000014305114,4.359031492379173,0.5132945
302810,10.5,0.8857,2.5,0.1659999936819076,-0.2360000014305114,4.359031492379173,0.5132945
238369,10.18,0.7532,2.5,0.2770000100135803,-0.5989999771118164,1.4770323476194291,0.9233235
238369,10.18,0.7532,2.5,0.2770000100135803,-0.5989999771118164,1.4770323476194291,0.9233235
600014,9.17,0.6488,3.0,0.1860000044107437,-1.2029999494552612,1.2571584147142514,0.07680098
600014,9.17,0.6488,3.0,0.1860000044107437,-1.2029999494552612,1.2571584147142514,0.07680098
230714,10.18,0.6699,2.5,0.0140000004321336,-0.7400000095367432,2.134961297927347,0.97864836
230714,10.18,0.6699,2.5,0.0140000004321336,-0.7400000095367432,2.134961297927347,0.97864836
30786,10.35,0.7165,2.0,0.1560000032186508,-0.4379999935626983,1.8171467707558813,1.1174139
30786,10.35,0.7165,2.0,0.1560000032186508,-0.4379999935626983,1.8171467707558813,1.1174139
550780,10.6,0.3799,2.0,0.0540000014007091,-0.0549999997019767,1.6195337641628855,1.3312722
550780,10.6,0.3799,2.0,0.0540000014007091,-0.0549999997019767,1.6195337641628855,1.3312722
323194,8.61,0.3682,3.0,-0.1580000072717666,-1.243000030517578,3.4625017904490982,0.014954349
323194,8.61,0.3682,3.0,-0.1580000072717666,-1.243000030517578,3.4625017904490982,0.014954349
535007,8.2,0.4472,3.0,-99.0,-1.9279999732971191,3.2313946874539026,0.0029301587
535007,8.2,0.4472,3.0,-99.0,-1.9279999732971191,3.2313946874539026,0.0029301587
15218,9.11,0.4478,3.0,0.1049999967217445,-1.1019999980926514,1.902786259656987,0.08124065
15218,9.11,0.4478,3.0,0.1049999967217445,-1.1019999980926514,1.902786259656987,0.08124065
511863,9.36,0.7133,2.5,0.0040000001899898,-0.6190000176429749,5.004837794194108,0.009418554
511863,9.36,0.7133,2.5,0.0040000001899898,-0.6190000176429749,5.004837794194108,0.009418554
534654,10.31,0.0276,2.5,0.0439999997615814,-0.2759999930858612,1.6958600389872902,0.41064295
534654,10.31,0.0276,2.5,0.0439999997615814,-0.2759999930858612,1.6958600389872902,0.41064295
278846,9.54,0.6318,3.0,0.135000005364418,-0.7799999713897705,1.6195337641628855,0.110520266
278846,9.54,0.6318,3.0,0.135000005364418,-0.7799999713897705,1.6195337641628855,0.110520266
509670,8.95,0.4293,3.0,0.3989999890327453,-1.0420000553131104,3.015712989638904,0.026421444
509670,8.95,0.4293,3.0,0.3989999890327453,-1.0420000553131104,3.015712989638904,0.026421444
423270,10.63,0.7582,2.0,0.0850000008940696,-0.1150000020861625,2.086363645634731,0.81813115
423270,10.63,0.7582,2.0,0.0850000008940696,-0.1150000020861625,2.086363645634731,0.81813115
623641,9.31,0.4201,3.0,0.0040000001899898,-0.6190000176429749,1.6572575516299524,0.01496781
623641,9.31,0.4201,3.0,0.0040000001899898,-0.6190000176429749,1.6572575516299524,0.01496781
227970,10.16,0.2396,3.0,-0.1280000060796737,-0.9409999847412108,1.8594735564600955,0.9758609
227970,10.16,0.2396,3.0,-0.1280000060796737,-0.9409999847412108,1.8594735564600955,0.9758609
227176,9.52,0.1649,3.0,0.4390000104904175,-0.9010000228881836,1.8594735564600955,0.21089526
227176,9.52,0.1649,3.0,0.4390000104904175,-0.9010000228881836,1.8594735564600955,0.21089526
493832,10.86,0.66,2.5,0.1560000032186508,-0.0949999988079071,2.184690934959677,2.2213314
493832,10.86,0.66,2.5,0.1560000032186508,-0.0949999988079071,2.184690934959677,2.2213314
273952,9.63,0.3389,3.0,-0.1280000060796737,-1.4850000143051147,3.2313946874539026,0.11508853
273952,9.63,0.3389,3.0,-0.1280000060796737,-1.4850000143051147,3.2313946874539026,0.11508853
227614,10.15,0.5475,2.0,0.0439999997615814,-0.3970000147819519,2.287652246664289,0.7754194
227614,10.15,0.5475,2.0,0.0439999997615814,-0.3970000147819519,2.287652246664289,0.7754194
273976,8.2,0.266,-9.0,-99.0,-0.7200000286102295,1.5114368506909526,0.0011048912
273976,8.2,0.266,-9.0,-99.0,-0.7200000286102295,1.5114368506909526,0.0011048912
143746,10.66,0.7718,1.5,0.135000005364418,-0.1759999990463256,3.2313946874539026,0.16624655
143746,10.66,0.7718,1.5,0.135000005364418,-0.1759999990463256,3.2313946874539026,0.16624655
22633,10.4,0.297,3.0,0.2669999897480011,-0.9210000038146972,2.508360808825364,2.2751224
22633,10.4,0.297,3.0,0.2669999897480011,-0.9210000038146972,2.508360808825364,2.2751224
105600,9.14,0.2009,3.0,-0.0970000028610229,-1.0219999551773071,1.9471078453151025,0.029531484
105600,9.14,0.2009,3.0,-0.0970000028610229,-1.0219999551773071,1.9471078453151025,0.029531484
16926,10.29,0.627,1.0,0.0649999976158142,-0.0350000001490116,2.9470669811950616,0.21905346
16926,10.29,0.627,1.0,0.0649999976158142,-0.0350000001490116,2.9470669811950616,0.18944335
16926,10.29,0.627,1.0,0.0649999976158142,-0.0350000001490116,3.015712989638904,0.21905346
16926,10.29,0.627,1.0,0.0649999976158142,-0.0350000001490116,3.015712989638904,0.18944335
16926,10.29,0.627,1.0,0.0649999976158142,-0.0350000001490116,2.9470669811950616,0.21905346
16926,10.29,0.627,1.0,0.0649999976158142,-0.0350000001490116,2.9470669811950616,0.18944335
16926,10.29,0.627,1.0,0.0649999976158142,-0.0350000001490116,3.015712989638904,0.21905346
16926,10.29,0.627,1.0,0.0649999976158142,-0.0350000001490116,3.015712989638904,0.18944335
136918,9.45,0.5887,3.0,0.1560000032186508,-0.296999990940094,7.234191593860486,0.00035143585
136918,9.45,0.5887,3.0,0.1560000032186508,-0.296999990940094,7.234191593860486,0.00035143585
144320,10.27,0.2956,-9.0,0.0850000008940696,-0.4580000042915344,1.9924618133258227,0.38104507
144320,10.27,0.2956,-9.0,0.0850000008940696,-0.4580000042915344,1.9924618133258227,0.38104507
599134,9.09,0.3757,3.0,0.2060000002384185,-1.2230000495910645,2.134961297927347,0.069165125
599134,9.09,0.3757,3.0,0.2060000002384185,-1.2230000495910645,2.134961297927347,0.069165125
271431,10.51,0.4743,1.5,0.1560000032186508,0.1059999987483024,5.3627803160617855,0.047708724
271431,10.51,0.4743,1.5,0.1560000032186508,0.1059999987483024,5.3627803160617855,0.047708724
8404,8.75,0.1941,3.0,0.2370000034570694,-1.0820000171661377,7.234191593860486,
8404,8.75,0.1941,3.0,0.2370000034570694,-1.0820000171661377,7.234191593860486,
216670,10.43,0.7342,2.0,0.0649999976158142,-0.4379999935626983,2.4512635459709684,0.7584822
216670,10.43,0.7342,2.0,0.0649999976158142,-0.4379999935626983,2.4512635459709684,0.7584822
319064,10.48,0.7342,2.5,0.0340000018477439,-0.4379999935626983,1.4770323476194291,1.6889921
319064,10.48,0.7342,2.5,0.0340000018477439,-0.4379999935626983,1.4770323476194291,1.6889921
585226,9.62,0.3394,3.0,0.0340000018477439,-0.9210000038146972,2.0388722109633184,0.076445915
585226,9.62,0.3394,3.0,0.0340000018477439,-0.9210000038146972,2.0388722109633184,0.076445915
418624,10.01,0.3001,2.5,-0.06700000166893,-0.5789999961853027,2.184690934959677,0.1710687
418624,10.01,0.3001,2.5,-0.06700000166893,-0.5789999961853027,2.184690934959677,0.1710687
570090,10.11,0.8613,2.5,0.1560000032186508,-0.5180000066757202,1.9924618133258227,0.4013599
570090,10.11,0.8613,2.5,0.1560000032186508,-0.5180000066757202,1.9924618133258227,0.51924294
570090,10.11,0.8613,2.5,0.1560000032186508,-0.5180000066757202,1.9924618133258227,0.32189614
570090,10.11,0.8613,2.5,-0.0370000004768371,-0.6990000009536743,2.134961297927347,0.4013599
570090,10.11,0.8613,2.5,-0.0370000004768371,-0.6990000009536743,2.134961297927347,0.51924294
570090,10.11,0.8613,2.5,-0.0370000004768371,-0.6990000009536743,2.134961297927347,0.32189614
570090,10.11,0.8613,2.5,-0.06700000166893,-0.6990000009536743,3.1578391641788226,0.4013599
570090,10.11,0.8613,2.5,-0.06700000166893,-0.6990000009536743,3.1578391641788226,0.51924294
570090,10.11,0.8613,2.5,-0.06700000166893,-0.6990000009536743,3.1578391641788226,0.32189614
570090,10.11,0.8613,2.5,0.1560000032186508,-0.5180000066757202,1.9924618133258227,0.4013599
570090,10.11,0.8613,2.5,0.1560000032186508,-0.5180000066757202,1.9924618133258227,0.51924294
570090,10.11,0.8613,2.5,0.1560000032186508,-0.5180000066757202,1.9924618133258227,0.32189614
570090,10.11,0.8613,2.5,-0.0370000004768371,-0.6990000009536743,2.134961297927347,0.4013599
570090,10.11,0.8613,2.5,-0.0370000004768371,-0.6990000009536743,2.134961297927347,0.51924294
570090,10.11,0.8613,2.5,-0.0370000004768371,-0.6990000009536743,2.134961297927347,0.32189614
570090,10.11,0.8613,2.5,-0.06700000166893,-0.6990000009536743,3.1578391641788226,0.4013599
570090,10.11,0.8613,2.5,-0.06700000166893,-0.6990000009536743,3.1578391641788226,0.51924294
570090,10.11,0.8613,2.5,-0.06700000166893,-0.6990000009536743,3.1578391641788226,0.32189614
178865,8.42,0.3483,3.0,-99.0,-1.2829999923706057,2.235578924043527,0.018372053
178865,8.42,0.3483,3.0,-99.0,-1.2829999923706057,2.235578924043527,0.018372053
71099,8.46,0.2282,3.0,-0.2189999967813491,-1.746999979019165,4.259807821671483,0.05160748
71099,8.46,0.2282,3.0,-0.2189999967813491,-1.746999979019165,4.259807821671483,0.05160748
463288,9.74,0.3176,3.0,-0.3000000119209289,-1.6859999895095823,1.8171467707558813,1.0219909
463288,9.74,0.3176,3.0,-0.3000000119209289,-1.6859999895095823,1.8171467707558813,1.0219909
8913,8.79,0.4537,3.0,0.2060000002384185,-1.121999979019165,1.775783460322303,0.018106526
8913,8.79,0.4537,3.0,0.2060000002384185,-1.121999979019165,1.775783460322303,0.018106526
184268,10.99,0.7915,2.0,0.1959999948740005,-0.0549999997019767,5.3627803160617855,0.6819854
184268,10.99,0.7915,2.0,0.1959999948740005,-0.0549999997019767,5.3627803160617855,0.6819854
279840,10.44,0.4744,1.0,0.0240000002086162,0.0659999996423721,2.4512635459709684,0.19846895
279840,10.44,0.4744,1.0,0.0240000002086162,0.0659999996423721,2.4512635459709684,0.19846895
208612,8.49,0.4239,3.0,0.2469999939203262,-1.3040000200271606,1.2285419954965675,0.016802348
208612,8.49,0.4239,3.0,0.2469999939203262,-1.3040000200271606,1.2285419954965675,0.016802348
99795,8.95,0.0502,3.0,0.2770000100135803,-1.1419999599456787,2.134961297927347,0.034144107
99795,8.95,0.0502,3.0,0.2770000100135803,-1.1419999599456787,2.134961297927347,0.034144107
64758,8.22,0.4621,3.0,-99.0,-1.6859999895095823,2.395465975494956,0.0023723429
64758,8.22,0.4621,3.0,-99.0,-1.6859999895095823,2.395465975494956,0.0023723429
228608,9.73,0.7384,2.5,0.0439999997615814,-0.4379999935626983,2.0388722109633184,0.117919475
228608,9.73,0.7384,2.5,0.0439999997615814,-0.4379999935626983,2.0388722109633184,0.117919475
422366,9.62,0.493,3.0,-0.2899999916553497,-1.5449999570846558,2.750362934937096,0.20821823
422366,9.62,0.493,3.0,-0.2899999916553497,-1.5449999570846558,2.750362934937096,0.20821823
517295,8.94,0.2142,-9.0,-99.0,-1.2630000114440918,7.932133349390338,0.0050504426
517295,8.94,0.2142,-9.0,-99.0,-1.2630000114440918,7.932133349390338,0.0050504426
585035,9.09,0.6835,3.0,-0.3000000119209289,-1.6059999465942385,1.2571584147142514,0.117262065
585035,9.09,0.6835,3.0,-0.3000000119209289,-1.6059999465942385,1.2571584147142514,0.117262065
618071,8.94,0.3653,3.0,-99.0,-1.343999981880188,1.3784467908321083,0.032993875
618071,8.94,0.3653,3.0,-99.0,-1.343999981880188,1.3784467908321083,0.032993875
229097,9.68,0.395,3.0,0.2469999939203262,-1.565000057220459,1.775783460322303,0.11237864
229097,9.68,0.395,3.0,0.2469999939203262,-1.565000057220459,1.775783460322303,0.11237864
7206,10.48,0.3271,2.0,0.0140000004321336,-0.1360000073909759,1.1732484973152024,1.1499628
7206,10.48,0.3271,2.0,0.0140000004321336,-0.1360000073909759,1.1732484973152024,1.1499628
21979,9.13,0.6423,3.0,-99.0,-1.7669999599456787,1.775783460322303,0.07568105
21979,9.13,0.6423,3.0,-99.0,-1.7669999599456787,1.775783460322303,0.07568105
325390,8.26,0.3992,3.0,-99.0,-1.0420000553131104,4.259807821671483,0.0008345516
325390,8.26,0.3992,3.0,-99.0,-1.0420000553131104,4.259807821671483,0.0008345516
220687,9.27,0.4284,3.0,0.0040000001899898,-1.1019999980926514,3.884990906937478,0.02240385
220687,9.27,0.4284,3.0,0.0040000001899898,-1.1019999980926514,3.884990906937478,0.02240385
272748,8.6,0.2689,3.0,0.2160000056028366,-1.243000030517578,1.200576965506572,0.015443709
272748,8.6,0.2689,3.0,0.2160000056028366,-1.243000030517578,1.200576965506572,0.015443709
92676,8.8,0.694,3.0,0.2269999980926513,-1.121999979019165,3.306663538964836,0.032218043
92676,8.8,0.694,3.0,0.2269999980926513,-1.121999979019165,3.306663538964836,0.03253753
92676,8.8,0.694,3.0,0.2370000034570694,-1.121999979019165,3.1578391641788226,0.032218043
92676,8.8,0.694,3.0,0.2370000034570694,-1.121999979019165,3.1578391641788226,0.03253753
92676,8.8,0.694,3.0,0.2269999980926513,-1.121999979019165,3.306663538964836,0.032218043
92676,8.8,0.694,3.0,0.2269999980926513,-1.121999979019165,3.306663538964836,0.03253753
92676,8.8,0.694,3.0,0.2370000034570694,-1.121999979019165,3.1578391641788226,0.032218043
92676,8.8,0.694,3.0,0.2370000034570694,-1.121999979019165,3.1578391641788226,0.03253753
347571,10.06,0.8398,2.5,-99.0,-0.1759999990463256,2.750362934937096,0.14173251
347571,10.06,0.8398,2.5,-99.0,-0.1759999990463256,2.750362934937096,0.14173251
373248,8.53,0.0515,3.0,-99.0,-0.9610000252723694,6.59766114757817,5.6398636e-05
373248,8.53,0.0515,3.0,-99.0,-0.9610000252723694,6.59766114757817,
373248,8.53,0.0515,3.0,-99.0,-0.800000011920929,6.447480044667415,5.6398636e-05
373248,8.53,0.0515,3.0,-99.0,-0.800000011920929,6.447480044667415,
373248,8.53,0.0515,3.0,-99.0,-0.9610000252723694,6.59766114757817,5.6398636e-05
373248,8.53,0.0515,3.0,-99.0,-0.9610000252723694,6.59766114757817,
373248,8.53,0.0515,3.0,-99.0,-0.800000011920929,6.447480044667415,5.6398636e-05
373248,8.53,0.0515,3.0,-99.0,-0.800000011920929,6.447480044667415,
136263,10.74,0.8376,2.0,0.0949999988079071,-0.1360000073909759,3.710137512885986,0.67299575
136263,10.74,0.8376,2.0,0.0949999988079071,-0.1360000073909759,3.710137512885986,0.71654207
136263,10.74,0.8376,2.0,0.1150000020861625,-0.1150000020861625,3.4625017904490982,0.67299575
136263,10.74,0.8376,2.0,0.1150000020861625,-0.1150000020861625,3.4625017904490982,0.71654207
136263,10.74,0.8376,2.0,0.0949999988079071,-0.1360000073909759,3.710137512885986,0.67299575
136263,10.74,0.8376,2.0,0.0949999988079071,-0.1360000073909759,3.710137512885986,0.71654207
136263,10.74,0.8376,2.0,0.1150000020861625,-0.1150000020861625,3.4625017904490982,0.67299575
136263,10.74,0.8376,2.0,0.1150000020861625,-0.1150000020861625,3.4625017904490982,0.71654207
228433,9.33,0.5625,3.0,0.0340000018477439,-1.6260000467300415,2.56678803778268,0.39827177
228433,9.33,0.5625,3.0,0.0340000018477439,-1.6260000467300415,2.56678803778268,0.39827177
185376,8.85,0.5905,3.0,-99.0,-0.5580000281333923,5.004837794194108,0.00016541945
185376,8.85,0.5905,3.0,-99.0,-0.5580000281333923,5.004837794194108,0.00016541945
204799,10.36,0.7068,2.0,0.0439999997615814,-0.2360000014305114,2.134961297927347,0.66859555
204799,10.36,0.7068,2.0,0.0439999997615814,-0.2360000014305114,2.134961297927347,0.66859555
484976,9.42,0.6027,1.5,0.2060000002384185,-0.4379999935626983,3.015712989638904,0.0014799647
484976,9.42,0.6027,1.5,0.2060000002384185,-0.4379999935626983,3.015712989638904,0.0014799647
551507,11.11,0.3251,2.0,0.0750000029802322,-0.7400000095367432,1.4770323476194291,3.2662325
551507,11.11,0.3251,2.0,0.0750000029802322,-0.7400000095367432,1.4770323476194291,3.2662325
560333,9.9,0.1785,3.0,0.0340000018477439,-0.5989999771118164,1.5114368506909526,0.2665222
560333,9.9,0.1785,3.0,0.0340000018477439,-0.5989999771118164,1.5114368506909526,0.2665222
289095,9.24,0.5162,-9.0,0.0649999976158142,-0.6990000009536743,6.01713848098864,0.00016734628
289095,9.24,0.5162,-9.0,0.0649999976158142,-0.6990000009536743,6.01713848098864,0.00016734628
32322,8.74,0.146,3.0,-99.0,-1.565000057220459,3.383685627252995,0.046383202
32322,8.74,0.146,3.0,-99.0,-1.565000057220459,3.383685627252995,0.046383202
534885,8.62,0.5773,3.0,-99.0,-0.6790000200271606,1.5826686749346417,0.0039203763
534885,8.62,0.5773,3.0,-99.0,-0.6790000200271606,1.5826686749346417,0.0045288876
534885,8.62,0.5773,3.0,-99.0,-0.6790000200271606,1.5826686749346417,0.004007322
534885,8.62,0.5773,3.0,-99.0,-0.9210000038146972,4.89091377733286,0.0039203763
534885,8.62,0.5773,3.0,-99.0,-0.9210000038146972,4.89091377733286,0.0045288876
534885,8.62,0.5773,3.0,-99.0,-0.9210000038146972,4.89091377733286,0.004007322
534885,8.62,0.5773,3.0,-99.0,-1.9079999923706052,3.383685627252995,0.0039203763
534885,8.62,0.5773,3.0,-99.0,-1.9079999923706052,3.383685627252995,0.0045288876
534885,8.62,0.5773,3.0,-99.0,-1.9079999923706052,3.383685627252995,0.004007322
534885,8.62,0.5773,3.0,-99.0,-0.6790000200271606,1.5826686749346417,0.0039203763
534885,8.62,0.5773,3.0,-99.0,-0.6790000200271606,1.5826686749346417,0.0045288876
534885,8.62,0.5773,3.0,-99.0,-0.6790000200271606,1.5826686749346417,0.004007322
534885,8.62,0.5773,3.0,-99.0,-0.9210000038146972,4.89091377733286,0.0039203763
534885,8.62,0.5773,3.0,-99.0,-0.9210000038146972,4.89091377733286,0.0045288876
534885,8.62,0.5773,3.0,-99.0,-0.9210000038146972,4.89091377733286,0.004007322
534885,8.62,0.5773,3.0,-99.0,-1.9079999923706052,3.383685627252995,0.0039203763
534885,8.62,0.5773,3.0,-99.0,-1.9079999923706052,3.383685627252995,0.0045288876
534885,8.62,0.5773,3.0,-99.0,-1.9079999923706052,3.383685627252995,0.004007322
278074,9.78,0.1659,3.0,-99.0,-1.9079999923706052,3.543153817926126,0.019139683
278074,9.78,0.1659,3.0,-99.0,-1.9079999923706052,3.543153817926126,0.019139683
144846,10.02,0.0766,3.0,-0.006000000052154,-0.6190000176429749,1.0949392060230196,0.6992764
144846,10.02,0.0766,3.0,-0.006000000052154,-0.6190000176429749,1.0949392060230196,0.6992764
575625,10.24,0.5939,2.0,0.1560000032186508,-0.2160000056028366,2.8799835466736923,0.18579488
575625,10.24,0.5939,2.0,0.1560000032186508,-0.2160000056028366,2.8799835466736923,0.18579488
508480,9.62,0.182,3.0,0.1049999967217445,-0.3970000147819519,2.508360808825364,0.08522004
508480,9.62,0.182,3.0,0.1049999967217445,-0.3970000147819519,2.508360808825364,0.08522004
79690,9.51,0.515,3.0,-99.0,-0.5789999961853027,2.4512635459709684,0.013562838
79690,9.51,0.515,3.0,-99.0,-0.5789999961853027,2.4512635459709684,0.013562838
378142,7.72,0.6702,3.0,-0.2899999916553497,-1.7869999408721924,2.134961297927347,0.008225804
378142,7.72,0.6702,3.0,-0.2899999916553497,-1.7869999408721924,2.134961297927347,0.008225804
16920,9.01,0.4028,-9.0,-99.0,-99.0,-99.0,0.004237703
16920,9.01,0.4028,-9.0,-99.0,-99.0,-99.0,0.0045172726
16920,9.01,0.4028,-9.0,-99.0,-99.0,-99.0,0.004237703
16920,9.01,0.4028,-9.0,-99.0,-99.0,-99.0,0.0045172726
16920,9.01,0.4028,-9.0,-99.0,-99.0,-99.0,0.004237703
16920,9.01,0.4028,-9.0,-99.0,-99.0,-99.0,0.0045172726
16920,9.01,0.4028,-9.0,-99.0,-99.0,-99.0,0.004237703
16920,9.01,0.4028,-9.0,-99.0,-99.0,-99.0,0.0045172726
17314,10.41,0.3845,2.0,0.1049999967217445,0.0659999996423721,2.750362934937096,0.10159729
17314,10.41,0.3845,2.0,0.1049999967217445,0.0659999996423721,2.750362934937096,0.09290304
17314,10.41,0.3845,2.0,0.1049999967217445,0.0659999996423721,2.750362934937096,0.10132042
17314,10.41,0.3845,2.0,0.0850000008940696,0.0659999996423721,2.687757031157795,0.10159729
17314,10.41,0.3845,2.0,0.0850000008940696,0.0659999996423721,2.687757031157795,0.09290304
17314,10.41,0.3845,2.0,0.0850000008940696,0.0659999996423721,2.687757031157795,0.10132042
17314,10.41,0.3845,2.0,0.135000005364418,0.0260000005364418,2.750362934937096,0.10159729
17314,10.41,0.3845,2.0,0.135000005364418,0.0260000005364418,2.750362934937096,0.09290304
17314,10.41,0.3845,2.0,0.135000005364418,0.0260000005364418,2.750362934937096,0.10132042
17314,10.41,0.3845,2.0,0.1049999967217445,0.0659999996423721,2.750362934937096,0.10159729
17314,10.41,0.3845,2.0,0.1049999967217445,0.0659999996423721,2.750362934937096,0.09290304
17314,10.41,0.3845,2.0,0.1049999967217445,0.0659999996423721,2.750362934937096,0.10132042
17314,10.41,0.3845,2.0,0.0850000008940696,0.0659999996423721,2.687757031157795,0.10159729
17314,10.41,0.3845,2.0,0.0850000008940696,0.0659999996423721,2.687757031157795,0.09290304
17314,10.41,0.3845,2.0,0.0850000008940696,0.0659999996423721,2.687757031157795,0.10132042
17314,10.41,0.3845,2.0,0.135000005364418,0.0260000005364418,2.750362934937096,0.10159729
17314,10.41,0.3845,2.0,0.135000005364418,0.0260000005364418,2.750362934937096,0.09290304
17314,10.41,0.3845,2.0,0.135000005364418,0.0260000005364418,2.750362934937096,0.10132042
91926,10.06,0.7045,1.5,0.0850000008940696,-0.1360000073909759,2.750362934937096,0.057402696
91926,10.06,0.7045,1.5,0.0850000008940696,-0.1360000073909759,2.750362934937096,0.057402696
296742,9.15,0.461,3.0,0.0439999997615814,-1.465000033378601,1.775783460322303,0.09487006
296742,9.15,0.461,3.0,0.0439999997615814,-1.465000033378601,1.775783460322303,0.09487006
386316,10.61,0.8444,1.5,0.0439999997615814,0.0659999996423721,1.9924618133258227,0.7135708
386316,10.61,0.8444,1.5,0.0439999997615814,0.0659999996423721,1.9924618133258227,0.7135708
296638,10.4,0.6989,2.0,0.1959999948740005,-0.1959999948740005,2.184690934959677,0.3046194
296638,10.4,0.6989,2.0,0.1959999948740005,-0.1959999948740005,2.184690934959677,0.3046194
85280,10.66,0.5758,2.0,0.0750000029802322,-0.1560000032186508,1.6572575516299524,1.2413949
85280,10.66,0.5758,2.0,0.0750000029802322,-0.1560000032186508,1.6572575516299524,1.2413949
386431,8.48,0.595,3.0,-0.248999997973442,-1.7059999704360962,4.460566379282725,0.038448643
386431,8.48,0.595,3.0,-0.248999997973442,-1.7059999704360962,4.460566379282725,0.038448643
610054,10.32,0.5357,2.5,0.1560000032186508,-0.2759999930858612,1.9924618133258227,0.40434983
610054,10.32,0.5357,2.5,0.1560000032186508,-0.2759999930858612,1.9924618133258227,0.40434983
14812,9.99,0.2436,2.5,0.1959999948740005,-0.4979999959468841,1.6958600389872902,0.29233003
14812,9.99,0.2436,2.5,0.1959999948740005,-0.4979999959468841,1.6958600389872902,0.29233003
298666,10.2,0.6233,2.5,0.0140000004321336,-0.9810000061988832,1.9924618133258227,1.1466976
298666,10.2,0.6233,2.5,0.0140000004321336,-0.9810000061988832,1.9924618133258227,1.1466976
319243,8.54,0.2371,3.0,0.2269999980926513,-0.9810000061988832,3.975483970143573,0.028823398
319243,8.54,0.2371,3.0,0.2269999980926513,-0.9810000061988832,3.975483970143573,0.028823398
319393,10.06,0.63,3.0,0.1150000020861625,-0.2160000056028366,3.383685627252995,0.09856101
319393,10.06,0.63,3.0,0.1150000020861625,-0.2160000056028366,3.383685627252995,0.09856101
592421,10.85,0.283,2.0,0.0439999997615814,-0.0549999997019767,1.1732484973152024,2.1843786
592421,10.85,0.283,2.0,0.0439999997615814,-0.0549999997019767,1.1732484973152024,2.3422127
592421,10.85,0.283,2.0,0.0850000008940696,-0.0350000001490116,1.3784467908321083,2.1843786
592421,10.85,0.283,2.0,0.0850000008940696,-0.0350000001490116,1.3784467908321083,2.3422127
592421,10.85,0.283,2.0,0.0439999997615814,-0.0549999997019767,1.1732484973152024,2.1843786
592421,10.85,0.283,2.0,0.0439999997615814,-0.0549999997019767,1.1732484973152024,2.3422127
592421,10.85,0.283,2.0,0.0850000008940696,-0.0350000001490116,1.3784467908321083,2.1843786
592421,10.85,0.283,2.0,0.0850000008940696,-0.0350000001490116,1.3784467908321083,2.3422127
289085,8.64,0.0466,-9.0,-99.0,-99.0,-99.0,
289085,8.64,0.0466,-9.0,-99.0,-99.0,-99.0,
54957,10.6,0.5893,2.0,-0.006000000052154,0.1059999987483024,3.884990906937478,0.23348515
54957,10.6,0.5893,2.0,-0.006000000052154,0.1059999987483024,3.884990906937478,0.23348515
619097,9.97,0.5407,2.0,0.0649999976158142,-0.4979999959468841,1.9924618133258227,0.39854914
619097,9.97,0.5407,2.0,0.0649999976158142,-0.4979999959468841,1.9924618133258227,0.39854914
63855,9.56,0.1295,3.0,0.0140000004321336,-1.6059999465942385,3.2313946874539026,0.41525152
63855,9.56,0.1295,3.0,0.0140000004321336,-1.6059999465942385,3.2313946874539026,0.41525152
535283,8.5,0.4971,3.0,0.3079999983310699,-1.162999987602234,2.9470669811950616,0.008373265
535283,8.5,0.4971,3.0,0.3079999983310699,-1.162999987602234,2.9470669811950616,0.008373265
567445,10.08,0.7786,1.5,0.2370000034570694,-0.1360000073909759,3.383685627252995,0.034184273
567445,10.08,0.7786,1.5,0.2370000034570694,-0.1360000073909759,3.383685627252995,0.034184273
176868,8.49,0.2838,-9.0,-0.006000000052154,-1.062000036239624,2.626576211733084,0.00236961
176868,8.49,0.2838,-9.0,-0.006000000052154,-1.062000036239624,2.626576211733084,0.0029973506
176868,8.49,0.2838,-9.0,0.0850000008940696,-1.0010000467300415,1.8594735564600955,0.00236961
176868,8.49,0.2838,-9.0,0.0850000008940696,-1.0010000467300415,1.8594735564600955,0.0029973506
176868,8.49,0.2838,-9.0,-0.006000000052154,-1.062000036239624,2.626576211733084,0.00236961
176868,8.49,0.2838,-9.0,-0.006000000052154,-1.062000036239624,2.626576211733084,0.0029973506
176868,8.49,0.2838,-9.0,0.0850000008940696,-1.0010000467300415,1.8594735564600955,0.00236961
176868,8.49,0.2838,-9.0,0.0850000008940696,-1.0010000467300415,1.8594735564600955,0.0029973506
559477,8.65,0.3007,3.0,-99.0,-1.6260000467300415,2.3409385127868907,0.029194243
559477,8.65,0.3007,3.0,-99.0,-1.6260000467300415,2.3409385127868907,0.029194243
551655,10.49,0.4888,2.0,0.3779999911785126,-0.1360000073909759,4.5644663175231495,0.102850966
551655,10.49,0.4888,2.0,0.3779999911785126,-0.1360000073909759,4.5644663175231495,0.102850966
279886,8.82,0.2987,3.0,-0.0160000007599592,-0.7200000286102295,7.234191593860486,8.3368286e-05
279886,8.82,0.2987,3.0,-0.0160000007599592,-0.7200000286102295,7.234191593860486,8.3368286e-05
492384,10.46,0.454,2.0,0.0439999997615814,-0.0949999988079071,1.5826686749346417,0.78972745
492384,10.46,0.454,2.0,0.0439999997615814,-0.0949999988079071,1.5826686749346417,0.78972745
600030,10.25,0.6497,2.0,0.0850000008940696,-0.7599999904632568,1.5466427375869445,1.5766872
600030,10.25,0.6497,2.0,0.0850000008940696,-0.7599999904632568,1.5466427375869445,1.5766872
593526,9.32,0.4938,3.0,0.125,-1.2630000114440918,2.508360808825364,0.11480258
593526,9.32,0.4938,3.0,0.125,-1.2630000114440918,2.508360808825364,0.12259781
593526,9.32,0.4938,3.0,0.0850000008940696,-1.243000030517578,2.508360808825364,0.11480258
593526,9.32,0.4938,3.0,0.0850000008940696,-1.243000030517578,2.508360808825364,0.12259781
593526,9.32,0.4938,3.0,0.125,-1.2630000114440918,2.508360808825364,0.11480258
593526,9.32,0.4938,3.0,0.125,-1.2630000114440918,2.508360808825364,0.12259781
593526,9.32,0.4938,3.0,0.0850000008940696,-1.243000030517578,2.508360808825364,0.11480258
593526,9.32,0.4938,3.0,0.0850000008940696,-1.243000030517578,2.508360808825364,0.12259781
460424,8.87,0.6827,3.0,0.2770000100135803,-0.9409999847412108,3.015712989638904,0.026914978
460424,8.87,0.6827,3.0,0.2770000100135803,-0.9409999847412108,3.015712989638904,0.026914978
323577,9.33,0.0391,3.0,-99.0,-0.5989999771118164,2.287652246664289,0.018591648
323577,9.33,0.0391,3.0,-99.0,-0.5989999771118164,2.287652246664289,0.018591648
560208,9.2,0.3893,3.0,0.1959999948740005,-1.062000036239624,2.750362934937096,0.058996323
560208,9.2,0.3893,3.0,0.1959999948740005,-1.062000036239624,2.750362934937096,0.058996323
279818,9.54,0.2086,3.0,-0.1580000072717666,-1.5449999570846558,2.8799835466736923,0.20513372
279818,9.54,0.2086,3.0,-0.1580000072717666,-1.5449999570846558,2.8799835466736923,0.20513372
143499,8.74,0.6934,3.0,-99.0,-0.8600000143051147,2.395465975494956,0.005051164
143499,8.74,0.6934,3.0,-99.0,-0.8600000143051147,2.395465975494956,0.005051164
397449,8.5,0.749,3.0,-0.3000000119209289,-1.888000011444092,2.508360808825364,
397449,8.5,0.749,3.0,-0.3000000119209289,-1.888000011444092,2.508360808825364,
41277,10.38,0.5017,1.5,0.0850000008940696,-0.4379999935626983,4.460566379282725,0.47804067
41277,10.38,0.5017,1.5,0.0850000008940696,-0.4379999935626983,4.460566379282725,0.47804067
79689,9.18,0.0931,-9.0,-99.0,-99.0,-99.0,6.331289e-05
79689,9.18,0.0931,-9.0,-99.0,-99.0,-99.0,6.331289e-05
417433,10.57,0.7903,2.0,0.328000009059906,-0.2360000014305114,6.908599337995359,0.0058687394
417433,10.57,0.7903,2.0,0.328000009059906,-0.2360000014305114,6.908599337995359,0.0058687394
545925,10.16,0.0938,3.0,-0.1580000072717666,-0.8199999928474426,1.8171467707558813,1.029896
545925,10.16,0.0938,3.0,-0.1580000072717666,-0.8199999928474426,1.8171467707558813,1.1577576
545925,10.16,0.0938,3.0,-0.1580000072717666,-0.8199999928474426,1.8171467707558813,0.95737636
545925,10.16,0.0938,3.0,-0.1180000007152557,-0.8809999823570251,1.6572575516299524,1.029896
545925,10.16,0.0938,3.0,-0.1180000007152557,-0.8809999823570251,1.6572575516299524,1.1577576
545925,10.16,0.0938,3.0,-0.1180000007152557,-0.8809999823570251,1.6572575516299524,0.95737636
545925,10.16,0.0938,3.0,0.0340000018477439,-0.9409999847412108,1.8594735564600955,1.029896
545925,10.16,0.0938,3.0,0.0340000018477439,-0.9409999847412108,1.8594735564600955,1.1577576
545925,10.16,0.0938,3.0,0.0340000018477439,-0.9409999847412108,1.8594735564600955,0.95737636
545925,10.16,0.0938,3.0,-0.1580000072717666,-0.8199999928474426,1.8171467707558813,1.029896
545925,10.16,0.0938,3.0,-0.1580000072717666,-0.8199999928474426,1.8171467707558813,1.1577576
545925,10.16,0.0938,3.0,-0.1580000072717666,-0.8199999928474426,1.8171467707558813,0.95737636
545925,10.16,0.0938,3.0,-0.1180000007152557,-0.8809999823570251,1.6572575516299524,1.029896
545925,10.16,0.0938,3.0,-0.1180000007152557,-0.8809999823570251,1.6572575516299524,1.1577576
545925,10.16,0.0938,3.0,-0.1180000007152557,-0.8809999823570251,1.6572575516299524,0.95737636
545925,10.16,0.0938,3.0,0.0340000018477439,-0.9409999847412108,1.8594735564600955,1.029896
545925,10.16,0.0938,3.0,0.0340000018477439,-0.9409999847412108,1.8594735564600955,1.1577576
545925,10.16,0.0938,3.0,0.0340000018477439,-0.9409999847412108,1.8594735564600955,0.95737636
251297,9.52,0.3048,3.0,0.0439999997615814,-0.6790000200271606,1.6195337641628855,0.10177347
251297,9.52,0.3048,3.0,0.0439999997615814,-0.6790000200271606,1.6195337641628855,0.10177347
287824,10.59,0.2183,2.5,0.2669999897480011,-0.2759999930858612,1.1465421010068892,2.3933218
287824,10.59,0.2183,2.5,0.2669999897480011,-0.2759999930858612,1.1465421010068892,2.3933218
319020,9.24,0.8319,3.0,0.2469999939203262,-1.2230000495910645,2.750362934937096,0.22391652
319020,9.24,0.8319,3.0,0.2469999939203262,-1.2230000495910645,2.750362934937096,0.22391652
210060,8.98,0.2126,3.0,-99.0,-1.062000036239624,3.015712989638904,0.04532889
210060,8.98,0.2126,3.0,-99.0,-1.062000036239624,3.015712989638904,0.04532889
491457,10.64,0.4882,1.0,0.2669999897480011,-0.5580000281333923,2.086363645634731,2.3274658
491457,10.64,0.4882,1.0,0.2669999897480011,-0.5580000281333923,2.086363645634731,2.3274658
138161,8.63,0.2909,3.0,-99.0,-1.3240000009536743,4.7795829876952505,0.0009053098
138161,8.63,0.2909,3.0,-99.0,-1.3240000009536743,4.7795829876952505,0.0009053098
184230,10.41,0.0579,3.0,0.0140000004321336,-0.5580000281333923,1.5114368506909526,0.5828827
184230,10.41,0.0579,3.0,0.0140000004321336,-0.5580000281333923,1.5114368506909526,0.5828827
71352,9.32,0.2138,0.0,-99.0,-1.5449999570846558,7.069521289046108,
71352,9.32,0.2138,0.0,-99.0,-1.5449999570846558,7.069521289046108,
517868,9.18,0.6574,3.0,-0.1580000072717666,-1.162999987602234,5.487695516567193,0.08759044
517868,9.18,0.6574,3.0,-0.1580000072717666,-1.162999987602234,5.487695516567193,0.08759044
55367,8.4,0.3037,3.0,-99.0,-1.8669999837875368,3.625684472456604,0.008667484
55367,8.4,0.3037,3.0,-99.0,-1.8669999837875368,3.625684472456604,0.008667484
574008,10.18,0.4689,3.0,-0.1580000072717666,-1.062000036239624,1.3164064654697047,1.038098
574008,10.18,0.4689,3.0,-0.1580000072717666,-1.062000036239624,1.3164064654697047,1.038098
598968,10.06,0.1988,3.0,-0.0869999974966049,-0.9610000252723694,2.0388722109633184,0.5948493
598968,10.06,0.1988,3.0,-0.0869999974966049,-0.9610000252723694,2.0388722109633184,0.5948493
422359,10.07,0.4488,1.5,0.1759999990463256,-0.31700000166893,1.5114368506909526,0.57071763
422359,10.07,0.4488,1.5,0.1759999990463256,-0.31700000166893,1.5114368506909526,0.57071763
16429,9.34,0.4789,-9.0,-0.0469999983906745,-0.2160000056028366,5.004837794194108,0.00011628394
16429,9.34,0.4789,-9.0,-0.0469999983906745,-0.2160000056028366,5.004837794194108,0.00011628394
288851,11.19,0.686,2.0,0.135000005364418,-0.1150000020861625,2.626576211733084,4.1981344
288851,11.19,0.686,2.0,0.135000005364418,-0.1150000020861625,2.626576211733084,4.1981344
511789,9.02,0.8743,3.0,0.4900000095367431,-1.847000002861023,1.200576965506572,0.059189145
511789,9.02,0.8743,3.0,0.4900000095367431,-1.847000002861023,1.200576965506572,0.059189145
543752,8.92,0.4731,3.0,-0.2899999916553497,-1.7669999599456787,1.775783460322303,0.070388034
543752,8.92,0.4731,3.0,-0.2899999916553497,-1.7669999599456787,1.775783460322303,0.070388034
238094,9.17,0.5309,3.0,0.4589999914169311,-1.5449999570846558,1.775783460322303,0.16270159
238094,9.17,0.5309,3.0,0.4589999914169311,-1.5449999570846558,1.775783460322303,0.16270159
184370,9.65,0.1371,3.0,0.0240000002086162,-0.7799999713897705,2.235578924043527,0.11521995
184370,9.65,0.1371,3.0,0.0240000002086162,-0.7799999713897705,2.235578924043527,0.11521995
583551,8.98,0.892,3.0,-99.0,-0.9810000061988832,2.508360808825364,0.016220812
583551,8.98,0.892,3.0,-99.0,-0.9810000061988832,2.508360808825364,0.016220812
220355,8.72,0.3486,3.0,-0.0970000028610229,-0.5989999771118164,2.134961297927347,0.0004076616
220355,8.72,0.3486,3.0,-0.0970000028610229,-0.5989999771118164,2.134961297927347,0.0004076616
215292,10.09,0.7019,3.0,0.0949999988079071,-0.7400000095367432,1.6572575516299524,0.52349967
215292,10.09,0.7019,3.0,0.0949999988079071,-0.7400000095367432,1.6572575516299524,0.52349967
202373,9.06,0.5055,3.0,0.5,-1.162999987602234,4.7795829876952505,0.060838256
202373,9.06,0.5055,3.0,0.5,-1.162999987602234,4.7795829876952505,0.060838256
485919,10.5,0.3585,2.0,0.0439999997615814,-0.0149999996647238,1.4434109866494478,0.6488268
485919,10.5,0.3585,2.0,0.0439999997615814,-0.0149999996647238,1.4434109866494478,0.6488268
491508,10.61,0.3545,1.0,0.2669999897480011,-0.4379999935626983,2.134961297927347,2.0009952
491508,10.61,0.3545,1.0,0.2669999897480011,-0.4379999935626983,2.134961297927347,2.0009952
323507,9.44,0.1355,3.0,0.2469999939203262,-1.2029999494552612,3.1578391641788226,0.13394034
323507,9.44,0.1355,3.0,0.2469999939203262,-1.2029999494552612,3.1578391641788226,0.13394034
136980,8.63,0.4369,3.0,-99.0,-0.0549999997019767,3.710137512885986,0.015263491
136980,8.63,0.4369,3.0,-99.0,-0.0549999997019767,3.710137512885986,0.015263491
512524,9.27,0.0823,3.0,-99.0,-0.5989999771118164,2.508360808825364,0.07571247
512524,9.27,0.0823,3.0,-99.0,-0.5989999771118164,2.508360808825364,0.07571247
136880,9.78,0.5726,1.5,0.0340000018477439,-0.2160000056028366,1.7353616937846603,0.01823025
136880,9.78,0.5726,1.5,0.0340000018477439,-0.2160000056028366,1.7353616937846603,0.01823025
229263,8.43,0.2362,3.0,-0.0370000004768371,-1.2630000114440918,3.1578391641788226,0.011934322
229263,8.43,0.2362,3.0,-0.0370000004768371,-1.2630000114440918,3.1578391641788226,0.012913991
229263,8.43,0.2362,3.0,-0.1990000009536743,-1.444000005722046,3.306663538964836,0.011934322
229263,8.43,0.2362,3.0,-0.1990000009536743,-1.444000005722046,3.306663538964836,0.012913991
229263,8.43,0.2362,3.0,-0.0370000004768371,-1.2630000114440918,3.1578391641788226,0.011934322
229263,8.43,0.2362,3.0,-0.0370000004768371,-1.2630000114440918,3.1578391641788226,0.012913991
229263,8.43,0.2362,3.0,-0.1990000009536743,-1.444000005722046,3.306663538964836,0.011934322
229263,8.43,0.2362,3.0,-0.1990000009536743,-1.444000005722046,3.306663538964836,0.012913991
79529,8.62,0.3808,3.0,-99.0,-1.343999981880188,3.975483970143573,0.025152937
79529,8.62,0.3808,3.0,-99.0,-1.343999981880188,3.975483970143573,0.025152937
325536,10.34,0.7796,2.5,0.1459999978542328,-0.5379999876022339,2.134961297927347,1.1990707
325536,10.34,0.7796,2.5,0.1459999978542328,-0.5379999876022339,2.134961297927347,1.1990707
300372,9.16,0.1799,-9.0,0.1560000032186508,-1.0420000553131104,1.6572575516299524,0.03380784
300372,9.16,0.1799,-9.0,0.1560000032186508,-1.0420000553131104,1.6572575516299524,0.03380784
54455,9.13,0.4866,3.0,0.1560000032186508,-1.1419999599456787,3.884990906937478,0.047367908
54455,9.13,0.4866,3.0,0.1560000032186508,-1.1419999599456787,3.884990906937478,0.047367908
143388,8.06,0.3048,3.0,0.328000009059906,-1.9479999542236328,3.1578391641788226,0.011261342
143388,8.06,0.3048,3.0,0.328000009059906,-1.9479999542236328,3.1578391641788226,0.011261342
560779,8.47,0.2984,3.0,0.2060000002384185,-1.243000030517578,1.8594735564600955,0.0066914996
560779,8.47,0.2984,3.0,0.2060000002384185,-1.243000030517578,1.8594735564600955,0.0066914996
594946,9.88,0.2762,0.5,0.0750000029802322,-0.2160000056028366,4.359031492379173,0.032380827
594946,9.88,0.2762,0.5,0.0750000029802322,-0.2160000056028366,4.359031492379173,0.032380827
62435,9.0,0.1819,3.0,0.1560000032186508,-1.0219999551773071,1.9471078453151025,0.05082328
62435,9.0,0.1819,3.0,0.1560000032186508,-1.0219999551773071,1.9471078453151025,0.05082328
302657,9.57,0.6303,3.0,-99.0,-1.3240000009536743,1.3784467908321083,0.1300685
302657,9.57,0.6303,3.0,-99.0,-1.3240000009536743,1.3784467908321083,0.1300685
583427,10.6,0.815,2.0,0.135000005364418,-0.1150000020861625,3.4625017904490982,0.27061293
583427,10.6,0.815,2.0,0.135000005364418,-0.1150000020861625,3.4625017904490982,0.27061293
48969,9.52,0.3595,3.0,-0.0970000028610229,-1.162999987602234,1.8594735564600955,0.15270084
48969,9.52,0.3595,3.0,-0.0970000028610229,-1.162999987602234,1.8594735564600955,0.15270084
139123,10.78,0.8225,1.5,0.1150000020861625,-0.0350000001490116,3.1578391641788226,0.19174692
139123,10.78,0.8225,1.5,0.1150000020861625,-0.0350000001490116,3.1578391641788226,0.19174692
107824,10.35,0.5378,2.0,0.125,-0.2560000121593475,2.134961297927347,0.5193569
107824,10.35,0.5378,2.0,0.125,-0.2560000121593475,2.134961297927347,0.5142369
107824,10.35,0.5378,2.0,0.125,-0.2560000121593475,2.134961297927347,0.60482913
107824,10.35,0.5378,2.0,0.0439999997615814,-0.2360000014305114,1.775783460322303,0.5193569
107824,10.35,0.5378,2.0,0.0439999997615814,-0.2360000014305114,1.775783460322303,0.5142369
107824,10.35,0.5378,2.0,0.0439999997615814,-0.2360000014305114,1.775783460322303,0.60482913
107824,10.35,0.5378,2.0,0.0240000002086162,-0.2759999930858612,1.902786259656987,0.5193569
107824,10.35,0.5378,2.0,0.0240000002086162,-0.2759999930858612,1.902786259656987,0.5142369
107824,10.35,0.5378,2.0,0.0240000002086162,-0.2759999930858612,1.902786259656987,0.60482913
107824,10.35,0.5378,2.0,0.125,-0.2560000121593475,2.134961297927347,0.5193569
107824,10.35,0.5378,2.0,0.125,-0.2560000121593475,2.134961297927347,0.5142369
107824,10.35,0.5378,2.0,0.125,-0.2560000121593475,2.134961297927347,0.60482913
107824,10.35,0.5378,2.0,0.0439999997615814,-0.2360000014305114,1.775783460322303,0.5193569
107824,10.35,0.5378,2.0,0.0439999997615814,-0.2360000014305114,1.775783460322303,0.5142369
107824,10.35,0.5378,2.0,0.0439999997615814,-0.2360000014305114,1.775783460322303,0.60482913
107824,10.35,0.5378,2.0,0.0240000002086162,-0.2759999930858612,1.902786259656987,0.5193569
107824,10.35,0.5378,2.0,0.0240000002086162,-0.2759999930858612,1.902786259656987,0.5142369
107824,10.35,0.5378,2.0,0.0240000002086162,-0.2759999930858612,1.902786259656987,0.60482913
418725,10.28,0.1168,2.0,0.1959999948740005,-0.1959999948740005,1.6958600389872902,0.5601495
418725,10.28,0.1168,2.0,0.1959999948740005,-0.1959999948740005,1.6958600389872902,0.56920904
418725,10.28,0.1168,2.0,0.2770000100135803,-0.31700000166893,2.4512635459709684,0.5601495
418725,10.28,0.1168,2.0,0.2770000100135803,-0.31700000166893,2.4512635459709684,0.56920904
418725,10.28,0.1168,2.0,0.1959999948740005,-0.1959999948740005,1.6958600389872902,0.5601495
418725,10.28,0.1168,2.0,0.1959999948740005,-0.1959999948740005,1.6958600389872902,0.56920904
418725,10.28,0.1168,2.0,0.2770000100135803,-0.31700000166893,2.4512635459709684,0.5601495
418725,10.28,0.1168,2.0,0.2770000100135803,-0.31700000166893,2.4512635459709684,0.56920904
70929,10.57,0.4062,2.5,0.1860000044107437,-0.1560000032186508,2.134961297927347,0.85943085
70929,10.57,0.4062,2.5,0.1860000044107437,-0.1560000032186508,2.134961297927347,0.85943085
186742,8.7,0.2429,3.0,-99.0,-1.2029999494552612,3.306663538964836,0.033515975
186742,8.7,0.2429,3.0,-99.0,-1.2029999494552612,3.306663538964836,0.033515975
138065,9.49,0.63,3.0,-0.0370000004768371,-0.5379999876022339,2.56678803778268,0.019593136
138065,9.49,0.63,3.0,-0.0370000004768371,-0.5379999876022339,2.56678803778268,0.019593136
78791,9.27,0.6899,3.0,0.0949999988079071,-1.121999979019165,1.8594735564600955,0.14364335
78791,9.27,0.6899,3.0,0.0949999988079071,-1.121999979019165,1.8594735564600955,0.14364335
273092,10.07,0.2491,3.0,0.2160000056028366,-0.7799999713897705,1.775783460322303,0.3641983
273092,10.07,0.2491,3.0,0.2160000056028366,-0.7799999713897705,1.775783460322303,0.3641983
251887,11.35,0.4936,2.0,0.0040000001899898,0.3479999899864197,1.3164064654697047,8.842016
251887,11.35,0.4936,2.0,0.0040000001899898,0.3479999899864197,1.3164064654697047,8.842016
609396,9.91,0.2219,2.5,0.4589999914169311,-1.2829999923706057,6.908599337995359,3.279935
609396,9.91,0.2219,2.5,0.4589999914169311,-1.2829999923706057,6.908599337995359,3.279935
62145,10.19,0.107,3.0,0.0540000014007091,-0.296999990940094,1.6958600389872902,0.5437645
62145,10.19,0.107,3.0,0.0540000014007091,-0.296999990940094,1.6958600389872902,0.5437645
144197,9.13,0.2114,3.0,0.4900000095367431,-1.1419999599456787,2.508360808825364,0.124959856
144197,9.13,0.2114,3.0,0.4900000095367431,-1.1419999599456787,2.508360808825364,0.124959856
54938,8.29,0.4418,3.0,-0.006000000052154,-1.1419999599456787,2.750362934937096,0.0026846698
54938,8.29,0.4418,3.0,-0.006000000052154,-1.1419999599456787,2.750362934937096,0.0026846698
238496,10.13,0.7284,1.5,0.1759999990463256,-0.4379999935626983,4.5644663175231495,0.12167528
238496,10.13,0.7284,1.5,0.1759999990463256,-0.4379999935626983,4.5644663175231495,0.12167528
85464,8.53,0.4713,3.0,-99.0,-0.6589999794960022,4.259807821671483,0.00038709719
85464,8.53,0.4713,3.0,-99.0,-0.6589999794960022,4.259807821671483,0.00038709719
278390,10.51,0.6662,2.0,0.1759999990463256,-0.1759999990463256,2.626576211733084,0.45290312
278390,10.51,0.6662,2.0,0.1759999990463256,-0.1759999990463256,2.626576211733084,0.45290312
8319,7.49,0.2865,3.0,-99.0,-2.2100000381469727,2.508360808825364,0.00092609273
8319,7.49,0.2865,3.0,-99.0,-2.2100000381469727,2.508360808825364,0.00092609273
323504,10.94,0.0884,2.0,0.2060000002384185,-0.0750000029802322,3.015712989638904,1.2941132
323504,10.94,0.0884,2.0,0.2060000002384185,-0.0750000029802322,3.015712989638904,1.2941132
77754,10.48,0.4378,2.0,0.0649999976158142,-0.4979999959468841,1.0949392060230196,2.8343797
77754,10.48,0.4378,2.0,0.0649999976158142,-0.4979999959468841,1.0949392060230196,2.8343797
345682,9.27,0.5392,3.0,-0.1480000019073486,-1.444000005722046,1.1732484973152024,0.053789295
345682,9.27,0.5392,3.0,-0.1480000019073486,-1.444000005722046,1.1732484973152024,0.053789295
178290,8.98,0.7534,3.0,0.1560000032186508,-1.4850000143051147,1.8594735564600955,0.00889869
178290,8.98,0.7534,3.0,0.1560000032186508,-1.4850000143051147,1.8594735564600955,0.00889869
567678,9.44,0.5582,2.0,0.0240000002086162,-0.9210000038146972,3.625684472456604,0.04102172
567678,9.44,0.5582,2.0,0.0240000002086162,-0.9210000038146972,3.625684472456604,0.04102172
144690,10.4,0.6671,1.5,-0.0370000004768371,0.0659999996423721,2.184690934959677,0.2729265
144690,10.4,0.6671,1.5,-0.0370000004768371,0.0659999996423721,2.184690934959677,0.2729265
273296,9.56,0.4642,3.0,-0.1580000072717666,-1.2029999494552612,1.8171467707558813,0.2713576
273296,9.56,0.4642,3.0,-0.1580000072717666,-1.2029999494552612,1.8171467707558813,0.2713576
220372,9.06,0.1196,3.0,-0.0769999995827674,-0.8199999928474426,1.8594735564600955,0.030038398
220372,9.06,0.1196,3.0,-0.0769999995827674,-0.8199999928474426,1.8594735564600955,0.030038398
551656,10.5,0.3957,2.0,0.1759999990463256,-0.1360000073909759,2.8144271175498585,0.10408134
551656,10.5,0.3957,2.0,0.1759999990463256,-0.1360000073909759,2.8144271175498585,0.10408134
228767,9.11,0.2977,-9.0,0.0540000014007091,-1.0420000553131104,2.508360808825364,0.043109603
228767,9.11,0.2977,-9.0,0.0540000014007091,-1.0420000553131104,2.508360808825364,0.043109603
371037,8.14,0.2936,3.0,-0.1080000028014183,-1.0420000553131104,1.8594735564600955,0.00026829986
371037,8.14,0.2936,3.0,-0.1080000028014183,-1.0420000553131104,1.8594735564600955,0.00026829986
32362,10.41,0.4359,2.0,0.125,-0.5989999771118164,2.086363645634731,0.59993964
32362,10.41,0.4359,2.0,0.125,-0.5989999771118164,2.086363645634731,0.61583036
32362,10.41,0.4359,2.0,0.125,-0.5989999771118164,2.086363645634731,0.5919777
32362,10.41,0.4359,2.0,0.125,-0.5989999771118164,2.086363645634731,0.55048233
32362,10.41,0.4359,2.0,0.0040000001899898,-0.4580000042915344,2.086363645634731,0.59993964
32362,10.41,0.4359,2.0,0.0040000001899898,-0.4580000042915344,2.086363645634731,0.61583036
32362,10.41,0.4359,2.0,0.0040000001899898,-0.4580000042915344,2.086363645634731,0.5919777
32362,10.41,0.4359,2.0,0.0040000001899898,-0.4580000042915344,2.086363645634731,0.55048233
32362,10.41,0.4359,2.0,0.0040000001899898,-0.4580000042915344,2.086363645634731,0.59993964
32362,10.41,0.4359,2.0,0.0040000001899898,-0.4580000042915344,2.086363645634731,0.61583036
32362,10.41,0.4359,2.0,0.0040000001899898,-0.4580000042915344,2.086363645634731,0.5919777
32362,10.41,0.4359,2.0,0.0040000001899898,-0.4580000042915344,2.086363645634731,0.55048233
32362,10.41,0.4359,2.0,0.0140000004321336,-0.4580000042915344,2.0388722109633184,0.59993964
32362,10.41,0.4359,2.0,0.0140000004321336,-0.4580000042915344,2.0388722109633184,0.61583036
32362,10.41,0.4359,2.0,0.0140000004321336,-0.4580000042915344,2.0388722109633184,0.5919777
32362,10.41,0.4359,2.0,0.0140000004321336,-0.4580000042915344,2.0388722109633184,0.55048233
32362,10.41,0.4359,2.0,0.125,-0.5989999771118164,2.086363645634731,0.59993964
32362,10.41,0.4359,2.0,0.125,-0.5989999771118164,2.086363645634731,0.61583036
32362,10.41,0.4359,2.0,0.125,-0.5989999771118164,2.086363645634731,0.5919777
32362,10.41,0.4359,2.0,0.125,-0.5989999771118164,2.086363645634731,0.55048233
32362,10.41,0.4359,2.0,0.0040000001899898,-0.4580000042915344,2.086363645634731,0.59993964
32362,10.41,0.4359,2.0,0.0040000001899898,-0.4580000042915344,2.086363645634731,0.61583036
32362,10.41,0.4359,2.0,0.0040000001899898,-0.4580000042915344,2.086363645634731,0.5919777
32362,10.41,0.4359,2.0,0.0040000001899898,-0.4580000042915344,2.086363645634731,0.55048233
32362,10.41,0.4359,2.0,0.0040000001899898,-0.4580000042915344,2.086363645634731,0.59993964
32362,10.41,0.4359,2.0,0.0040000001899898,-0.4580000042915344,2.086363645634731,0.61583036
32362,10.41,0.4359,2.0,0.0040000001899898,-0.4580000042915344,2.086363645634731,0.5919777
32362,10.41,0.4359,2.0,0.0040000001899898,-0.4580000042915344,2.086363645634731,0.55048233
32362,10.41,0.4359,2.0,0.0140000004321336,-0.4580000042915344,2.0388722109633184,0.59993964
32362,10.41,0.4359,2.0,0.0140000004321336,-0.4580000042915344,2.0388722109633184,0.61583036
32362,10.41,0.4359,2.0,0.0140000004321336,-0.4580000042915344,2.0388722109633184,0.5919777
32362,10.41,0.4359,2.0,0.0140000004321336,-0.4580000042915344,2.0388722109633184,0.55048233
534753,10.35,0.3269,2.5,0.2370000034570694,-0.4979999959468841,1.6572575516299524,0.26631752
534753,10.35,0.3269,2.5,0.2370000034570694,-0.4979999959468841,1.6572575516299524,0.26631752
619046,9.12,0.9245,3.0,0.2269999980926513,-1.1829999685287476,1.775783460322303,0.036049485
619046,9.12,0.9245,3.0,0.2269999980926513,-1.1829999685287476,1.775783460322303,0.036049485
288904,9.79,0.4011,2.5,0.0439999997615814,-0.4779999852180481,2.3409385127868907,0.040918004
288904,9.79,0.4011,2.5,0.0439999997615814,-0.4779999852180481,2.3409385127868907,0.040918004
485046,10.08,0.4219,3.0,0.135000005364418,-0.7599999904632568,2.0388722109633184,0.6207668
485046,10.08,0.4219,3.0,0.135000005364418,-0.7599999904632568,2.0388722109633184,0.6207668
176934,8.28,0.378,3.0,-0.2090000063180923,-1.7669999599456787,2.750362934937096,0.0039906385
176934,8.28,0.378,3.0,-0.2090000063180923,-1.7669999599456787,2.750362934937096,0.0055213063
176934,8.28,0.378,3.0,-0.248999997973442,-1.7059999704360962,4.06808488757239,0.0039906385
176934,8.28,0.378,3.0,-0.248999997973442,-1.7059999704360962,4.06808488757239,0.0055213063
176934,8.28,0.378,3.0,-0.2090000063180923,-1.7669999599456787,2.750362934937096,0.0039906385
176934,8.28,0.378,3.0,-0.2090000063180923,-1.7669999599456787,2.750362934937096,0.0055213063
176934,8.28,0.378,3.0,-0.248999997973442,-1.7059999704360962,4.06808488757239,0.0039906385
176934,8.28,0.378,3.0,-0.248999997973442,-1.7059999704360962,4.06808488757239,0.0055213063
594313,10.51,0.7391,2.0,0.125,-0.5789999961853027,1.8171467707558813,1.4182591
594313,10.51,0.7391,2.0,0.125,-0.5789999961853027,1.8171467707558813,1.4182591
279943,8.48,0.4856,3.0,0.0340000018477439,-1.6260000467300415,2.508360808825364,0.012759805
279943,8.48,0.4856,3.0,0.0340000018477439,-1.6260000467300415,2.508360808825364,0.012759805
618108,10.43,0.6894,2.0,0.2269999980926513,0.0460000000894069,3.625684472456604,0.042872734
618108,10.43,0.6894,2.0,0.2269999980926513,0.0460000000894069,3.625684472456604,0.042872734
521768,10.19,0.2182,2.5,0.0340000018477439,-0.2759999930858612,2.134961297927347,0.4007578
521768,10.19,0.2182,2.5,0.0340000018477439,-0.2759999930858612,2.134961297927347,0.4007578
106908,10.77,0.8378,2.5,0.0540000014007091,-0.0549999997019767,2.086363645634731,0.14931007
106908,10.77,0.8378,2.5,0.0540000014007091,-0.0549999997019767,2.086363645634731,0.14931007
574029,10.04,0.2321,3.0,0.0240000002086162,-0.9210000038146972,1.9471078453151025,1.3174621
574029,10.04,0.2321,3.0,0.0240000002086162,-0.9210000038146972,1.9471078453151025,1.3174621
93259,9.75,0.3018,3.0,0.3479999899864197,-1.121999979019165,1.9471078453151025,0.3969994
93259,9.75,0.3018,3.0,0.3479999899864197,-1.121999979019165,1.9471078453151025,0.3969994
32249,8.51,0.1197,3.0,-99.0,-1.162999987602234,1.775783460322303,0.018806657
32249,8.51,0.1197,3.0,-99.0,-1.162999987602234,1.775783460322303,0.018806657
300887,9.11,0.566,3.0,-0.1990000009536743,-1.0820000171661377,1.775783460322303,0.040801685
300887,9.11,0.566,3.0,-0.1990000009536743,-1.0820000171661377,1.775783460322303,0.040801685
593682,9.04,0.7485,3.0,0.1959999948740005,-1.1419999599456787,2.395465975494956,0.056208856
593682,9.04,0.7485,3.0,0.1959999948740005,-1.1419999599456787,2.395465975494956,0.056208856
548947,10.67,0.6594,2.5,0.0240000002086162,-0.2759999930858612,1.6958600389872902,2.128055
548947,10.67,0.6594,2.5,0.0240000002086162,-0.2759999930858612,1.6958600389872902,2.128055
584013,10.46,0.2946,2.0,0.2569999992847442,-0.9010000228881836,1.9471078453151025,2.6377249
584013,10.46,0.2946,2.0,0.2569999992847442,-0.9010000228881836,1.9471078453151025,2.6377249
203037,8.59,0.0642,3.0,-99.0,-1.2029999494552612,5.487695516567193,0.010060319
203037,8.59,0.0642,3.0,-99.0,-1.2029999494552612,5.487695516567193,0.010060319
543797,10.52,0.6242,2.0,0.1860000044107437,-0.0149999996647238,4.5644663175231495,0.22827613
543797,10.52,0.6242,2.0,0.1860000044107437,-0.0149999996647238,4.5644663175231495,0.024719654
543797,10.52,0.6242,2.0,0.1860000044107437,-0.0149999996647238,4.5644663175231495,0.01724932
543797,10.52,0.6242,2.0,0.2870000004768371,-0.1560000032186508,6.157295641178537,0.22827613
543797,10.52,0.6242,2.0,0.2870000004768371,-0.1560000032186508,6.157295641178537,0.024719654
543797,10.52,0.6242,2.0,0.2870000004768371,-0.1560000032186508,6.157295641178537,0.01724932
543797,10.52,0.6242,2.0,0.2469999939203262,-0.0149999996647238,4.06808488757239,0.22827613
543797,10.52,0.6242,2.0,0.2469999939203262,-0.0149999996647238,4.06808488757239,0.024719654
543797,10.52,0.6242,2.0,0.2469999939203262,-0.0149999996647238,4.06808488757239,0.01724932
543797,10.52,0.6242,2.0,0.1860000044107437,-0.0149999996647238,4.5644663175231495,0.22827613
543797,10.52,0.6242,2.0,0.1860000044107437,-0.0149999996647238,4.5644663175231495,0.024719654
543797,10.52,0.6242,2.0,0.1860000044107437,-0.0149999996647238,4.5644663175231495,0.01724932
543797,10.52,0.6242,2.0,0.2870000004768371,-0.1560000032186508,6.157295641178537,0.22827613
543797,10.52,0.6242,2.0,0.2870000004768371,-0.1560000032186508,6.157295641178537,0.024719654
543797,10.52,0.6242,2.0,0.2870000004768371,-0.1560000032186508,6.157295641178537,0.01724932
543797,10.52,0.6242,2.0,0.2469999939203262,-0.0149999996647238,4.06808488757239,0.22827613
543797,10.52,0.6242,2.0,0.2469999939203262,-0.0149999996647238,4.06808488757239,0.024719654
543797,10.52,0.6242,2.0,0.2469999939203262,-0.0149999996647238,4.06808488757239,0.01724932
136240,9.28,0.6266,3.0,0.0040000001899898,-1.0010000467300415,1.6958600389872902,0.042685922
136240,9.28,0.6266,3.0,0.0040000001899898,-1.0010000467300415,1.6958600389872902,0.043888744
136240,9.28,0.6266,3.0,0.135000005364418,-1.0219999551773071,1.775783460322303,0.042685922
136240,9.28,0.6266,3.0,0.135000005364418,-1.0219999551773071,1.775783460322303,0.043888744
136240,9.28,0.6266,3.0,0.0040000001899898,-1.0010000467300415,1.6958600389872902,0.042685922
136240,9.28,0.6266,3.0,0.0040000001899898,-1.0010000467300415,1.6958600389872902,0.043888744
136240,9.28,0.6266,3.0,0.135000005364418,-1.0219999551773071,1.775783460322303,0.042685922
136240,9.28,0.6266,3.0,0.135000005364418,-1.0219999551773071,1.775783460322303,0.043888744
513267,8.46,0.2893,3.0,-99.0,-1.2029999494552612,2.750362934937096,0.0015452928
513267,8.46,0.2893,3.0,-99.0,-1.2029999494552612,2.750362934937096,0.0012726035
513267,8.46,0.2893,3.0,-99.0,-1.3240000009536743,3.2313946874539026,0.0015452928
513267,8.46,0.2893,3.0,-99.0,-1.3240000009536743,3.2313946874539026,0.0012726035
513267,8.46,0.2893,3.0,-99.0,-1.2029999494552612,2.750362934937096,0.0015452928
513267,8.46,0.2893,3.0,-99.0,-1.2029999494552612,2.750362934937096,0.0012726035
513267,8.46,0.2893,3.0,-99.0,-1.3240000009536743,3.2313946874539026,0.0015452928
513267,8.46,0.2893,3.0,-99.0,-1.3240000009536743,3.2313946874539026,0.0012726035
279917,9.32,0.4383,3.0,-0.0370000004768371,-1.6660000085830688,4.460566379282725,0.13595404
279917,9.32,0.4383,3.0,-0.0370000004768371,-1.6660000085830688,4.460566379282725,0.13595404
138047,9.35,0.716,3.0,-0.006000000052154,-1.1829999685287476,2.56678803778268,0.14021078
138047,9.35,0.716,3.0,-0.006000000052154,-1.1829999685287476,2.56678803778268,0.14021078
23519,8.39,0.1557,3.0,-99.0,-99.0,-99.0,0.0019418692
23519,8.39,0.1557,3.0,-99.0,-99.0,-99.0,0.0019418692
32136,8.0,0.278,3.0,-99.0,-1.2230000495910645,1.775783460322303,0.002503636
32136,8.0,0.278,3.0,-99.0,-1.2230000495910645,1.775783460322303,0.002503636
567682,8.46,0.5999,3.0,-99.0,-2.069000005722046,2.508360808825364,0.010033843
567682,8.46,0.5999,3.0,-99.0,-2.069000005722046,2.508360808825364,0.013394575
567682,8.46,0.5999,3.0,-99.0,-2.069000005722046,2.508360808825364,0.007929739
567682,8.46,0.5999,3.0,-99.0,-1.9079999923706052,2.086363645634731,0.010033843
567682,8.46,0.5999,3.0,-99.0,-1.9079999923706052,2.086363645634731,0.013394575
567682,8.46,0.5999,3.0,-99.0,-1.9079999923706052,2.086363645634731,0.007929739
567682,8.46,0.5999,3.0,-99.0,-1.807000041007996,1.3164064654697047,0.010033843
567682,8.46,0.5999,3.0,-99.0,-1.807000041007996,1.3164064654697047,0.013394575
567682,8.46,0.5999,3.0,-99.0,-1.807000041007996,1.3164064654697047,0.007929739
567682,8.46,0.5999,3.0,-99.0,-2.069000005722046,2.508360808825364,0.010033843
567682,8.46,0.5999,3.0,-99.0,-2.069000005722046,2.508360808825364,0.013394575
567682,8.46,0.5999,3.0,-99.0,-2.069000005722046,2.508360808825364,0.007929739
567682,8.46,0.5999,3.0,-99.0,-1.9079999923706052,2.086363645634731,0.010033843
567682,8.46,0.5999,3.0,-99.0,-1.9079999923706052,2.086363645634731,0.013394575
567682,8.46,0.5999,3.0,-99.0,-1.9079999923706052,2.086363645634731,0.007929739
567682,8.46,0.5999,3.0,-99.0,-1.807000041007996,1.3164064654697047,0.010033843
567682,8.46,0.5999,3.0,-99.0,-1.807000041007996,1.3164064654697047,0.013394575
567682,8.46,0.5999,3.0,-99.0,-1.807000041007996,1.3164064654697047,0.007929739
289109,8.97,0.3997,-9.0,-99.0,-1.162999987602234,5.240708532664743,8.770276e-05
289109,8.97,0.3997,-9.0,-99.0,-1.162999987602234,5.240708532664743,8.770276e-05
209701,10.79,0.44,2.0,0.135000005364418,0.0860000029206276,3.015712989638904,0.4737279
209701,10.79,0.44,2.0,0.135000005364418,0.0860000029206276,3.015712989638904,0.4737279
278804,9.82,0.381,1.5,0.0850000008940696,-0.6389999985694885,2.086363645634731,0.22361887
278804,9.82,0.381,1.5,0.0850000008940696,-0.6389999985694885,2.086363645634731,0.22361887
228104,9.13,0.1246,-9.0,-99.0,0.0049999998882412,2.235578924043527,2.8724722e-05
228104,9.13,0.1246,-9.0,-99.0,0.0049999998882412,2.235578924043527,2.8724722e-05
347470,10.36,0.7244,2.0,0.0750000029802322,-0.2160000056028366,1.9471078453151025,0.35295233
347470,10.36,0.7244,2.0,0.0750000029802322,-0.2160000056028366,1.9471078453151025,0.35295233
611629,9.46,0.3284,2.5,-0.0160000007599592,-1.0420000553131104,3.796557717334176,0.17116055
611629,9.46,0.3284,2.5,-0.0160000007599592,-1.0420000553131104,3.796557717334176,0.17116055
417424,9.3,0.746,3.0,-0.3000000119209289,-1.6260000467300415,3.085957969027533,0.06471359
417424,9.3,0.746,3.0,-0.3000000119209289,-1.6260000467300415,3.085957969027533,0.06471359
278548,10.25,0.5351,3.0,0.0240000002086162,-0.9010000228881836,1.0949392060230196,0.9621321
278548,10.25,0.5351,3.0,0.0240000002086162,-0.9010000228881836,1.0949392060230196,0.9621321
325376,8.41,0.3143,3.0,0.0649999976158142,-2.128999948501587,2.56678803778268,0.040201664
325376,8.41,0.3143,3.0,0.0649999976158142,-2.128999948501587,2.56678803778268,0.040201664
278684,8.09,0.2016,3.0,-0.238999992609024,-1.2829999923706057,2.508360808825364,0.008275839
278684,8.09,0.2016,3.0,-0.238999992609024,-1.2829999923706057,2.508360808825364,0.008275839
382631,10.09,0.1597,2.5,-0.0160000007599592,-0.1759999990463256,1.1465421010068892,0.34933424
382631,10.09,0.1597,2.5,-0.0160000007599592,-0.1759999990463256,1.1465421010068892,0.34933424
22887,10.47,0.5442,2.0,0.0340000018477439,-0.0949999988079071,2.086363645634731,0.6574217
22887,10.47,0.5442,2.0,0.0340000018477439,-0.0949999988079071,2.086363645634731,0.6574217
91510,8.66,0.2653,3.0,0.1860000044107437,-1.6660000085830688,1.8594735564600955,0.029265014
91510,8.66,0.2653,3.0,0.1860000044107437,-1.6660000085830688,1.8594735564600955,0.029265014
380682,8.36,0.8043,3.0,-99.0,-99.0,-99.0,0.00023623578
380682,8.36,0.8043,3.0,-99.0,-99.0,-99.0,0.00023623578
177297,9.0,0.0225,-9.0,0.0540000014007091,-0.3970000147819519,2.626576211733084,0.0056230957
177297,9.0,0.0225,-9.0,0.0540000014007091,-0.3970000147819519,2.626576211733084,0.0056230957
8703,10.36,0.5779,2.0,0.1150000020861625,-0.1360000073909759,1.4105549412903913,0.59336615
8703,10.36,0.5779,2.0,0.1150000020861625,-0.1360000073909759,1.4105549412903913,0.59336615
78523,10.12,0.7645,2.5,0.1659999936819076,-0.1959999948740005,3.383685627252995,0.040311426
78523,10.12,0.7645,2.5,0.1659999936819076,-0.1959999948740005,3.383685627252995,0.040311426
137071,8.71,0.1996,3.0,-0.3000000119209289,-1.888000011444092,3.975483970143573,0.09783954
137071,8.71,0.1996,3.0,-0.3000000119209289,-1.888000011444092,3.975483970143573,0.09783954
99326,8.59,0.1114,3.0,-0.3000000119209289,-2.007999897003174,2.687757031157795,0.016624102
99326,8.59,0.1114,3.0,-0.3000000119209289,-2.007999897003174,2.687757031157795,0.016624102
185224,10.98,0.655,1.0,0.0750000029802322,0.2269999980926513,4.06808488757239,0.16066162
185224,10.98,0.655,1.0,0.0750000029802322,0.2269999980926513,4.06808488757239,0.16066162
347570,10.45,0.6489,3.0,-0.3000000119209289,-1.6660000085830688,4.460566379282725,0.11029611
347570,10.45,0.6489,3.0,-0.3000000119209289,-1.6660000085830688,4.460566379282725,0.11029611
493825,8.23,0.3901,3.0,-99.0,-1.3240000009536743,2.508360808825364,0.0066609518
493825,8.23,0.3901,3.0,-99.0,-1.3240000009536743,2.508360808825364,0.0066609518
23591,8.9,0.1544,3.0,0.0540000014007091,-1.2029999494552612,2.508360808825364,0.044854913
23591,8.9,0.1544,3.0,0.0540000014007091,-1.2029999494552612,2.508360808825364,0.044854913
227317,9.08,0.1832,3.0,-0.0769999995827674,-1.0420000553131104,5.121415442300698,0.01171326
227317,9.08,0.1832,3.0,-0.0769999995827674,-1.0420000553131104,5.121415442300698,0.01171326
107503,9.64,0.4146,2.5,0.0540000014007091,-1.0219999551773071,2.3409385127868907,0.4098899
107503,9.64,0.4146,2.5,0.0540000014007091,-1.0219999551773071,2.3409385127868907,0.4098899
215053,10.05,0.7406,2.0,0.1150000020861625,-0.0750000029802322,3.710137512885986,0.025019122
215053,10.05,0.7406,2.0,0.1150000020861625,-0.0750000029802322,3.710137512885986,0.025019122
381160,10.06,0.5821,1.0,0.2370000034570694,-0.1150000020861625,6.751340417759738,0.00012248973
381160,10.06,0.5821,1.0,0.2370000034570694,-0.1150000020861625,6.751340417759738,0.00012248973
215335,10.09,0.4805,2.0,0.1459999978542328,-0.4580000042915344,1.6195337641628855,0.53508246
215335,10.09,0.4805,2.0,0.1459999978542328,-0.4580000042915344,1.6195337641628855,0.53508246
346257,8.63,0.4975,3.0,-0.2800000011920929,-1.6460000276565552,4.6707863962229785,0.04031272
346257,8.63,0.4975,3.0,-0.2800000011920929,-1.6460000276565552,4.6707863962229785,0.04031272
543554,10.03,0.7121,1.5,0.1759999990463256,0.0860000029206276,5.487695516567193,
543554,10.03,0.7121,1.5,0.1759999990463256,0.0860000029206276,5.487695516567193,
278736,9.7,0.4235,1.5,0.0140000004321336,-0.5789999961853027,6.447480044667415,0.00044860164
278736,9.7,0.4235,1.5,0.0140000004321336,-0.5789999961853027,6.447480044667415,0.00044860164
16948,8.89,0.1717,3.0,0.2669999897480011,-1.72599995136261,2.750362934937096,0.15234467
16948,8.89,0.1717,3.0,0.2669999897480011,-1.72599995136261,2.750362934937096,0.14524493
16948,8.89,0.1717,3.0,0.0140000004321336,-1.7059999704360962,2.626576211733084,0.15234467
16948,8.89,0.1717,3.0,0.0140000004321336,-1.7059999704360962,2.626576211733084,0.14524493
16948,8.89,0.1717,3.0,0.2669999897480011,-1.72599995136261,2.750362934937096,0.15234467
16948,8.89,0.1717,3.0,0.2669999897480011,-1.72599995136261,2.750362934937096,0.14524493
16948,8.89,0.1717,3.0,0.0140000004321336,-1.7059999704360962,2.626576211733084,0.15234467
16948,8.89,0.1717,3.0,0.0140000004321336,-1.7059999704360962,2.626576211733084,0.14524493
230560,9.52,0.0433,3.0,0.125,-0.6990000009536743,2.0388722109633184,0.10371488
230560,9.52,0.0433,3.0,0.125,-0.6990000009536743,2.0388722109633184,0.10371488
85505,11.06,0.639,2.0,0.0540000014007091,0.0260000005364418,2.395465975494956,1.2503022
85505,11.06,0.639,2.0,0.0540000014007091,0.0260000005364418,2.395465975494956,1.2503022
345754,10.25,0.4525,1.5,0.0540000014007091,-0.800000011920929,2.750362934937096,1.0650214
345754,10.25,0.4525,1.5,0.0540000014007091,-0.800000011920929,2.750362934937096,1.0650214
345646,8.44,0.0753,3.0,-99.0,-99.0,-99.0,0.012237664
345646,8.44,0.0753,3.0,-99.0,-99.0,-99.0,0.012237664
323329,10.34,0.5304,2.0,0.1560000032186508,-0.0350000001490116,2.750362934937096,0.19976161
323329,10.34,0.5304,2.0,0.1560000032186508,-0.0350000001490116,2.750362934937096,0.19976161
493621,9.03,0.2277,2.5,0.1759999990463256,-1.121999979019165,2.9470669811950616,0.03814182
493621,9.03,0.2277,2.5,0.1759999990463256,-1.121999979019165,2.9470669811950616,0.03814182
15220,8.98,0.5409,3.0,-0.0270000007003545,-1.2829999923706057,2.508360808825364,0.058629762
15220,8.98,0.5409,3.0,-0.0270000007003545,-1.2829999923706057,2.508360808825364,0.043862283
15220,8.98,0.5409,3.0,0.3889999985694885,-0.9210000038146972,3.796557717334176,0.058629762
15220,8.98,0.5409,3.0,0.3889999985694885,-0.9210000038146972,3.796557717334176,0.043862283
15220,8.98,0.5409,3.0,-0.0270000007003545,-1.2829999923706057,2.508360808825364,0.058629762
15220,8.98,0.5409,3.0,-0.0270000007003545,-1.2829999923706057,2.508360808825364,0.043862283
15220,8.98,0.5409,3.0,0.3889999985694885,-0.9210000038146972,3.796557717334176,0.058629762
15220,8.98,0.5409,3.0,0.3889999985694885,-0.9210000038146972,3.796557717334176,0.043862283
396607,10.41,0.6255,2.0,0.1049999967217445,-0.1959999948740005,2.184690934959677,0.33025593
396607,10.41,0.6255,2.0,0.1049999967217445,-0.1959999948740005,2.184690934959677,0.33025593
417441,10.78,0.6861,2.0,0.2569999992847442,-0.0949999988079071,5.6155203658737225,0.60905117
417441,10.78,0.6861,2.0,0.2569999992847442,-0.0949999988079071,5.6155203658737225,0.60905117
227290,8.86,0.0914,5.0,-99.0,-0.4979999959468841,2.8799835466736923,0.00019162192
227290,8.86,0.0914,5.0,-99.0,-0.4979999959468841,2.8799835466736923,0.0004136055
227290,8.86,0.0914,5.0,-99.0,-0.4979999959468841,2.8799835466736923,8.348128e-05
227290,8.86,0.0914,5.0,-99.0,-0.2759999930858612,2.9470669811950616,0.00019162192
227290,8.86,0.0914,5.0,-99.0,-0.2759999930858612,2.9470669811950616,0.0004136055
227290,8.86,0.0914,5.0,-99.0,-0.2759999930858612,2.9470669811950616,8.348128e-05
227290,8.86,0.0914,5.0,-99.0,-0.31700000166893,1.9924618133258227,0.00019162192
227290,8.86,0.0914,5.0,-99.0,-0.31700000166893,1.9924618133258227,0.0004136055
227290,8.86,0.0914,5.0,-99.0,-0.31700000166893,1.9924618133258227,8.348128e-05
227290,8.86,0.0914,5.0,-99.0,-0.4979999959468841,2.8799835466736923,0.00019162192
227290,8.86,0.0914,5.0,-99.0,-0.4979999959468841,2.8799835466736923,0.0004136055
227290,8.86,0.0914,5.0,-99.0,-0.4979999959468841,2.8799835466736923,8.348128e-05
227290,8.86,0.0914,5.0,-99.0,-0.2759999930858612,2.9470669811950616,0.00019162192
227290,8.86,0.0914,5.0,-99.0,-0.2759999930858612,2.9470669811950616,0.0004136055
227290,8.86,0.0914,5.0,-99.0,-0.2759999930858612,2.9470669811950616,8.348128e-05
227290,8.86,0.0914,5.0,-99.0,-0.31700000166893,1.9924618133258227,0.00019162192
227290,8.86,0.0914,5.0,-99.0,-0.31700000166893,1.9924618133258227,0.0004136055
227290,8.86,0.0914,5.0,-99.0,-0.31700000166893,1.9924618133258227,8.348128e-05
78425,10.05,0.365,2.5,0.0750000029802322,-1.6660000085830688,4.7795829876952505,4.3699603
78425,10.05,0.365,2.5,0.0750000029802322,-1.6660000085830688,4.7795829876952505,3.686297
78425,10.05,0.365,2.5,0.0040000001899898,-1.72599995136261,4.259807821671483,4.3699603
78425,10.05,0.365,2.5,0.0040000001899898,-1.72599995136261,4.259807821671483,3.686297
78425,10.05,0.365,2.5,0.0750000029802322,-1.6660000085830688,4.7795829876952505,4.3699603
78425,10.05,0.365,2.5,0.0750000029802322,-1.6660000085830688,4.7795829876952505,3.686297
78425,10.05,0.365,2.5,0.0040000001899898,-1.72599995136261,4.259807821671483,4.3699603
78425,10.05,0.365,2.5,0.0040000001899898,-1.72599995136261,4.259807821671483,3.686297
186380,8.93,0.3114,3.0,-0.06700000166893,-1.2230000495910645,2.626576211733084,0.01480246
186380,8.93,0.3114,3.0,-0.06700000166893,-1.2230000495910645,2.626576211733084,0.01480246
15898,10.94,0.6914,2.0,0.0750000029802322,0.0659999996423721,1.5466427375869445,1.7994559
15898,10.94,0.6914,2.0,0.0750000029802322,0.0659999996423721,1.5466427375869445,1.7994559
219992,10.45,0.4784,1.0,0.1150000020861625,-0.0350000001490116,5.004837794194108,0.0059918826
219992,10.45,0.4784,1.0,0.1150000020861625,-0.0350000001490116,5.004837794194108,0.0059918826
598999,10.52,0.304,2.0,0.0040000001899898,-0.1560000032186508,2.086363645634731,0.31047142
598999,10.52,0.304,2.0,0.0040000001899898,-0.1560000032186508,2.086363645634731,0.31047142
85707,10.89,0.4338,1.5,0.0040000001899898,0.2070000022649765,1.3470695111082254,1.3406502
85707,10.89,0.4338,1.5,0.0040000001899898,0.2070000022649765,1.3470695111082254,1.3406502
272298,10.99,0.8213,2.0,0.0750000029802322,0.0659999996423721,3.306663538964836,0.13866912
272298,10.99,0.8213,2.0,0.0750000029802322,0.0659999996423721,3.306663538964836,0.13866912
30914,9.11,0.0207,3.0,-99.0,-99.0,-99.0,0.0010914105
30914,9.11,0.0207,3.0,-99.0,-99.0,-99.0,0.0010914105
145729,10.4,0.842,1.5,0.0949999988079071,-0.0750000029802322,3.884990906937478,0.09979402
145729,10.4,0.842,1.5,0.0949999988079071,-0.0750000029802322,3.884990906937478,0.09979402
228278,8.51,0.6492,3.0,-99.0,-99.0,-99.0,0.008882793
228278,8.51,0.6492,3.0,-99.0,-99.0,-99.0,0.008882793
543499,10.25,0.0233,1.5,0.125,0.1260000020265579,4.5644663175231495,0.10770525
543499,10.25,0.0233,1.5,0.125,0.1260000020265579,4.5644663175231495,0.10770525
144327,10.79,0.366,2.0,-0.0869999974966049,-0.1759999990463256,1.1465421010068892,2.6442382
144327,10.79,0.366,2.0,-0.0869999974966049,-0.1759999990463256,1.1465421010068892,2.6442382
618935,9.77,0.5996,3.0,-0.270000010728836,-1.444000005722046,1.6572575516299524,0.43007687
618935,9.77,0.5996,3.0,-0.270000010728836,-1.444000005722046,1.6572575516299524,0.43007687
544853,9.54,0.1813,3.0,-99.0,-99.0,-99.0,0.10129278
544853,9.54,0.1813,3.0,-99.0,-99.0,-99.0,0.10129278
48432,10.91,0.7942,2.0,0.2669999897480011,0.0260000005364418,4.06808488757239,0.4913721
48432,10.91,0.7942,2.0,0.2669999897480011,0.0260000005364418,4.06808488757239,0.4913721
517211,10.79,0.5747,1.0,0.125,0.2070000022649765,3.383685627252995,
517211,10.79,0.5747,1.0,0.125,0.2070000022649765,3.383685627252995,
54895,10.03,0.8805,3.0,-0.006000000052154,-0.2560000121593475,1.6572575516299524,0.36969182
54895,10.03,0.8805,3.0,-0.006000000052154,-0.2560000121593475,1.6572575516299524,0.36969182
561143,9.54,0.4738,3.0,0.5,-1.5850000381469729,6.751340417759738,0.8350755
561143,9.54,0.4738,3.0,0.5,-1.5850000381469729,6.751340417759738,0.8350755
348048,10.42,0.1408,2.0,0.0240000002086162,-0.4169999957084656,1.0949392060230196,2.0356443
348048,10.42,0.1408,2.0,0.0240000002086162,-0.4169999957084656,1.0949392060230196,2.0356443
288999,9.1,0.277,3.0,0.3379999995231628,-0.296999990940094,4.6707863962229785,0.00016117406
288999,9.1,0.277,3.0,0.3379999995231628,-0.296999990940094,4.6707863962229785,0.00018868968
288999,9.1,0.277,3.0,0.135000005364418,-0.7599999904632568,7.751575950609121,0.00016117406
288999,9.1,0.277,3.0,0.135000005364418,-0.7599999904632568,7.751575950609121,0.00018868968
288999,9.1,0.277,3.0,0.3379999995231628,-0.296999990940094,4.6707863962229785,0.00016117406
288999,9.1,0.277,3.0,0.3379999995231628,-0.296999990940094,4.6707863962229785,0.00018868968
288999,9.1,0.277,3.0,0.135000005364418,-0.7599999904632568,7.751575950609121,0.00016117406
288999,9.1,0.277,3.0,0.135000005364418,-0.7599999904632568,7.751575950609121,0.00018868968
512197,10.23,0.356,1.5,0.125,-0.3770000040531158,4.06808488757239,0.055719234
512197,10.23,0.356,1.5,0.125,-0.3770000040531158,4.06808488757239,0.055719234
93020,9.62,0.3933,1.5,-0.006000000052154,0.0460000000894069,3.306663538964836,0.0006580012
93020,9.62,0.3933,1.5,-0.006000000052154,0.0460000000894069,3.306663538964836,0.0006580012
289185,8.52,0.3647,3.0,-99.0,-99.0,-99.0,
289185,8.52,0.3647,3.0,-99.0,-99.0,-99.0,
289198,9.63,0.5441,1.5,0.1659999936819076,-0.2160000056028366,6.01713848098864,0.00062045077
289198,9.63,0.5441,1.5,0.1659999936819076,-0.2160000056028366,6.01713848098864,0.00062045077
185190,9.01,0.3192,3.0,-0.1780000030994415,-1.0010000467300415,3.015712989638904,0.015934197
185190,9.01,0.3192,3.0,-0.1780000030994415,-1.0010000467300415,3.015712989638904,0.015934197
599582,10.79,0.3224,2.5,0.1049999967217445,0.0659999996423721,2.086363645634731,0.7115766
599582,10.79,0.3224,2.5,0.1049999967217445,0.0659999996423721,2.086363645634731,0.7115766
325441,8.3,0.0767,5.0,-99.0,-1.847000002861023,4.162842757456065,0.005087157
325441,8.3,0.0767,5.0,-99.0,-1.847000002861023,4.162842757456065,0.005087157
227123,10.18,0.6298,2.0,0.1560000032186508,-0.0750000029802322,2.626576211733084,0.06858336
227123,10.18,0.6298,2.0,0.1560000032186508,-0.0750000029802322,2.626576211733084,0.06858336
300787,10.32,0.3228,1.0,0.2160000056028366,-0.0350000001490116,1.3784467908321083,0.37082726
300787,10.32,0.3228,1.0,0.2160000056028366,-0.0350000001490116,1.3784467908321083,0.37082726
551488,10.25,0.1607,2.0,0.0750000029802322,-0.2759999930858612,4.5644663175231495,0.26657677
551488,10.25,0.1607,2.0,0.0750000029802322,-0.2759999930858612,4.5644663175231495,0.26657677
100175,8.23,0.8984,3.0,-99.0,-2.25,1.775783460322303,0.01333459
100175,8.23,0.8984,3.0,-99.0,-2.25,1.775783460322303,0.01333459
485833,10.33,0.5693,2.0,0.135000005364418,-0.800000011920929,2.184690934959677,1.890308
485833,10.33,0.5693,2.0,0.135000005364418,-0.800000011920929,2.184690934959677,1.890308
550431,8.24,0.4501,3.0,-0.2290000021457672,-1.7869999408721924,2.8799835466736923,0.004130483
550431,8.24,0.4501,3.0,-0.2290000021457672,-1.7869999408721924,2.8799835466736923,0.004130483
16426,9.16,0.1361,3.0,-99.0,-99.0,-99.0,0.00027845803
16426,9.16,0.1361,3.0,-99.0,-99.0,-99.0,0.00027845803
618220,10.59,0.1714,2.0,0.135000005364418,-0.0549999997019767,2.626576211733084,0.31184924
618220,10.59,0.1714,2.0,0.135000005364418,-0.0549999997019767,2.626576211733084,0.31184924
30916,10.8,0.8198,2.5,0.0140000004321336,-0.1360000073909759,2.395465975494956,1.1177158
30916,10.8,0.8198,2.5,0.0140000004321336,-0.1360000073909759,2.395465975494956,1.1177158
301201,10.06,0.853,1.5,0.1959999948740005,-0.4979999959468841,4.06808488757239,0.11804994
301201,10.06,0.853,1.5,0.1959999948740005,-0.4979999959468841,4.06808488757239,0.11804994
54848,8.29,0.2108,3.0,0.4189999997615814,-1.9079999923706052,2.134961297927347,0.013785903
54848,8.29,0.2108,3.0,0.4189999997615814,-1.9079999923706052,2.134961297927347,0.013785903
238214,10.13,0.2028,0.5,0.1860000044107437,-0.1759999990463256,10.949392060230204,
238214,10.13,0.2028,0.5,0.1860000044107437,-0.1759999990463256,10.949392060230204,
238214,10.13,0.2028,0.5,0.1860000044107437,-0.1759999990463256,10.949392060230204,
238214,10.13,0.2028,0.5,0.2160000056028366,-0.1759999990463256,8.499434015590785,
238214,10.13,0.2028,0.5,0.2160000056028366,-0.1759999990463256,8.499434015590785,
238214,10.13,0.2028,0.5,0.2160000056028366,-0.1759999990463256,8.499434015590785,
238214,10.13,0.2028,0.5,0.3989999890327453,-0.1560000032186508,6.751340417759738,
238214,10.13,0.2028,0.5,0.3989999890327453,-0.1560000032186508,6.751340417759738,
238214,10.13,0.2028,0.5,0.3989999890327453,-0.1560000032186508,6.751340417759738,
238214,10.13,0.2028,0.5,0.1860000044107437,-0.1759999990463256,10.949392060230204,
238214,10.13,0.2028,0.5,0.1860000044107437,-0.1759999990463256,10.949392060230204,
238214,10.13,0.2028,0.5,0.1860000044107437,-0.1759999990463256,10.949392060230204,
238214,10.13,0.2028,0.5,0.2160000056028366,-0.1759999990463256,8.499434015590785,
238214,10.13,0.2028,0.5,0.2160000056028366,-0.1759999990463256,8.499434015590785,
238214,10.13,0.2028,0.5,0.2160000056028366,-0.1759999990463256,8.499434015590785,
238214,10.13,0.2028,0.5,0.3989999890327453,-0.1560000032186508,6.751340417759738,
238214,10.13,0.2028,0.5,0.3989999890327453,-0.1560000032186508,6.751340417759738,
238214,10.13,0.2028,0.5,0.3989999890327453,-0.1560000032186508,6.751340417759738,
422355,9.26,0.0426,3.0,-0.1889999955892563,-1.0420000553131104,2.750362934937096,0.048387796
422355,9.26,0.0426,3.0,-0.1889999955892563,-1.0420000553131104,2.750362934937096,0.048387796
600312,8.86,0.2482,3.0,-0.0570000000298023,-1.2630000114440918,2.9470669811950616,0.035995953
600312,8.86,0.2482,3.0,-0.0570000000298023,-1.2630000114440918,2.9470669811950616,0.035995953
537467,10.79,0.1196,1.0,0.296999990940094,-0.0149999996647238,5.487695516567193,0.014851602
537467,10.79,0.1196,1.0,0.296999990940094,-0.0149999996647238,5.487695516567193,0.014851602
230813,9.02,0.3042,3.0,-99.0,-0.8600000143051147,9.985964243287482,0.0002724185
230813,9.02,0.3042,3.0,-99.0,-0.8600000143051147,9.985964243287482,0.0002724185
594834,10.45,0.3923,2.0,0.0439999997615814,0.0460000000894069,1.3784467908321083,1.2717611
594834,10.45,0.3923,2.0,0.0439999997615814,0.0460000000894069,1.3784467908321083,1.2717611
78531,10.73,0.3342,2.0,0.0649999976158142,0.0860000029206276,1.6195337641628855,0.9079989
78531,10.73,0.3342,2.0,0.0649999976158142,0.0860000029206276,1.6195337641628855,0.9079989
7841,10.96,0.6845,1.5,0.0439999997615814,0.3479999899864197,3.4625017904490982,0.0064706784
7841,10.96,0.6845,1.5,0.0439999997615814,0.3479999899864197,3.4625017904490982,0.0064706784
64553,9.87,0.4107,3.0,0.2770000100135803,-1.3240000009536743,2.9470669811950616,0.90362054
64553,9.87,0.4107,3.0,0.2770000100135803,-1.3240000009536743,2.9470669811950616,0.90362054
228349,10.21,0.1776,2.5,0.0540000014007091,-0.0949999988079071,1.6958600389872902,0.3460226
228349,10.21,0.1776,2.5,0.0540000014007091,-0.0949999988079071,1.6958600389872902,0.3460226
184354,8.23,0.7819,3.0,-99.0,-1.8669999837875368,1.775783460322303,0.009903015
184354,8.23,0.7819,3.0,-99.0,-1.8669999837875368,1.775783460322303,0.009903015
514260,9.38,0.629,3.0,-0.2090000063180923,-2.069000005722046,3.015712989638904,0.054271344
514260,9.38,0.629,3.0,-0.2090000063180923,-2.069000005722046,3.015712989638904,0.054271344
86115,8.63,0.7004,3.0,-0.3000000119209289,-1.888000011444092,1.902786259656987,0.02993738
86115,8.63,0.7004,3.0,-0.3000000119209289,-1.888000011444092,1.902786259656987,0.02993738
37064,10.65,0.2617,2.0,0.135000005364418,0.1059999987483024,1.5466427375869445,0.5292046
37064,10.65,0.2617,2.0,0.135000005364418,0.1059999987483024,1.5466427375869445,0.5292046
220374,9.28,0.4901,2.5,0.2370000034570694,-0.6589999794960022,6.01713848098864,0.00019583125
220374,9.28,0.4901,2.5,0.2370000034570694,-0.6589999794960022,6.01713848098864,0.00019583125
238072,9.16,0.7795,3.0,0.5,-1.2029999494552612,2.395465975494956,0.046285253
238072,9.16,0.7795,3.0,0.5,-1.2029999494552612,2.395465975494956,0.046285253
508138,10.49,0.6875,1.5,0.296999990940094,-0.1959999948740005,5.7463226384084365,0.19565721
508138,10.49,0.6875,1.5,0.296999990940094,-0.1959999948740005,5.7463226384084365,0.19565721
609598,8.44,0.464,3.0,0.0439999997615814,-1.6859999895095823,2.750362934937096,0.040145565
609598,8.44,0.464,3.0,0.0439999997615814,-1.6859999895095823,2.750362934937096,0.040145565
585755,9.7,0.6259,2.0,0.1150000020861625,-0.6389999985694885,1.8594735564600955,0.20322071
585755,9.7,0.6259,2.0,0.1150000020861625,-0.6389999985694885,1.8594735564600955,0.20322071
371714,10.68,0.6247,1.5,0.2269999980926513,-0.1560000032186508,4.259807821671483,0.19828041
371714,10.68,0.6247,1.5,0.2269999980926513,-0.1560000032186508,4.259807821671483,0.19828041
376990,10.63,0.2606,2.5,-0.0469999983906745,-0.6589999794960022,1.0949392060230196,9.998711
376990,10.63,0.2606,2.5,-0.0469999983906745,-0.6589999794960022,1.0949392060230196,9.998711
70403,10.91,0.1478,2.0,0.2370000034570694,-0.0949999988079071,1.4434109866494478,0.8342779
70403,10.91,0.1478,2.0,0.2370000034570694,-0.0949999988079071,1.4434109866494478,0.8342779
271387,10.93,0.4745,1.0,-0.0370000004768371,-0.4979999959468841,5.487695516567193,0.07142621
271387,10.93,0.4745,1.0,-0.0370000004768371,-0.4979999959468841,5.487695516567193,0.07142621
508906,8.64,0.2177,-9.0,0.296999990940094,-1.2630000114440918,2.134961297927347,0.014109871
508906,8.64,0.2177,-9.0,0.296999990940094,-1.2630000114440918,2.134961297927347,0.014109871
136966,8.7,0.413,3.0,0.4699999988079071,-1.2230000495910645,2.134961297927347,0.01916573
136966,8.7,0.413,3.0,0.4699999988079071,-1.2230000495910645,2.134961297927347,0.01916573
586326,9.18,0.7437,3.0,0.1049999967217445,-1.1019999980926514,1.8594735564600955,0.07127063
586326,9.18,0.7437,3.0,0.1049999967217445,-1.1019999980926514,1.8594735564600955,0.07127063
228086,9.18,0.1959,3.0,0.4490000009536743,-1.0420000553131104,2.134961297927347,
228086,9.18,0.1959,3.0,0.4490000009536743,-1.0420000553131104,2.134961297927347,
622333,9.03,0.2423,3.0,-99.0,-99.0,-99.0,0.043115456
622333,9.03,0.2423,3.0,-99.0,-99.0,-99.0,0.043115456
460378,10.3,0.675,2.0,0.0850000008940696,-0.0549999997019767,2.395465975494956,0.3068694
460378,10.3,0.675,2.0,0.0850000008940696,-0.0549999997019767,2.395465975494956,0.3068694
546073,9.06,0.1071,3.0,0.0240000002086162,-1.162999987602234,1.2285419954965675,0.0314505
546073,9.06,0.1071,3.0,0.0240000002086162,-1.162999987602234,1.2285419954965675,0.036522258
546073,9.06,0.1071,3.0,0.0949999988079071,-1.121999979019165,1.1732484973152024,0.0314505
546073,9.06,0.1071,3.0,0.0949999988079071,-1.121999979019165,1.1732484973152024,0.036522258
546073,9.06,0.1071,3.0,0.0240000002086162,-1.162999987602234,1.2285419954965675,0.0314505
546073,9.06,0.1071,3.0,0.0240000002086162,-1.162999987602234,1.2285419954965675,0.036522258
546073,9.06,0.1071,3.0,0.0949999988079071,-1.121999979019165,1.1732484973152024,0.0314505
546073,9.06,0.1071,3.0,0.0949999988079071,-1.121999979019165,1.1732484973152024,0.036522258
47493,9.61,0.303,3.0,-0.2090000063180923,-1.7669999599456787,2.626576211733084,0.84995526
47493,9.61,0.303,3.0,-0.2090000063180923,-1.7669999599456787,2.626576211733084,0.9449215
47493,9.61,0.303,3.0,-0.2090000063180923,-1.7669999599456787,2.626576211733084,0.82473975
47493,9.61,0.303,3.0,-0.238999992609024,-1.847000002861023,2.626576211733084,0.84995526
47493,9.61,0.303,3.0,-0.238999992609024,-1.847000002861023,2.626576211733084,0.9449215
47493,9.61,0.303,3.0,-0.238999992609024,-1.847000002861023,2.626576211733084,0.82473975
47493,9.61,0.303,3.0,-0.1889999955892563,-1.746999979019165,3.085957969027533,0.84995526
47493,9.61,0.303,3.0,-0.1889999955892563,-1.746999979019165,3.085957969027533,0.9449215
47493,9.61,0.303,3.0,-0.1889999955892563,-1.746999979019165,3.085957969027533,0.82473975
47493,9.61,0.303,3.0,-0.2090000063180923,-1.7669999599456787,2.626576211733084,0.84995526
47493,9.61,0.303,3.0,-0.2090000063180923,-1.7669999599456787,2.626576211733084,0.9449215
47493,9.61,0.303,3.0,-0.2090000063180923,-1.7669999599456787,2.626576211733084,0.82473975
47493,9.61,0.303,3.0,-0.238999992609024,-1.847000002861023,2.626576211733084,0.84995526
47493,9.61,0.303,3.0,-0.238999992609024,-1.847000002861023,2.626576211733084,0.9449215
47493,9.61,0.303,3.0,-0.238999992609024,-1.847000002861023,2.626576211733084,0.82473975
47493,9.61,0.303,3.0,-0.1889999955892563,-1.746999979019165,3.085957969027533,0.84995526
47493,9.61,0.303,3.0,-0.1889999955892563,-1.746999979019165,3.085957969027533,0.9449215
47493,9.61,0.303,3.0,-0.1889999955892563,-1.746999979019165,3.085957969027533,0.82473975
228570,10.13,0.1209,2.0,0.0750000029802322,-0.4379999935626983,1.6958600389872902,0.40183824
228570,10.13,0.1209,2.0,0.0750000029802322,-0.4379999935626983,1.6958600389872902,0.40183824
319385,10.13,0.5577,1.5,0.125,-0.5580000281333923,1.5826686749346417,0.5956027
319385,10.13,0.5577,1.5,0.125,-0.5580000281333923,1.5826686749346417,0.5956027
460756,10.08,0.546,2.0,0.1560000032186508,-0.0350000001490116,2.508360808825364,0.09374012
460756,10.08,0.546,2.0,0.1560000032186508,-0.0350000001490116,2.508360808825364,0.09374012
610398,10.21,0.5707,3.0,0.1560000032186508,-0.6790000200271606,1.5466427375869445,1.1255724
610398,10.21,0.5707,3.0,0.1560000032186508,-0.6790000200271606,1.5466427375869445,1.1255724
296829,10.15,0.56,1.5,0.125,-0.2560000121593475,2.4512635459709684,0.199916
296829,10.15,0.56,1.5,0.125,-0.2560000121593475,2.4512635459709684,0.199916
178197,10.07,0.2946,2.0,0.125,-0.2560000121593475,2.626576211733084,0.080984876
178197,10.07,0.2946,2.0,0.125,-0.2560000121593475,2.626576211733084,0.080984876
290071,9.43,0.3446,3.0,-0.0370000004768371,-1.1419999599456787,2.086363645634731,0.124356575
290071,9.43,0.3446,3.0,-0.0370000004768371,-1.1419999599456787,2.086363645634731,0.124356575
47460,10.46,0.7112,2.0,0.1860000044107437,-0.6389999985694885,2.0388722109633184,2.7117403
47460,10.46,0.7112,2.0,0.1860000044107437,-0.6389999985694885,2.0388722109633184,2.7959745
47460,10.46,0.7112,2.0,0.1860000044107437,-0.6389999985694885,2.0388722109633184,2.6652157
47460,10.46,0.7112,2.0,0.0540000014007091,-0.6389999985694885,1.775783460322303,2.7117403
47460,10.46,0.7112,2.0,0.0540000014007091,-0.6389999985694885,1.775783460322303,2.7959745
47460,10.46,0.7112,2.0,0.0540000014007091,-0.6389999985694885,1.775783460322303,2.6652157
47460,10.46,0.7112,2.0,0.1759999990463256,-0.5989999771118164,2.287652246664289,2.7117403
47460,10.46,0.7112,2.0,0.1759999990463256,-0.5989999771118164,2.287652246664289,2.7959745
47460,10.46,0.7112,2.0,0.1759999990463256,-0.5989999771118164,2.287652246664289,2.6652157
47460,10.46,0.7112,2.0,0.1860000044107437,-0.6389999985694885,2.0388722109633184,2.7117403
47460,10.46,0.7112,2.0,0.1860000044107437,-0.6389999985694885,2.0388722109633184,2.7959745
47460,10.46,0.7112,2.0,0.1860000044107437,-0.6389999985694885,2.0388722109633184,2.6652157
47460,10.46,0.7112,2.0,0.0540000014007091,-0.6389999985694885,1.775783460322303,2.7117403
47460,10.46,0.7112,2.0,0.0540000014007091,-0.6389999985694885,1.775783460322303,2.7959745
47460,10.46,0.7112,2.0,0.0540000014007091,-0.6389999985694885,1.775783460322303,2.6652157
47460,10.46,0.7112,2.0,0.1759999990463256,-0.5989999771118164,2.287652246664289,2.7117403
47460,10.46,0.7112,2.0,0.1759999990463256,-0.5989999771118164,2.287652246664289,2.7959745
47460,10.46,0.7112,2.0,0.1759999990463256,-0.5989999771118164,2.287652246664289,2.6652157
568549,10.69,0.5629,2.0,0.0340000018477439,-0.1150000020861625,1.902786259656987,1.2861181
568549,10.69,0.5629,2.0,0.0340000018477439,-0.1150000020861625,1.902786259656987,1.2861181
422411,8.23,0.2438,-9.0,-99.0,-1.5049999952316284,5.004837794194108,0.007865175
422411,8.23,0.2438,-9.0,-99.0,-1.5049999952316284,5.004837794194108,0.007865175
376001,10.25,0.0721,-9.0,0.0949999988079071,-0.1759999990463256,2.750362934937096,0.13219337
376001,10.25,0.0721,-9.0,0.0949999988079071,-0.1759999990463256,2.750362934937096,0.13219337
9067,9.44,0.6775,2.5,-99.0,-1.1419999599456787,7.402697562813775,0.14229284
9067,9.44,0.6775,2.5,-99.0,-1.1419999599456787,7.402697562813775,0.14229284
23259,10.52,0.8459,2.5,-0.0570000000298023,-0.1959999948740005,1.6958600389872902,0.6429432
23259,10.52,0.8459,2.5,-0.0570000000298023,-0.1959999948740005,1.6958600389872902,0.6429432
177046,8.17,0.2334,3.0,-0.3000000119209289,-1.9079999923706052,2.9470669811950616,0.034649182
177046,8.17,0.2334,3.0,-0.3000000119209289,-1.9079999923706052,2.9470669811950616,0.034649182
573915,10.49,0.078,2.5,0.0850000008940696,-0.2759999930858612,1.902786259656987,0.8312788
573915,10.49,0.078,2.5,0.0850000008940696,-0.2759999930858612,1.902786259656987,0.8312788
99687,10.8,0.6219,1.5,0.2669999897480011,-0.2360000014305114,3.4625017904490982,0.5189211
99687,10.8,0.6219,1.5,0.2669999897480011,-0.2360000014305114,3.4625017904490982,0.5189211
227607,10.75,0.6946,2.0,0.2469999939203262,-0.296999990940094,4.06808488757239,2.1396909
227607,10.75,0.6946,2.0,0.2469999939203262,-0.296999990940094,4.06808488757239,1.6050003
227607,10.75,0.6946,2.0,0.2770000100135803,-0.1959999948740005,1.5114368506909526,2.1396909
227607,10.75,0.6946,2.0,0.2770000100135803,-0.1959999948740005,1.5114368506909526,1.6050003
227607,10.75,0.6946,2.0,0.2469999939203262,-0.296999990940094,4.06808488757239,2.1396909
227607,10.75,0.6946,2.0,0.2469999939203262,-0.296999990940094,4.06808488757239,1.6050003
227607,10.75,0.6946,2.0,0.2770000100135803,-0.1959999948740005,1.5114368506909526,2.1396909
227607,10.75,0.6946,2.0,0.2770000100135803,-0.1959999948740005,1.5114368506909526,1.6050003
65410,10.05,0.3003,0.5,0.0649999976158142,-0.1759999990463256,2.3409385127868907,0.21244517
65410,10.05,0.3003,0.5,0.0649999976158142,-0.1759999990463256,2.3409385127868907,0.21244517
227289,9.17,0.0821,3.0,0.2060000002384185,-1.1829999685287476,2.8799835466736923,0.06272038
227289,9.17,0.0821,3.0,0.2060000002384185,-1.1829999685287476,2.8799835466736923,0.06272038
549182,9.82,0.2236,3.0,-0.3000000119209289,-1.565000057220459,6.59766114757817,0.102374636
549182,9.82,0.2236,3.0,-0.3000000119209289,-1.565000057220459,6.59766114757817,0.102374636
54382,8.54,0.438,3.0,0.1049999967217445,-1.968000054359436,3.4625017904490982,0.045846667
54382,8.54,0.438,3.0,0.1049999967217445,-1.968000054359436,3.4625017904490982,0.045846667
485504,10.2,0.2314,1.5,0.2469999939203262,-0.2360000014305114,2.287652246664289,0.2602912
485504,10.2,0.2314,1.5,0.2469999939203262,-0.2360000014305114,2.287652246664289,0.2602912
239092,9.99,0.2268,3.0,-0.270000010728836,-0.9409999847412108,2.508360808825364,0.39232957
239092,9.99,0.2268,3.0,-0.270000010728836,-0.9409999847412108,2.508360808825364,0.39232957
185282,10.11,0.1795,2.0,0.0750000029802322,-0.0949999988079071,1.6958600389872902,0.30431148
185282,10.11,0.1795,2.0,0.0750000029802322,-0.0949999988079071,1.6958600389872902,0.30431148
202464,10.02,0.7564,1.5,0.1150000020861625,-0.1560000032186508,3.884990906937478,
202464,10.02,0.7564,1.5,0.1150000020861625,-0.1560000032186508,3.884990906937478,
204832,10.07,0.0222,0.0,0.4090000092983246,-0.5789999961853027,7.402697562813775,0.0071370243
204832,10.07,0.0222,0.0,0.4090000092983246,-0.5789999961853027,7.402697562813775,0.0071370243
99393,9.64,0.3745,2.0,0.2469999939203262,-0.5180000066757202,2.0388722109633184,0.22405423
99393,9.64,0.3745,2.0,0.2469999939203262,-0.5180000066757202,2.0388722109633184,0.22405423
288891,8.31,0.4291,-9.0,-99.0,-0.5379999876022339,3.625684472456604,0.0027735366
288891,8.31,0.4291,-9.0,-99.0,-0.5379999876022339,3.625684472456604,0.0027735366
56055,9.25,0.2097,-9.0,0.2060000002384185,-1.162999987602234,2.56678803778268,0.113276124
56055,9.25,0.2097,-9.0,0.2060000002384185,-1.162999987602234,2.56678803778268,0.113276124
220275,9.14,0.0227,3.0,0.0949999988079071,-0.8199999928474426,3.085957969027533,0.038692545
220275,9.14,0.0227,3.0,0.0949999988079071,-0.8199999928474426,3.085957969027533,0.038692545
517130,8.28,0.4211,3.0,-99.0,-1.565000057220459,3.884990906937478,0.0027504608
517130,8.28,0.4211,3.0,-99.0,-1.565000057220459,3.884990906937478,0.0027504608
31353,8.2,0.1185,-9.0,-99.0,-0.8399999737739563,4.06808488757239,6.719003e-05
31353,8.2,0.1185,-9.0,-99.0,-0.8399999737739563,4.06808488757239,6.719003e-05
534763,9.42,0.5248,1.0,0.0340000018477439,-0.4779999852180481,3.085957969027533,0.00034826994
534763,9.42,0.5248,1.0,0.0340000018477439,-0.4779999852180481,3.085957969027533,0.0008397006
534763,9.42,0.5248,1.0,0.0340000018477439,-0.4779999852180481,3.085957969027533,0.00046913646
534763,9.42,0.5248,1.0,-0.0370000004768371,-0.31700000166893,2.56678803778268,0.00034826994
534763,9.42,0.5248,1.0,-0.0370000004768371,-0.31700000166893,2.56678803778268,0.0008397006
534763,9.42,0.5248,1.0,-0.0370000004768371,-0.31700000166893,2.56678803778268,0.00046913646
534763,9.42,0.5248,1.0,0.0340000018477439,-0.4779999852180481,2.9470669811950616,0.00034826994
534763,9.42,0.5248,1.0,0.0340000018477439,-0.4779999852180481,2.9470669811950616,0.0008397006
534763,9.42,0.5248,1.0,0.0340000018477439,-0.4779999852180481,2.9470669811950616,0.00046913646
534763,9.42,0.5248,1.0,0.0340000018477439,-0.4779999852180481,3.085957969027533,0.00034826994
534763,9.42,0.5248,1.0,0.0340000018477439,-0.4779999852180481,3.085957969027533,0.0008397006
534763,9.42,0.5248,1.0,0.0340000018477439,-0.4779999852180481,3.085957969027533,0.00046913646
534763,9.42,0.5248,1.0,-0.0370000004768371,-0.31700000166893,2.56678803778268,0.00034826994
534763,9.42,0.5248,1.0,-0.0370000004768371,-0.31700000166893,2.56678803778268,0.0008397006
534763,9.42,0.5248,1.0,-0.0370000004768371,-0.31700000166893,2.56678803778268,0.00046913646
534763,9.42,0.5248,1.0,0.0340000018477439,-0.4779999852180481,2.9470669811950616,0.00034826994
534763,9.42,0.5248,1.0,0.0340000018477439,-0.4779999852180481,2.9470669811950616,0.0008397006
534763,9.42,0.5248,1.0,0.0340000018477439,-0.4779999852180481,2.9470669811950616,0.00046913646
177010,10.55,0.7507,1.5,0.2370000034570694,0.0460000000894069,8.499434015590785,0.0061605806
177010,10.55,0.7507,1.5,0.2370000034570694,0.0460000000894069,8.499434015590785,0.0061605806
177143,10.44,0.3806,2.0,0.1459999978542328,0.0260000005364418,3.625684472456604,0.11415119
177143,10.44,0.3806,2.0,0.1459999978542328,0.0260000005364418,3.625684472456604,0.11415119
8391,8.81,0.1988,-9.0,0.0240000002086162,-0.6990000009536743,4.259807821671483,0.0021879065
8391,8.81,0.1988,-9.0,0.0240000002086162,-0.6990000009536743,4.259807821671483,0.0021879065
239109,11.12,0.4547,2.0,0.0649999976158142,0.0659999996423721,2.626576211733084,1.9386089
239109,11.12,0.4547,2.0,0.0649999976158142,0.0659999996423721,2.626576211733084,1.9386089
298612,9.53,0.5802,3.0,0.3179999887943268,-0.7400000095367432,4.5644663175231495,0.21712624
298612,9.53,0.5802,3.0,0.3179999887943268,-0.7400000095367432,4.5644663175231495,0.21712624
370997,10.9,0.2732,0.5,0.296999990940094,-0.0949999988079071,3.543153817926126,0.11311362
370997,10.9,0.2732,0.5,0.296999990940094,-0.0949999988079071,3.543153817926126,0.11311362
99511,8.71,0.1299,3.0,-99.0,-1.1829999685287476,4.162842757456065,0.00815654
99511,8.71,0.1299,3.0,-99.0,-1.1829999685287476,4.162842757456065,0.00815654
63210,10.3,0.4345,1.5,0.0540000014007091,-0.6389999985694885,1.902786259656987,1.4484931
63210,10.3,0.4345,1.5,0.0540000014007091,-0.6389999985694885,1.902786259656987,1.4484931
506070,9.22,0.4891,3.0,0.4799999892711639,-1.1829999685287476,2.56678803778268,0.19960384
506070,9.22,0.4891,3.0,0.4799999892711639,-1.1829999685287476,2.56678803778268,0.20269871
506070,9.22,0.4891,3.0,0.2469999939203262,-1.2230000495910645,2.626576211733084,0.19960384
506070,9.22,0.4891,3.0,0.2469999939203262,-1.2230000495910645,2.626576211733084,0.20269871
506070,9.22,0.4891,3.0,0.4799999892711639,-1.1829999685287476,2.56678803778268,0.19960384
506070,9.22,0.4891,3.0,0.4799999892711639,-1.1829999685287476,2.56678803778268,0.20269871
506070,9.22,0.4891,3.0,0.2469999939203262,-1.2230000495910645,2.626576211733084,0.19960384
506070,9.22,0.4891,3.0,0.2469999939203262,-1.2230000495910645,2.626576211733084,0.20269871
599761,10.88,0.1314,2.0,0.1659999936819076,-0.0350000001490116,3.085957969027533,0.5738331
599761,10.88,0.1314,2.0,0.1659999936819076,-0.0350000001490116,3.085957969027533,0.5738331
492883,10.66,0.509,1.5,0.1150000020861625,-0.296999990940094,2.56678803778268,1.774991
492883,10.66,0.509,1.5,0.1150000020861625,-0.296999990940094,2.56678803778268,1.774991
509852,10.07,0.3353,3.0,0.1459999978542328,-0.9409999847412108,1.9471078453151025,0.3918101
509852,10.07,0.3353,3.0,0.1459999978542328,-0.9409999847412108,1.9471078453151025,0.46552998
509852,10.07,0.3353,3.0,0.1049999967217445,-0.9210000038146972,1.9471078453151025,0.3918101
509852,10.07,0.3353,3.0,0.1049999967217445,-0.9210000038146972,1.9471078453151025,0.46552998
509852,10.07,0.3353,3.0,0.1459999978542328,-0.9409999847412108,1.9471078453151025,0.3918101
509852,10.07,0.3353,3.0,0.1459999978542328,-0.9409999847412108,1.9471078453151025,0.46552998
509852,10.07,0.3353,3.0,0.1049999967217445,-0.9210000038146972,1.9471078453151025,0.3918101
509852,10.07,0.3353,3.0,0.1049999967217445,-0.9210000038146972,1.9471078453151025,0.46552998
49728,9.26,0.3871,3.0,0.5,-1.162999987602234,4.259807821671483,0.05626627
49728,9.26,0.3871,3.0,0.5,-1.162999987602234,4.259807821671483,0.0534898
49728,9.26,0.3871,3.0,0.5,-1.162999987602234,4.259807821671483,0.059004627
49728,9.26,0.3871,3.0,0.0340000018477439,-1.0219999551773071,2.3409385127868907,0.05626627
49728,9.26,0.3871,3.0,0.0340000018477439,-1.0219999551773071,2.3409385127868907,0.0534898
49728,9.26,0.3871,3.0,0.0340000018477439,-1.0219999551773071,2.3409385127868907,0.059004627
49728,9.26,0.3871,3.0,-99.0,-1.6059999465942385,4.89091377733286,0.05626627
49728,9.26,0.3871,3.0,-99.0,-1.6059999465942385,4.89091377733286,0.0534898
49728,9.26,0.3871,3.0,-99.0,-1.6059999465942385,4.89091377733286,0.059004627
49728,9.26,0.3871,3.0,0.5,-1.162999987602234,4.259807821671483,0.05626627
49728,9.26,0.3871,3.0,0.5,-1.162999987602234,4.259807821671483,0.0534898
49728,9.26,0.3871,3.0,0.5,-1.162999987602234,4.259807821671483,0.059004627
49728,9.26,0.3871,3.0,0.0340000018477439,-1.0219999551773071,2.3409385127868907,0.05626627
49728,9.26,0.3871,3.0,0.0340000018477439,-1.0219999551773071,2.3409385127868907,0.0534898
49728,9.26,0.3871,3.0,0.0340000018477439,-1.0219999551773071,2.3409385127868907,0.059004627
49728,9.26,0.3871,3.0,-99.0,-1.6059999465942385,4.89091377733286,0.05626627
49728,9.26,0.3871,3.0,-99.0,-1.6059999465942385,4.89091377733286,0.0534898
49728,9.26,0.3871,3.0,-99.0,-1.6059999465942385,4.89091377733286,0.059004627
460374,10.77,0.3062,2.0,0.1959999948740005,-0.0350000001490116,1.3784467908321083,2.3085415
460374,10.77,0.3062,2.0,0.1959999948740005,-0.0350000001490116,1.3784467908321083,2.3085415
622982,8.36,0.1703,3.0,-0.0869999974966049,-1.1419999599456787,1.7353616937846603,0.009629388
622982,8.36,0.1703,3.0,-0.0869999974966049,-1.1419999599456787,1.7353616937846603,0.009629388
323505,9.97,0.8182,2.5,0.0850000008940696,-0.7200000286102295,2.184690934959677,0.23321915
323505,9.97,0.8182,2.5,0.0850000008940696,-0.7200000286102295,2.184690934959677,0.23321915
273966,8.5,0.3529,-9.0,-99.0,-1.2029999494552612,2.235578924043527,0.00451426
273966,8.5,0.3529,-9.0,-99.0,-1.2029999494552612,2.235578924043527,0.00451426
220227,8.74,0.203,-9.0,0.1860000044107437,-0.5789999961853027,7.575128540001153,7.626207e-05
220227,8.74,0.203,-9.0,0.1860000044107437,-0.5789999961853027,7.575128540001153,7.626207e-05
549216,9.51,0.3286,3.0,-0.06700000166893,-0.9810000061988832,2.508360808825364,0.055837836
549216,9.51,0.3286,3.0,-0.06700000166893,-0.9810000061988832,2.508360808825364,0.055837836
583744,8.26,0.4841,3.0,-0.238999992609024,-1.162999987602234,1.775783460322303,0.0017826788
583744,8.26,0.4841,3.0,-0.238999992609024,-1.162999987602234,1.775783460322303,0.0017826788
572402,10.32,0.0913,2.5,0.2870000004768371,-0.4779999852180481,1.7353616937846603,0.97057503
572402,10.32,0.0913,2.5,0.2870000004768371,-0.4779999852180481,1.7353616937846603,0.97057503
63027,9.97,0.3322,1.5,0.0439999997615814,-0.0549999997019767,3.710137512885986,0.0005987994
63027,9.97,0.3322,1.5,0.0439999997615814,-0.0549999997019767,3.710137512885986,0.0005987994
575623,8.38,0.4008,3.0,-0.2090000063180923,-1.3040000200271606,1.2571584147142514,0.0017510658
575623,8.38,0.4008,3.0,-0.2090000063180923,-1.3040000200271606,1.2571584147142514,0.0017510658
85418,8.83,0.3222,2.0,0.1759999990463256,-0.8399999737739563,4.259807821671483,0.020957457
85418,8.83,0.3222,2.0,0.1759999990463256,-0.8399999737739563,4.259807821671483,0.020957457
91996,10.46,0.7676,1.5,0.328000009059906,-0.1360000073909759,8.499434015590785,0.0019467459
91996,10.46,0.7676,1.5,0.328000009059906,-0.1360000073909759,8.499434015590785,0.0019467459
573621,10.22,0.7819,2.0,0.0750000029802322,-0.1959999948740005,2.750362934937096,0.25765494
573621,10.22,0.7819,2.0,0.0750000029802322,-0.1959999948740005,2.750362934937096,0.25765494
84677,10.56,0.5356,2.0,0.2669999897480011,-0.6990000009536743,1.9924618133258227,3.0793297
84677,10.56,0.5356,2.0,0.2669999897480011,-0.6990000009536743,1.9924618133258227,3.0793297
543998,10.9,0.4501,2.0,0.135000005364418,0.0460000000894069,2.750362934937096,1.9561433
543998,10.9,0.4501,2.0,0.135000005364418,0.0460000000894069,2.750362934937096,1.9561433
551192,8.75,0.3164,3.0,-0.006000000052154,-1.1019999980926514,1.8171467707558813,0.028405005
551192,8.75,0.3164,3.0,-0.006000000052154,-1.1019999980926514,1.8171467707558813,0.028405005
106042,10.14,0.2003,3.0,0.4090000092983246,-1.062000036239624,3.884990906937478,4.7821374
106042,10.14,0.2003,3.0,0.4090000092983246,-1.062000036239624,3.884990906937478,4.4490232
106042,10.14,0.2003,3.0,0.2870000004768371,-0.9010000228881836,1.4770323476194291,4.7821374
106042,10.14,0.2003,3.0,0.2870000004768371,-0.9010000228881836,1.4770323476194291,4.4490232
106042,10.14,0.2003,3.0,0.4090000092983246,-1.062000036239624,3.884990906937478,4.7821374
106042,10.14,0.2003,3.0,0.4090000092983246,-1.062000036239624,3.884990906937478,4.4490232
106042,10.14,0.2003,3.0,0.2870000004768371,-0.9010000228881836,1.4770323476194291,4.7821374
106042,10.14,0.2003,3.0,0.2870000004768371,-0.9010000228881836,1.4770323476194291,4.4490232
184368,10.74,0.5326,2.0,0.1860000044107437,-0.2759999930858612,1.9471078453151025,1.7710592
184368,10.74,0.5326,2.0,0.1860000044107437,-0.2759999930858612,1.9471078453151025,1.7710592
48049,10.56,0.4523,1.5,0.2870000004768371,-0.0949999988079071,7.575128540001153,0.0065159434
48049,10.56,0.4523,1.5,0.2870000004768371,-0.0949999988079071,7.575128540001153,0.0065159434
77446,10.33,0.1604,2.0,0.0439999997615814,-0.0750000029802322,1.1465421010068892,0.8209796
77446,10.33,0.1604,2.0,0.0439999997615814,-0.0750000029802322,1.1465421010068892,0.8209796
85507,9.02,0.736,3.0,-0.0869999974966049,-0.8399999737739563,1.6572575516299524,0.009540941
85507,9.02,0.736,3.0,-0.0869999974966049,-0.8399999737739563,1.6572575516299524,0.009540941
549070,10.07,0.1166,0.5,0.4589999914169311,-0.1560000032186508,13.164064654697052,0.003096406
549070,10.07,0.1166,0.5,0.4589999914169311,-0.1560000032186508,13.164064654697052,0.003096406
230880,9.7,0.4071,1.0,0.125,-0.5789999961853027,8.69741126650672,0.00039863458
230880,9.7,0.4071,1.0,0.125,-0.5789999961853027,8.69741126650672,0.00039863458
93023,10.23,0.1615,2.0,0.1150000020861625,-0.0949999988079071,5.487695516567193,0.018638004
93023,10.23,0.1615,2.0,0.1150000020861625,-0.0949999988079071,5.487695516567193,0.018638004
210660,9.84,0.4628,2.0,0.0040000001899898,-0.2759999930858612,2.134961297927347,0.13000947
210660,9.84,0.4628,2.0,0.0040000001899898,-0.2759999930858612,2.134961297927347,0.13000947
611647,9.24,0.717,3.0,-99.0,-1.062000036239624,2.134961297927347,0.046391383
611647,9.24,0.717,3.0,-99.0,-1.062000036239624,2.134961297927347,0.046391383
144682,9.02,0.4062,5.0,-0.3000000119209289,-1.6859999895095823,4.259807821671483,0.02149594
144682,9.02,0.4062,5.0,-0.3000000119209289,-1.6859999895095823,4.259807821671483,0.033142727
144682,9.02,0.4062,5.0,-0.3000000119209289,-1.6859999895095823,4.259807821671483,0.015900541
144682,9.02,0.4062,5.0,-0.3000000119209289,-1.6859999895095823,4.259807821671483,0.027136434
144682,9.02,0.4062,5.0,-0.1780000030994415,-1.0219999551773071,1.775783460322303,0.02149594
144682,9.02,0.4062,5.0,-0.1780000030994415,-1.0219999551773071,1.775783460322303,0.033142727
144682,9.02,0.4062,5.0,-0.1780000030994415,-1.0219999551773071,1.775783460322303,0.015900541
144682,9.02,0.4062,5.0,-0.1780000030994415,-1.0219999551773071,1.775783460322303,0.027136434
144682,9.02,0.4062,5.0,-0.0270000007003545,-1.5049999952316284,3.306663538964836,0.02149594
144682,9.02,0.4062,5.0,-0.0270000007003545,-1.5049999952316284,3.306663538964836,0.033142727
144682,9.02,0.4062,5.0,-0.0270000007003545,-1.5049999952316284,3.306663538964836,0.015900541
144682,9.02,0.4062,5.0,-0.0270000007003545,-1.5049999952316284,3.306663538964836,0.027136434
144682,9.02,0.4062,5.0,-0.0869999974966049,-1.0010000467300415,1.8594735564600955,0.02149594
144682,9.02,0.4062,5.0,-0.0869999974966049,-1.0010000467300415,1.8594735564600955,0.033142727
144682,9.02,0.4062,5.0,-0.0869999974966049,-1.0010000467300415,1.8594735564600955,0.015900541
144682,9.02,0.4062,5.0,-0.0869999974966049,-1.0010000467300415,1.8594735564600955,0.027136434
144682,9.02,0.4062,5.0,-0.3000000119209289,-1.6859999895095823,4.259807821671483,0.02149594
144682,9.02,0.4062,5.0,-0.3000000119209289,-1.6859999895095823,4.259807821671483,0.033142727
144682,9.02,0.4062,5.0,-0.3000000119209289,-1.6859999895095823,4.259807821671483,0.015900541
144682,9.02,0.4062,5.0,-0.3000000119209289,-1.6859999895095823,4.259807821671483,0.027136434
144682,9.02,0.4062,5.0,-0.1780000030994415,-1.0219999551773071,1.775783460322303,0.02149594
144682,9.02,0.4062,5.0,-0.1780000030994415,-1.0219999551773071,1.775783460322303,0.033142727
144682,9.02,0.4062,5.0,-0.1780000030994415,-1.0219999551773071,1.775783460322303,0.015900541
144682,9.02,0.4062,5.0,-0.1780000030994415,-1.0219999551773071,1.775783460322303,0.027136434
144682,9.02,0.4062,5.0,-0.0270000007003545,-1.5049999952316284,3.306663538964836,0.02149594
144682,9.02,0.4062,5.0,-0.0270000007003545,-1.5049999952316284,3.306663538964836,0.033142727
144682,9.02,0.4062,5.0,-0.0270000007003545,-1.5049999952316284,3.306663538964836,0.015900541
144682,9.02,0.4062,5.0,-0.0270000007003545,-1.5049999952316284,3.306663538964836,0.027136434
144682,9.02,0.4062,5.0,-0.0869999974966049,-1.0010000467300415,1.8594735564600955,0.02149594
144682,9.02,0.4062,5.0,-0.0869999974966049,-1.0010000467300415,1.8594735564600955,0.033142727
144682,9.02,0.4062,5.0,-0.0869999974966049,-1.0010000467300415,1.8594735564600955,0.015900541
144682,9.02,0.4062,5.0,-0.0869999974966049,-1.0010000467300415,1.8594735564600955,0.027136434
386366,10.4,0.5012,2.0,0.1049999967217445,-0.0549999997019767,2.184690934959677,0.40526003
386366,10.4,0.5012,2.0,0.1049999967217445,-0.0549999997019767,2.184690934959677,0.40526003
346892,10.28,0.1678,2.0,0.125,-0.5580000281333923,1.5466427375869445,0.8603506
346892,10.28,0.1678,2.0,0.125,-0.5580000281333923,1.5466427375869445,0.8603506
376282,9.39,0.6965,3.0,0.4490000009536743,-1.524999976158142,2.750362934937096,0.2283664
376282,9.39,0.6965,3.0,0.4490000009536743,-1.524999976158142,2.750362934937096,0.2283664
16526,10.26,0.1801,0.0,0.0649999976158142,0.1260000020265579,2.9470669811950616,0.1683302
16526,10.26,0.1801,0.0,0.0649999976158142,0.1260000020265579,2.9470669811950616,0.1683302
78355,10.62,0.7037,1.5,0.2060000002384185,0.1059999987483024,5.487695516567193,0.049349573
78355,10.62,0.7037,1.5,0.2060000002384185,0.1059999987483024,5.487695516567193,0.03845079
78355,10.62,0.7037,1.5,0.2469999939203262,-0.0350000001490116,5.487695516567193,0.049349573
78355,10.62,0.7037,1.5,0.2469999939203262,-0.0350000001490116,5.487695516567193,0.03845079
78355,10.62,0.7037,1.5,0.2060000002384185,0.1059999987483024,5.487695516567193,0.049349573
78355,10.62,0.7037,1.5,0.2060000002384185,0.1059999987483024,5.487695516567193,0.03845079
78355,10.62,0.7037,1.5,0.2469999939203262,-0.0350000001490116,5.487695516567193,0.049349573
78355,10.62,0.7037,1.5,0.2469999939203262,-0.0350000001490116,5.487695516567193,0.03845079
240432,10.8,0.7332,2.0,0.0949999988079071,-0.2360000014305114,1.9471078453151025,2.4927235
240432,10.8,0.7332,2.0,0.0949999988079071,-0.2360000014305114,1.9471078453151025,2.4927235
383318,9.92,0.485,3.0,-0.0270000007003545,-0.9610000252723694,1.9471078453151025,0.5578339
383318,9.92,0.485,3.0,-0.0270000007003545,-0.9610000252723694,1.9471078453151025,0.5578339
513108,9.64,0.1383,3.0,-99.0,-1.383999943733215,1.8171467707558813,0.10018817
513108,9.64,0.1383,3.0,-99.0,-1.383999943733215,1.8171467707558813,0.10018817
486092,9.14,0.4609,3.0,-99.0,-1.243000030517578,3.085957969027533,0.01328538
486092,9.14,0.4609,3.0,-99.0,-1.243000030517578,3.085957969027533,0.01328538
216111,10.09,0.8282,2.0,0.0949999988079071,-0.296999990940094,2.184690934959677,0.1744493
216111,10.09,0.8282,2.0,0.0949999988079071,-0.296999990940094,2.184690934959677,0.1744493
56064,10.44,0.3107,2.0,0.0850000008940696,-0.1150000020861625,3.543153817926126,0.16052951
56064,10.44,0.3107,2.0,0.0850000008940696,-0.1150000020861625,3.543153817926126,0.16434917
56064,10.44,0.3107,2.0,0.0850000008940696,-0.1150000020861625,3.543153817926126,0.15612143
56064,10.44,0.3107,2.0,0.0850000008940696,-0.1150000020861625,3.543153817926126,0.22387165
56064,10.44,0.3107,2.0,0.2269999980926513,-0.1150000020861625,3.710137512885986,0.16052951
56064,10.44,0.3107,2.0,0.2269999980926513,-0.1150000020861625,3.710137512885986,0.16434917
56064,10.44,0.3107,2.0,0.2269999980926513,-0.1150000020861625,3.710137512885986,0.15612143
56064,10.44,0.3107,2.0,0.2269999980926513,-0.1150000020861625,3.710137512885986,0.22387165
56064,10.44,0.3107,2.0,0.2269999980926513,-0.1759999990463256,3.4625017904490982,0.16052951
56064,10.44,0.3107,2.0,0.2269999980926513,-0.1759999990463256,3.4625017904490982,0.16434917
56064,10.44,0.3107,2.0,0.2269999980926513,-0.1759999990463256,3.4625017904490982,0.15612143
56064,10.44,0.3107,2.0,0.2269999980926513,-0.1759999990463256,3.4625017904490982,0.22387165
56064,10.44,0.3107,2.0,0.2060000002384185,-0.0949999988079071,3.085957969027533,0.16052951
56064,10.44,0.3107,2.0,0.2060000002384185,-0.0949999988079071,3.085957969027533,0.16434917
56064,10.44,0.3107,2.0,0.2060000002384185,-0.0949999988079071,3.085957969027533,0.15612143
56064,10.44,0.3107,2.0,0.2060000002384185,-0.0949999988079071,3.085957969027533,0.22387165
56064,10.44,0.3107,2.0,0.0850000008940696,-0.1150000020861625,3.543153817926126,0.16052951
56064,10.44,0.3107,2.0,0.0850000008940696,-0.1150000020861625,3.543153817926126,0.16434917
56064,10.44,0.3107,2.0,0.0850000008940696,-0.1150000020861625,3.543153817926126,0.15612143
56064,10.44,0.3107,2.0,0.0850000008940696,-0.1150000020861625,3.543153817926126,0.22387165
56064,10.44,0.3107,2.0,0.2269999980926513,-0.1150000020861625,3.710137512885986,0.16052951
56064,10.44,0.3107,2.0,0.2269999980926513,-0.1150000020861625,3.710137512885986,0.16434917
56064,10.44,0.3107,2.0,0.2269999980926513,-0.1150000020861625,3.710137512885986,0.15612143
56064,10.44,0.3107,2.0,0.2269999980926513,-0.1150000020861625,3.710137512885986,0.22387165
56064,10.44,0.3107,2.0,0.2269999980926513,-0.1759999990463256,3.4625017904490982,0.16052951
56064,10.44,0.3107,2.0,0.2269999980926513,-0.1759999990463256,3.4625017904490982,0.16434917
56064,10.44,0.3107,2.0,0.2269999980926513,-0.1759999990463256,3.4625017904490982,0.15612143
56064,10.44,0.3107,2.0,0.2269999980926513,-0.1759999990463256,3.4625017904490982,0.22387165
56064,10.44,0.3107,2.0,0.2060000002384185,-0.0949999988079071,3.085957969027533,0.16052951
56064,10.44,0.3107,2.0,0.2060000002384185,-0.0949999988079071,3.085957969027533,0.16434917
56064,10.44,0.3107,2.0,0.2060000002384185,-0.0949999988079071,3.085957969027533,0.15612143
56064,10.44,0.3107,2.0,0.2060000002384185,-0.0949999988079071,3.085957969027533,0.22387165
220326,11.06,0.7675,2.0,0.0850000008940696,0.0659999996423721,3.884990906937478,0.24059983
220326,11.06,0.7675,2.0,0.0850000008940696,0.0659999996423721,3.884990906937478,0.24059983
422639,8.32,0.4153,3.0,-99.0,-1.6660000085830688,4.259807821671483,0.0054801446
422639,8.32,0.4153,3.0,-99.0,-1.6660000085830688,4.259807821671483,0.0054801446
39475,10.53,0.5297,1.0,-0.006000000052154,-0.1759999990463256,3.625684472456604,0.28654993
39475,10.53,0.5297,1.0,-0.006000000052154,-0.1759999990463256,3.625684472456604,0.28654993
601102,10.35,0.7017,1.5,0.2060000002384185,-0.0750000029802322,5.240708532664743,0.12188743
601102,10.35,0.7017,1.5,0.2060000002384185,-0.0750000029802322,5.240708532664743,0.12188743
544084,9.04,0.4213,3.0,-99.0,-1.0219999551773071,4.06808488757239,0.038054716
544084,9.04,0.4213,3.0,-99.0,-1.0219999551773071,4.06808488757239,0.038054716
143446,7.66,0.5647,3.0,-99.0,-99.0,-99.0,0.006125787
143446,7.66,0.5647,3.0,-99.0,-99.0,-99.0,0.006125787
99349,10.16,0.6235,2.0,0.2060000002384185,-0.2759999930858612,2.0388722109633184,0.47427386
99349,10.16,0.6235,2.0,0.2060000002384185,-0.2759999930858612,2.0388722109633184,0.47427386
184122,10.54,0.4191,2.0,0.1860000044107437,0.0860000029206276,4.06808488757239,0.19340925
184122,10.54,0.4191,2.0,0.1860000044107437,0.0860000029206276,4.06808488757239,0.22807007
184122,10.54,0.4191,2.0,0.1860000044107437,0.0860000029206276,4.06808488757239,0.14098154
184122,10.54,0.4191,2.0,0.1459999978542328,0.1059999987483024,3.543153817926126,0.19340925
184122,10.54,0.4191,2.0,0.1459999978542328,0.1059999987483024,3.543153817926126,0.22807007
184122,10.54,0.4191,2.0,0.1459999978542328,0.1059999987483024,3.543153817926126,0.14098154
184122,10.54,0.4191,2.0,0.1860000044107437,0.0860000029206276,4.06808488757239,0.19340925
184122,10.54,0.4191,2.0,0.1860000044107437,0.0860000029206276,4.06808488757239,0.22807007
184122,10.54,0.4191,2.0,0.1860000044107437,0.0860000029206276,4.06808488757239,0.14098154
184122,10.54,0.4191,2.0,0.1860000044107437,0.0860000029206276,4.06808488757239,0.19340925
184122,10.54,0.4191,2.0,0.1860000044107437,0.0860000029206276,4.06808488757239,0.22807007
184122,10.54,0.4191,2.0,0.1860000044107437,0.0860000029206276,4.06808488757239,0.14098154
184122,10.54,0.4191,2.0,0.1459999978542328,0.1059999987483024,3.543153817926126,0.19340925
184122,10.54,0.4191,2.0,0.1459999978542328,0.1059999987483024,3.543153817926126,0.22807007
184122,10.54,0.4191,2.0,0.1459999978542328,0.1059999987483024,3.543153817926126,0.14098154
184122,10.54,0.4191,2.0,0.1860000044107437,0.0860000029206276,4.06808488757239,0.19340925
184122,10.54,0.4191,2.0,0.1860000044107437,0.0860000029206276,4.06808488757239,0.22807007
184122,10.54,0.4191,2.0,0.1860000044107437,0.0860000029206276,4.06808488757239,0.14098154
230884,8.78,0.3532,3.0,-99.0,-0.6790000200271606,2.508360808825364,1.6075233e-05
230884,8.78,0.3532,3.0,-99.0,-0.6790000200271606,2.508360808825364,1.6075233e-05
371170,10.71,0.2237,2.0,0.125,0.0860000029206276,1.3784467908321083,0.17794299
371170,10.71,0.2237,2.0,0.125,0.0860000029206276,1.3784467908321083,0.17794299
36880,10.8,0.4205,1.0,0.2269999980926513,-0.0949999988079071,5.487695516567193,0.10011728
36880,10.8,0.4205,1.0,0.2269999980926513,-0.0949999988079071,5.487695516567193,0.10011728
289194,8.99,0.2046,-9.0,-99.0,-0.6990000009536743,5.487695516567193,8.379129e-05
289194,8.99,0.2046,-9.0,-99.0,-0.6990000009536743,5.487695516567193,8.379129e-05
186573,10.4,0.7096,1.5,0.328000009059906,-0.2160000056028366,9.985964243287482,0.00235306
186573,10.4,0.7096,1.5,0.328000009059906,-0.2160000056028366,9.985964243287482,0.00235306
543552,10.1,0.6763,1.5,0.1560000032186508,0.0659999996423721,6.751340417759738,0.0003182266
543552,10.1,0.6763,1.5,0.1560000032186508,0.0659999996423721,6.751340417759738,0.0003182266
63276,10.36,0.423,2.0,0.0750000029802322,0.0049999998882412,2.750362934937096,0.13575679
63276,10.36,0.423,2.0,0.0750000029802322,0.0049999998882412,2.750362934937096,0.13575679
583716,8.23,0.3809,3.0,-99.0,-2.0280001163482666,3.015712989638904,0.0023982197
583716,8.23,0.3809,3.0,-99.0,-2.0280001163482666,3.015712989638904,0.0023982197
77710,10.38,0.7312,1.5,0.1959999948740005,-0.2160000056028366,8.1168964702676,4.504431e-05
77710,10.38,0.7312,1.5,0.1959999948740005,-0.2160000056028366,8.1168964702676,4.504431e-05
618906,10.57,0.792,1.5,0.135000005364418,0.0460000000894069,2.235578924043527,0.35887936
618906,10.57,0.792,1.5,0.135000005364418,0.0460000000894069,2.235578924043527,0.35887936
273889,11.08,0.4688,1.5,0.0750000029802322,-0.0149999996647238,3.306663538964836,0.26126122
273889,11.08,0.4688,1.5,0.0750000029802322,-0.0149999996647238,3.306663538964836,0.26126122
321059,9.67,0.6296,1.0,0.0540000014007091,-0.2160000056028366,4.89091377733286,0.0037566205
321059,9.67,0.6296,1.0,0.0540000014007091,-0.2160000056028366,4.89091377733286,0.0037566205
177354,8.85,0.332,3.0,-99.0,-1.0820000171661377,9.758655945674352,0.0001935197
177354,8.85,0.332,3.0,-99.0,-1.0820000171661377,9.758655945674352,0.0001935197
386892,10.7,0.7088,1.5,0.125,-0.1360000073909759,2.750362934937096,0.89955455
386892,10.7,0.7088,1.5,0.125,-0.1360000073909759,2.750362934937096,0.89955455
289107,9.68,0.3637,3.0,0.2870000004768371,-1.1019999980926514,3.884990906937478,0.3883958
289107,9.68,0.3637,3.0,0.2870000004768371,-1.1019999980926514,3.884990906937478,0.3883958
610474,10.01,0.2424,2.0,0.1459999978542328,-0.6190000176429749,1.4770323476194291,0.8417485
610474,10.01,0.2424,2.0,0.1459999978542328,-0.6190000176429749,1.4770323476194291,0.8417485
296798,8.33,0.5577,2.5,-99.0,-1.746999979019165,1.6958600389872902,0.0036375811
296798,8.33,0.5577,2.5,-99.0,-1.746999979019165,1.6958600389872902,0.0036375811
62718,9.59,0.2128,3.0,0.5,-1.1419999599456787,2.3409385127868907,0.8578834
62718,9.59,0.2128,3.0,0.5,-1.1419999599456787,2.3409385127868907,0.80816317
62718,9.59,0.2128,3.0,0.5,-1.465000033378601,2.56678803778268,0.8578834
62718,9.59,0.2128,3.0,0.5,-1.465000033378601,2.56678803778268,0.80816317
62718,9.59,0.2128,3.0,0.5,-1.1419999599456787,2.3409385127868907,0.8578834
62718,9.59,0.2128,3.0,0.5,-1.1419999599456787,2.3409385127868907,0.80816317
62718,9.59,0.2128,3.0,0.5,-1.465000033378601,2.56678803778268,0.8578834
62718,9.59,0.2128,3.0,0.5,-1.465000033378601,2.56678803778268,0.80816317
22862,9.1,0.2487,3.0,-99.0,-1.6859999895095823,3.884990906937478,0.0016573329
22862,9.1,0.2487,3.0,-99.0,-1.6859999895095823,3.884990906937478,0.0016573329
40278,10.44,0.158,2.0,0.0750000029802322,-0.1360000073909759,4.359031492379173,0.07090124
40278,10.44,0.158,2.0,0.0750000029802322,-0.1360000073909759,4.359031492379173,0.07090124
319157,10.2,0.815,1.5,0.1560000032186508,-0.0750000029802322,5.487695516567193,0.00046493672
319157,10.2,0.815,1.5,0.1560000032186508,-0.0750000029802322,5.487695516567193,0.00046493672
215698,8.19,0.6098,3.0,0.2060000002384185,-1.565000057220459,5.004837794194108,0.001217023
215698,8.19,0.6098,3.0,0.2060000002384185,-1.565000057220459,5.004837794194108,0.001217023
143227,10.49,0.6244,1.5,0.135000005364418,-0.2360000014305114,3.2313946874539026,0.014066608
143227,10.49,0.6244,1.5,0.135000005364418,-0.2360000014305114,3.2313946874539026,0.12690026
143227,10.49,0.6244,1.5,0.135000005364418,-0.2360000014305114,3.2313946874539026,0.2044032
143227,10.49,0.6244,1.5,0.1560000032186508,-0.2360000014305114,3.2313946874539026,0.014066608
143227,10.49,0.6244,1.5,0.1560000032186508,-0.2360000014305114,3.2313946874539026,0.12690026
143227,10.49,0.6244,1.5,0.1560000032186508,-0.2360000014305114,3.2313946874539026,0.2044032
143227,10.49,0.6244,1.5,0.0949999988079071,-0.1959999948740005,3.1578391641788226,0.014066608
143227,10.49,0.6244,1.5,0.0949999988079071,-0.1959999948740005,3.1578391641788226,0.12690026
143227,10.49,0.6244,1.5,0.0949999988079071,-0.1959999948740005,3.1578391641788226,0.2044032
143227,10.49,0.6244,1.5,0.135000005364418,-0.2360000014305114,3.2313946874539026,0.014066608
143227,10.49,0.6244,1.5,0.135000005364418,-0.2360000014305114,3.2313946874539026,0.12690026
143227,10.49,0.6244,1.5,0.135000005364418,-0.2360000014305114,3.2313946874539026,0.2044032
143227,10.49,0.6244,1.5,0.1560000032186508,-0.2360000014305114,3.2313946874539026,0.014066608
143227,10.49,0.6244,1.5,0.1560000032186508,-0.2360000014305114,3.2313946874539026,0.12690026
143227,10.49,0.6244,1.5,0.1560000032186508,-0.2360000014305114,3.2313946874539026,0.2044032
143227,10.49,0.6244,1.5,0.0949999988079071,-0.1959999948740005,3.1578391641788226,0.014066608
143227,10.49,0.6244,1.5,0.0949999988079071,-0.1959999948740005,3.1578391641788226,0.12690026
143227,10.49,0.6244,1.5,0.0949999988079071,-0.1959999948740005,3.1578391641788226,0.2044032
56181,10.32,0.1231,0.0,0.1049999967217445,-0.7799999713897705,2.395465975494956,0.93661064
56181,10.32,0.1231,0.0,0.1049999967217445,-0.7799999713897705,2.395465975494956,0.93661064
319150,8.56,0.3778,3.0,-0.1889999955892563,-1.72599995136261,3.1578391641788226,0.019297516
319150,8.56,0.3778,3.0,-0.1889999955892563,-1.72599995136261,3.1578391641788226,0.019297516
93062,10.12,0.3933,2.0,0.125,-0.9010000228881836,1.5114368506909526,1.2866364
93062,10.12,0.3933,2.0,0.125,-0.9010000228881836,1.5114368506909526,1.2866364
296599,9.49,0.5657,3.0,-0.2899999916553497,-1.746999979019165,3.015712989638904,0.09975802
296599,9.49,0.5657,3.0,-0.2899999916553497,-1.746999979019165,3.015712989638904,0.09975802
493811,8.76,0.1455,3.0,-0.0160000007599592,-1.2029999494552612,2.8799835466736923,0.02930053
493811,8.76,0.1455,3.0,-0.0160000007599592,-1.2029999494552612,2.8799835466736923,0.02930053
509516,8.74,0.6992,3.0,0.1049999967217445,-1.465000033378601,2.56678803778268,0.026295006
509516,8.74,0.6992,3.0,0.1049999967217445,-1.465000033378601,2.56678803778268,0.026295006
505828,10.41,0.212,2.0,0.0850000008940696,0.0659999996423721,2.235578924043527,0.28999946
505828,10.41,0.212,2.0,0.0850000008940696,0.0659999996423721,2.235578924043527,0.28999946
230837,9.24,0.4072,-9.0,0.2370000034570694,-0.1560000032186508,3.306663538964836,
230837,9.24,0.4072,-9.0,0.2370000034570694,-0.1560000032186508,3.306663538964836,
622305,10.62,0.2965,2.0,0.0850000008940696,0.0260000005364418,2.626576211733084,0.29287326
622305,10.62,0.2965,2.0,0.0850000008940696,0.0260000005364418,2.626576211733084,0.29287326
144236,8.61,0.451,3.0,-0.1480000019073486,-1.565000057220459,1.2864413959638756,0.021458272
144236,8.61,0.451,3.0,-0.1480000019073486,-1.565000057220459,1.2864413959638756,0.021458272
534793,8.35,0.212,5.0,-99.0,-99.0,-99.0,0.00034495568
534793,8.35,0.212,5.0,-99.0,-99.0,-99.0,0.0005070196
534793,8.35,0.212,5.0,-99.0,-99.0,-99.0,0.00043375042
534793,8.35,0.212,5.0,-99.0,-99.0,-99.0,0.00034495568
534793,8.35,0.212,5.0,-99.0,-99.0,-99.0,0.0005070196
534793,8.35,0.212,5.0,-99.0,-99.0,-99.0,0.00043375042
534793,8.35,0.212,5.0,-99.0,-1.6859999895095823,3.884990906937478,0.00034495568
534793,8.35,0.212,5.0,-99.0,-1.6859999895095823,3.884990906937478,0.0005070196
534793,8.35,0.212,5.0,-99.0,-1.6859999895095823,3.884990906937478,0.00043375042
534793,8.35,0.212,5.0,-99.0,-99.0,-99.0,0.00034495568
534793,8.35,0.212,5.0,-99.0,-99.0,-99.0,0.0005070196
534793,8.35,0.212,5.0,-99.0,-99.0,-99.0,0.00043375042
534793,8.35,0.212,5.0,-99.0,-99.0,-99.0,0.00034495568
534793,8.35,0.212,5.0,-99.0,-99.0,-99.0,0.0005070196
534793,8.35,0.212,5.0,-99.0,-99.0,-99.0,0.00043375042
534793,8.35,0.212,5.0,-99.0,-1.6859999895095823,3.884990906937478,0.00034495568
534793,8.35,0.212,5.0,-99.0,-1.6859999895095823,3.884990906937478,0.0005070196
534793,8.35,0.212,5.0,-99.0,-1.6859999895095823,3.884990906937478,0.00043375042
600595,9.03,0.3974,-9.0,0.0140000004321336,-1.2630000114440918,3.015712989638904,0.044408496
600595,9.03,0.3974,-9.0,0.0140000004321336,-1.2630000114440918,3.015712989638904,0.044408496
230786,9.93,0.2025,0.0,0.2469999939203262,-0.0350000001490116,8.499434015590785,0.0011620683
230786,9.93,0.2025,0.0,0.2469999939203262,-0.0350000001490116,8.499434015590785,0.0011620683
296725,9.5,0.6642,2.5,0.1049999967217445,-1.062000036239624,4.359031492379173,0.23913789
296725,9.5,0.6642,2.5,0.1049999967217445,-1.062000036239624,4.359031492379173,0.23913789
39131,9.01,0.6236,3.0,-99.0,-1.6059999465942385,5.121415442300698,0.044290226
39131,9.01,0.6236,3.0,-99.0,-1.6059999465942385,5.121415442300698,0.07234736
39131,9.01,0.6236,3.0,-99.0,-1.6059999465942385,5.121415442300698,0.04259091
39131,9.01,0.6236,3.0,-99.0,-1.2029999494552612,3.710137512885986,0.044290226
39131,9.01,0.6236,3.0,-99.0,-1.2029999494552612,3.710137512885986,0.07234736
39131,9.01,0.6236,3.0,-99.0,-1.2029999494552612,3.710137512885986,0.04259091
39131,9.01,0.6236,3.0,-99.0,-1.4040000438690186,6.300717481018831,0.044290226
39131,9.01,0.6236,3.0,-99.0,-1.4040000438690186,6.300717481018831,0.07234736
39131,9.01,0.6236,3.0,-99.0,-1.4040000438690186,6.300717481018831,0.04259091
39131,9.01,0.6236,3.0,-99.0,-1.6059999465942385,5.121415442300698,0.044290226
39131,9.01,0.6236,3.0,-99.0,-1.6059999465942385,5.121415442300698,0.07234736
39131,9.01,0.6236,3.0,-99.0,-1.6059999465942385,5.121415442300698,0.04259091
39131,9.01,0.6236,3.0,-99.0,-1.2029999494552612,3.710137512885986,0.044290226
39131,9.01,0.6236,3.0,-99.0,-1.2029999494552612,3.710137512885986,0.07234736
39131,9.01,0.6236,3.0,-99.0,-1.2029999494552612,3.710137512885986,0.04259091
39131,9.01,0.6236,3.0,-99.0,-1.4040000438690186,6.300717481018831,0.044290226
39131,9.01,0.6236,3.0,-99.0,-1.4040000438690186,6.300717481018831,0.07234736
39131,9.01,0.6236,3.0,-99.0,-1.4040000438690186,6.300717481018831,0.04259091
69822,11.2,0.1522,2.0,0.1049999967217445,0.1870000064373016,2.750362934937096,0.4968899
69822,11.2,0.1522,2.0,0.1049999967217445,0.1870000064373016,2.750362934937096,0.4968899
548872,10.52,0.6698,1.5,-0.006000000052154,-0.0350000001490116,3.306663538964836,0.2886679
548872,10.52,0.6698,1.5,-0.006000000052154,-0.0350000001490116,3.306663538964836,0.2886679
92818,8.33,0.6011,3.0,0.5,-2.08899998664856,2.508360808825364,0.28311974
92818,8.33,0.6011,3.0,0.5,-2.08899998664856,2.508360808825364,0.28311974
622429,10.51,0.4809,1.5,-0.3000000119209289,-1.121999979019165,2.184690934959677,2.0778465
622429,10.51,0.4809,1.5,-0.3000000119209289,-1.121999979019165,2.184690934959677,2.0778465
230789,9.52,0.3084,0.5,0.3479999899864197,-0.1150000020861625,5.7463226384084365,0.00032922043
230789,9.52,0.3084,0.5,0.3479999899864197,-0.1150000020861625,5.7463226384084365,0.00032922043
505316,10.63,0.5247,2.0,0.135000005364418,0.2070000022649765,2.9470669811950616,0.23928855
505316,10.63,0.5247,2.0,0.135000005364418,0.2070000022649765,2.9470669811950616,0.23928855
618992,10.81,0.5722,2.0,0.0540000014007091,-0.3770000040531158,1.6195337641628855,7.531202
618992,10.81,0.5722,2.0,0.0540000014007091,-0.3770000040531158,1.6195337641628855,7.531202
512312,10.52,0.46,1.0,0.1860000044107437,-0.0549999997019767,8.305963277093225,0.004347946
512312,10.52,0.46,1.0,0.1860000044107437,-0.0549999997019767,8.305963277093225,0.004347946
422289,9.56,0.6526,2.5,0.0439999997615814,-0.800000011920929,4.162842757456065,0.07810021
422289,9.56,0.6526,2.5,0.0439999997615814,-0.800000011920929,4.162842757456065,0.07810021
319197,10.38,0.573,1.5,0.0240000002086162,0.1260000020265579,2.750362934937096,0.023781762
319197,10.38,0.573,1.5,0.0240000002086162,0.1260000020265579,2.750362934937096,0.023781762
622694,10.74,0.2182,2.0,0.2669999897480011,-0.1560000032186508,2.184690934959677,1.2145829
622694,10.74,0.2182,2.0,0.2669999897480011,-0.1560000032186508,2.184690934959677,1.2145829
378060,8.7,0.3373,3.0,0.1560000032186508,-1.1019999980926514,2.56678803778268,0.01444913
378060,8.7,0.3373,3.0,0.1560000032186508,-1.1019999980926514,2.56678803778268,0.01444913
463264,9.81,0.6141,2.0,0.0040000001899898,-0.4979999959468841,1.9924618133258227,0.3650531
463264,9.81,0.6141,2.0,0.0040000001899898,-0.4979999959468841,1.9924618133258227,0.3650531
69740,9.59,0.58,-9.0,0.2269999980926513,-1.121999979019165,1.8594735564600955,0.26717344
69740,9.59,0.58,-9.0,0.2269999980926513,-1.121999979019165,1.8594735564600955,0.26717344
91959,10.12,0.5855,1.5,0.2669999897480011,-0.1560000032186508,5.487695516567193,0.037188623
91959,10.12,0.5855,1.5,0.2669999897480011,-0.1560000032186508,5.487695516567193,0.005849591
91959,10.12,0.5855,1.5,0.125,-0.2560000121593475,3.975483970143573,0.037188623
91959,10.12,0.5855,1.5,0.125,-0.2560000121593475,3.975483970143573,0.005849591
91959,10.12,0.5855,1.5,0.2669999897480011,-0.1560000032186508,5.487695516567193,0.037188623
91959,10.12,0.5855,1.5,0.2669999897480011,-0.1560000032186508,5.487695516567193,0.005849591
91959,10.12,0.5855,1.5,0.125,-0.2560000121593475,3.975483970143573,0.037188623
91959,10.12,0.5855,1.5,0.125,-0.2560000121593475,3.975483970143573,0.005849591
106047,10.14,0.4688,1.5,0.135000005364418,-0.2160000056028366,3.085957969027533,0.061322723
106047,10.14,0.4688,1.5,0.135000005364418,-0.2160000056028366,3.085957969027533,0.061322723
91963,11.04,0.2234,0.0,0.1150000020861625,-0.1360000073909759,5.6155203658737225,0.6692973
91963,11.04,0.2234,0.0,0.1150000020861625,-0.1360000073909759,5.6155203658737225,0.6692973
417580,9.93,0.1997,0.5,0.1860000044107437,-0.1560000032186508,6.59766114757817,
417580,9.93,0.1997,0.5,0.1860000044107437,-0.1560000032186508,6.59766114757817,
381802,8.58,0.2538,3.0,-99.0,-1.243000030517578,5.7463226384084365,0.011133107
381802,8.58,0.2538,3.0,-99.0,-1.243000030517578,5.7463226384084365,0.011133107
220394,10.3,0.1226,1.0,0.0949999988079071,-0.0949999988079071,5.6155203658737225,0.004040307
220394,10.3,0.1226,1.0,0.0949999988079071,-0.0949999988079071,5.6155203658737225,0.004040307
216184,10.51,0.0813,0.0,0.2669999897480011,-0.1360000073909759,3.884990906937478,0.0074480637
216184,10.51,0.0813,0.0,0.2669999897480011,-0.1360000073909759,3.884990906937478,0.0074480637
560883,11.21,0.1439,1.5,0.2469999939203262,-0.1360000073909759,3.1578391641788226,0.22673817
560883,11.21,0.1439,1.5,0.2469999939203262,-0.1360000073909759,3.1578391641788226,0.22673817
138291,9.3,0.4119,-9.0,0.4799999892711639,-1.1829999685287476,2.134961297927347,0.45410502
138291,9.3,0.4119,-9.0,0.4799999892711639,-1.1829999685287476,2.134961297927347,0.45410502
39709,11.1,0.7931,1.5,-0.0370000004768371,0.1669999957084655,5.487695516567193,0.16428602
39709,11.1,0.7931,1.5,-0.0370000004768371,0.1669999957084655,5.487695516567193,0.16428602
609571,9.52,0.4623,3.0,0.0750000029802322,-1.1419999599456787,2.508360808825364,0.09405512
609571,9.52,0.4623,3.0,0.0750000029802322,-1.1419999599456787,2.508360808825364,0.09405512
543895,9.74,0.1046,2.5,0.2669999897480011,-0.7599999904632568,1.5114368506909526,0.37257424
543895,9.74,0.1046,2.5,0.2669999897480011,-0.7599999904632568,1.5114368506909526,0.41945228
543895,9.74,0.1046,2.5,0.2669999897480011,-0.7599999904632568,1.5114368506909526,0.30144694
543895,9.74,0.1046,2.5,0.2160000056028366,-0.8600000143051147,1.9471078453151025,0.37257424
543895,9.74,0.1046,2.5,0.2160000056028366,-0.8600000143051147,1.9471078453151025,0.41945228
543895,9.74,0.1046,2.5,0.2160000056028366,-0.8600000143051147,1.9471078453151025,0.30144694
543895,9.74,0.1046,2.5,0.296999990940094,-0.8600000143051147,2.235578924043527,0.37257424
543895,9.74,0.1046,2.5,0.296999990940094,-0.8600000143051147,2.235578924043527,0.41945228
543895,9.74,0.1046,2.5,0.296999990940094,-0.8600000143051147,2.235578924043527,0.30144694
543895,9.74,0.1046,2.5,0.2669999897480011,-0.7599999904632568,1.5114368506909526,0.37257424
543895,9.74,0.1046,2.5,0.2669999897480011,-0.7599999904632568,1.5114368506909526,0.41945228
543895,9.74,0.1046,2.5,0.2669999897480011,-0.7599999904632568,1.5114368506909526,0.30144694
543895,9.74,0.1046,2.5,0.2160000056028366,-0.8600000143051147,1.9471078453151025,0.37257424
543895,9.74,0.1046,2.5,0.2160000056028366,-0.8600000143051147,1.9471078453151025,0.41945228
543895,9.74,0.1046,2.5,0.2160000056028366,-0.8600000143051147,1.9471078453151025,0.30144694
543895,9.74,0.1046,2.5,0.296999990940094,-0.8600000143051147,2.235578924043527,0.37257424
543895,9.74,0.1046,2.5,0.296999990940094,-0.8600000143051147,2.235578924043527,0.41945228
543895,9.74,0.1046,2.5,0.296999990940094,-0.8600000143051147,2.235578924043527,0.30144694
289200,8.31,0.1012,3.0,-0.0160000007599592,-0.9210000038146972,1.5114368506909526,0.0032045164
289200,8.31,0.1012,3.0,-0.0160000007599592,-0.9210000038146972,1.5114368506909526,0.0032045164
511864,10.02,0.2798,-9.0,0.1959999948740005,-0.800000011920929,2.184690934959677,0.20026949
511864,10.02,0.2798,-9.0,0.1959999948740005,-0.800000011920929,2.184690934959677,0.20026949
396781,11.32,0.4894,1.5,0.1049999967217445,0.2469999939203262,2.9470669811950616,0.79438275
396781,11.32,0.4894,1.5,0.1049999967217445,0.2469999939203262,2.9470669811950616,0.79438275
227572,10.11,0.6694,3.0,0.2060000002384185,-0.7400000095367432,1.0700153468094975,0.86204106
227572,10.11,0.6694,3.0,0.2060000002384185,-0.7400000095367432,1.0700153468094975,0.86204106
568817,10.97,0.0113,-9.0,0.0750000029802322,-0.1759999990463256,2.235578924043527,1.7821643
568817,10.97,0.0113,-9.0,0.0750000029802322,-0.1759999990463256,2.235578924043527,1.7821643
63305,10.74,0.5146,1.5,0.3580000102519989,0.0460000000894069,9.536521816614703,0.006814813
63305,10.74,0.5146,1.5,0.3580000102519989,0.0460000000894069,9.536521816614703,0.006814813
545903,10.75,0.5688,1.0,0.1150000020861625,0.1669999957084655,3.085957969027533,0.6251604
545903,10.75,0.5688,1.0,0.1150000020861625,0.1669999957084655,3.085957969027533,0.8980331
545903,10.75,0.5688,1.0,0.1150000020861625,0.1669999957084655,3.085957969027533,0.72509384
545903,10.75,0.5688,1.0,0.135000005364418,0.1459999978542328,3.015712989638904,0.6251604
545903,10.75,0.5688,1.0,0.135000005364418,0.1459999978542328,3.015712989638904,0.8980331
545903,10.75,0.5688,1.0,0.135000005364418,0.1459999978542328,3.015712989638904,0.72509384
545903,10.75,0.5688,1.0,0.1049999967217445,0.1059999987483024,3.015712989638904,0.6251604
545903,10.75,0.5688,1.0,0.1049999967217445,0.1059999987483024,3.015712989638904,0.8980331
545903,10.75,0.5688,1.0,0.1049999967217445,0.1059999987483024,3.015712989638904,0.72509384
545903,10.75,0.5688,1.0,0.1150000020861625,0.1669999957084655,3.085957969027533,0.6251604
545903,10.75,0.5688,1.0,0.1150000020861625,0.1669999957084655,3.085957969027533,0.8980331
545903,10.75,0.5688,1.0,0.1150000020861625,0.1669999957084655,3.085957969027533,0.72509384
545903,10.75,0.5688,1.0,0.135000005364418,0.1459999978542328,3.015712989638904,0.6251604
545903,10.75,0.5688,1.0,0.135000005364418,0.1459999978542328,3.015712989638904,0.8980331
545903,10.75,0.5688,1.0,0.135000005364418,0.1459999978542328,3.015712989638904,0.72509384
545903,10.75,0.5688,1.0,0.1049999967217445,0.1059999987483024,3.015712989638904,0.6251604
545903,10.75,0.5688,1.0,0.1049999967217445,0.1059999987483024,3.015712989638904,0.8980331
545903,10.75,0.5688,1.0,0.1049999967217445,0.1059999987483024,3.015712989638904,0.72509384
252008,9.04,0.6433,-9.0,-0.06700000166893,-1.121999979019165,3.625684472456604,0.0029649413
252008,9.04,0.6433,-9.0,-0.06700000166893,-1.121999979019165,3.625684472456604,0.0029649413
512170,10.55,0.6813,2.0,0.2060000002384185,-0.2560000121593475,4.259807821671483,0.70777565
512170,10.55,0.6813,2.0,0.2060000002384185,-0.2560000121593475,4.259807821671483,0.70777565
559490,10.29,0.0758,0.0,0.2060000002384185,-0.3970000147819519,6.157295641178537,0.009592549
559490,10.29,0.0758,0.0,0.2060000002384185,-0.3970000147819519,6.157295641178537,0.009592549
585561,9.63,0.1152,-9.0,0.1459999978542328,-0.5789999961853027,2.184690934959677,0.016379027
585561,9.63,0.1152,-9.0,0.1459999978542328,-0.5789999961853027,2.184690934959677,0.016379027
600977,10.62,0.3043,2.0,0.0649999976158142,0.1260000020265579,1.5466427375869445,0.45793536
600977,10.62,0.3043,2.0,0.0649999976158142,0.1260000020265579,1.5466427375869445,0.45793536
40164,10.45,0.3881,2.0,0.3079999983310699,-0.1560000032186508,1.3784467908321083,0.36191887
40164,10.45,0.3881,2.0,0.3079999983310699,-0.1560000032186508,1.3784467908321083,0.36191887
371889,10.96,0.7229,1.5,0.2870000004768371,-0.0350000001490116,5.487695516567193,0.02300649
371889,10.96,0.7229,1.5,0.2870000004768371,-0.0350000001490116,5.487695516567193,0.02300649
49670,8.75,0.5479,3.0,-99.0,-0.8600000143051147,2.4512635459709684,0.044756066
49670,8.75,0.5479,3.0,-99.0,-0.8600000143051147,2.4512635459709684,0.049879823
49670,8.75,0.5479,3.0,-99.0,-0.8600000143051147,2.4512635459709684,0.039507642
49670,8.75,0.5479,3.0,-99.0,-99.0,-99.0,0.044756066
49670,8.75,0.5479,3.0,-99.0,-99.0,-99.0,0.049879823
49670,8.75,0.5479,3.0,-99.0,-99.0,-99.0,0.039507642
49670,8.75,0.5479,3.0,-99.0,-1.444000005722046,3.1578391641788226,0.044756066
49670,8.75,0.5479,3.0,-99.0,-1.444000005722046,3.1578391641788226,0.049879823
49670,8.75,0.5479,3.0,-99.0,-1.444000005722046,3.1578391641788226,0.039507642
49670,8.75,0.5479,3.0,-99.0,-0.8600000143051147,2.4512635459709684,0.044756066
49670,8.75,0.5479,3.0,-99.0,-0.8600000143051147,2.4512635459709684,0.049879823
49670,8.75,0.5479,3.0,-99.0,-0.8600000143051147,2.4512635459709684,0.039507642
49670,8.75,0.5479,3.0,-99.0,-99.0,-99.0,0.044756066
49670,8.75,0.5479,3.0,-99.0,-99.0,-99.0,0.049879823
49670,8.75,0.5479,3.0,-99.0,-99.0,-99.0,0.039507642
49670,8.75,0.5479,3.0,-99.0,-1.444000005722046,3.1578391641788226,0.044756066
49670,8.75,0.5479,3.0,-99.0,-1.444000005722046,3.1578391641788226,0.049879823
49670,8.75,0.5479,3.0,-99.0,-1.444000005722046,3.1578391641788226,0.039507642
31939,10.53,0.8461,2.5,0.2669999897480011,-0.2160000056028366,3.710137512885986,0.25336525
31939,10.53,0.8461,2.5,0.2669999897480011,-0.2160000056028366,3.710137512885986,0.25336525
346752,10.12,0.7374,2.0,0.1459999978542328,-0.3970000147819519,2.086363645634731,0.6538311
346752,10.12,0.7374,2.0,0.1459999978542328,-0.3970000147819519,2.086363645634731,0.6538311
23593,8.51,0.3895,3.0,-0.2090000063180923,-1.5049999952316284,5.3627803160617855,0.021742513
23593,8.51,0.3895,3.0,-0.2090000063180923,-1.5049999952316284,5.3627803160617855,0.021742513
230793,9.73,0.5543,1.0,0.2269999980926513,-0.1759999990463256,6.59766114757817,
230793,9.73,0.5543,1.0,0.2269999980926513,-0.1759999990463256,6.59766114757817,
570214,9.34,0.1752,-9.0,-99.0,0.0260000005364418,4.7795829876952505,6.9107096e-05
570214,9.34,0.1752,-9.0,-99.0,0.0260000005364418,4.7795829876952505,6.9107096e-05
570174,9.81,0.2919,3.0,-99.0,-99.0,-99.0,0.1798206
570174,9.81,0.2919,3.0,-99.0,-99.0,-99.0,0.1798206
230683,9.94,0.0299,0.0,0.135000005364418,-0.1759999990463256,6.447480044667415,9.7079566e-05
230683,9.94,0.0299,0.0,0.135000005364418,-0.1759999990463256,6.447480044667415,9.7079566e-05
418831,10.33,0.1106,3.0,0.0540000014007091,-0.7599999904632568,1.775783460322303,1.1176101
418831,10.33,0.1106,3.0,0.0540000014007091,-0.7599999904632568,1.775783460322303,1.1176101
289089,10.59,0.1296,1.0,0.135000005364418,0.1669999957084655,13.164064654697052,0.0051795575
289089,10.59,0.1296,1.0,0.135000005364418,0.1669999957084655,13.164064654697052,0.0051795575
377666,10.98,0.5604,1.5,0.328000009059906,0.0659999996423721,9.758655945674352,0.053099256
377666,10.98,0.5604,1.5,0.328000009059906,0.0659999996423721,9.758655945674352,0.053099256
230797,8.94,0.0549,0.0,0.2870000004768371,-0.1560000032186508,8.1168964702676,
230797,8.94,0.0549,0.0,0.2870000004768371,-0.1560000032186508,8.1168964702676,
517273,9.16,0.3965,3.0,-0.3000000119209289,-1.7869999408721924,1.5826686749346417,0.077004254
517273,9.16,0.3965,3.0,-0.3000000119209289,-1.7869999408721924,1.5826686749346417,0.077004254
210070,9.82,0.0132,-9.0,0.0850000008940696,-1.0010000467300415,4.162842757456065,0.23624769
210070,9.82,0.0132,-9.0,0.0850000008940696,-1.0010000467300415,4.162842757456065,0.23624769
272443,11.01,0.4775,2.0,0.0540000014007091,0.2070000022649765,3.306663538964836,0.34824198
272443,11.01,0.4775,2.0,0.0540000014007091,0.2070000022649765,3.306663538964836,0.34824198
375531,9.45,0.592,3.0,-0.1280000060796737,-2.007999897003174,1.8594735564600955,0.6366885
375531,9.45,0.592,3.0,-0.1280000060796737,-2.007999897003174,1.8594735564600955,0.6366885
595060,10.29,0.0821,2.0,0.0949999988079071,-0.0149999996647238,1.4434109866494478,0.28293866
595060,10.29,0.0821,2.0,0.0949999988079071,-0.0149999996647238,1.4434109866494478,0.28293866
143736,10.96,0.6303,1.5,0.1759999990463256,0.0860000029206276,3.884990906937478,0.04107401
143736,10.96,0.6303,1.5,0.1759999990463256,0.0860000029206276,3.884990906937478,0.04107401
144465,8.64,0.1837,5.0,0.0040000001899898,-1.162999987602234,1.2571584147142514,0.0024909272
144465,8.64,0.1837,5.0,0.0040000001899898,-1.162999987602234,1.2571584147142514,0.003121234
144465,8.64,0.1837,5.0,0.0040000001899898,-1.162999987602234,1.2571584147142514,0.0025762522
144465,8.64,0.1837,5.0,0.0040000001899898,-1.162999987602234,1.2571584147142514,0.0028369494
144465,8.64,0.1837,5.0,-0.2290000021457672,-1.0420000553131104,1.3164064654697047,0.0024909272
144465,8.64,0.1837,5.0,-0.2290000021457672,-1.0420000553131104,1.3164064654697047,0.003121234
144465,8.64,0.1837,5.0,-0.2290000021457672,-1.0420000553131104,1.3164064654697047,0.0025762522
144465,8.64,0.1837,5.0,-0.2290000021457672,-1.0420000553131104,1.3164064654697047,0.0028369494
144465,8.64,0.1837,5.0,0.0750000029802322,-1.0820000171661377,1.0700153468094975,0.0024909272
144465,8.64,0.1837,5.0,0.0750000029802322,-1.0820000171661377,1.0700153468094975,0.003121234
144465,8.64,0.1837,5.0,0.0750000029802322,-1.0820000171661377,1.0700153468094975,0.0025762522
144465,8.64,0.1837,5.0,0.0750000029802322,-1.0820000171661377,1.0700153468094975,0.0028369494
144465,8.64,0.1837,5.0,-0.06700000166893,-1.0820000171661377,1.2571584147142514,0.0024909272
144465,8.64,0.1837,5.0,-0.06700000166893,-1.0820000171661377,1.2571584147142514,0.003121234
144465,8.64,0.1837,5.0,-0.06700000166893,-1.0820000171661377,1.2571584147142514,0.0025762522
144465,8.64,0.1837,5.0,-0.06700000166893,-1.0820000171661377,1.2571584147142514,0.0028369494
144465,8.64,0.1837,5.0,0.0040000001899898,-1.162999987602234,1.2571584147142514,0.0024909272
144465,8.64,0.1837,5.0,0.0040000001899898,-1.162999987602234,1.2571584147142514,0.003121234
144465,8.64,0.1837,5.0,0.0040000001899898,-1.162999987602234,1.2571584147142514,0.0025762522
144465,8.64,0.1837,5.0,0.0040000001899898,-1.162999987602234,1.2571584147142514,0.0028369494
144465,8.64,0.1837,5.0,-0.2290000021457672,-1.0420000553131104,1.3164064654697047,0.0024909272
144465,8.64,0.1837,5.0,-0.2290000021457672,-1.0420000553131104,1.3164064654697047,0.003121234
144465,8.64,0.1837,5.0,-0.2290000021457672,-1.0420000553131104,1.3164064654697047,0.0025762522
144465,8.64,0.1837,5.0,-0.2290000021457672,-1.0420000553131104,1.3164064654697047,0.0028369494
144465,8.64,0.1837,5.0,0.0750000029802322,-1.0820000171661377,1.0700153468094975,0.0024909272
144465,8.64,0.1837,5.0,0.0750000029802322,-1.0820000171661377,1.0700153468094975,0.003121234
144465,8.64,0.1837,5.0,0.0750000029802322,-1.0820000171661377,1.0700153468094975,0.0025762522
144465,8.64,0.1837,5.0,0.0750000029802322,-1.0820000171661377,1.0700153468094975,0.0028369494
144465,8.64,0.1837,5.0,-0.06700000166893,-1.0820000171661377,1.2571584147142514,0.0024909272
144465,8.64,0.1837,5.0,-0.06700000166893,-1.0820000171661377,1.2571584147142514,0.003121234
144465,8.64,0.1837,5.0,-0.06700000166893,-1.0820000171661377,1.2571584147142514,0.0025762522
144465,8.64,0.1837,5.0,-0.06700000166893,-1.0820000171661377,1.2571584147142514,0.0028369494
289113,10.52,0.4397,1.0,0.1459999978542328,-0.1560000032186508,5.880171687267607,0.028734151
289113,10.52,0.4397,1.0,0.1459999978542328,-0.1560000032186508,5.880171687267607,0.028734151
136624,10.28,0.5198,1.0,0.2160000056028366,-0.0949999988079071,6.908599337995359,
136624,10.28,0.5198,1.0,0.2160000056028366,-0.0949999988079071,6.908599337995359,
143918,9.98,0.5458,1.0,0.0649999976158142,-0.0549999997019767,1.4434109866494478,0.056635447
143918,9.98,0.5458,1.0,0.0649999976158142,-0.0549999997019767,1.4434109866494478,0.056635447
144498,9.86,0.4173,1.0,0.125,-0.4169999957084656,2.235578924043527,0.20550324
144498,9.86,0.4173,1.0,0.125,-0.4169999957084656,2.235578924043527,0.23669767
144498,9.86,0.4173,1.0,0.125,-0.4169999957084656,2.235578924043527,0.19561417
144498,9.86,0.4173,1.0,0.125,-0.4169999957084656,2.235578924043527,0.23636949
144498,9.86,0.4173,1.0,0.1459999978542328,-0.4379999935626983,2.086363645634731,0.20550324
144498,9.86,0.4173,1.0,0.1459999978542328,-0.4379999935626983,2.086363645634731,0.23669767
144498,9.86,0.4173,1.0,0.1459999978542328,-0.4379999935626983,2.086363645634731,0.19561417
144498,9.86,0.4173,1.0,0.1459999978542328,-0.4379999935626983,2.086363645634731,0.23636949
144498,9.86,0.4173,1.0,0.1459999978542328,-0.2759999930858612,2.0388722109633184,0.20550324
144498,9.86,0.4173,1.0,0.1459999978542328,-0.2759999930858612,2.0388722109633184,0.23669767
144498,9.86,0.4173,1.0,0.1459999978542328,-0.2759999930858612,2.0388722109633184,0.19561417
144498,9.86,0.4173,1.0,0.1459999978542328,-0.2759999930858612,2.0388722109633184,0.23636949
144498,9.86,0.4173,1.0,0.1150000020861625,-0.3569999933242798,2.184690934959677,0.20550324
144498,9.86,0.4173,1.0,0.1150000020861625,-0.3569999933242798,2.184690934959677,0.23669767
144498,9.86,0.4173,1.0,0.1150000020861625,-0.3569999933242798,2.184690934959677,0.19561417
144498,9.86,0.4173,1.0,0.1150000020861625,-0.3569999933242798,2.184690934959677,0.23636949
144498,9.86,0.4173,1.0,0.125,-0.4169999957084656,2.235578924043527,0.20550324
144498,9.86,0.4173,1.0,0.125,-0.4169999957084656,2.235578924043527,0.23669767
144498,9.86,0.4173,1.0,0.125,-0.4169999957084656,2.235578924043527,0.19561417
144498,9.86,0.4173,1.0,0.125,-0.4169999957084656,2.235578924043527,0.23636949
144498,9.86,0.4173,1.0,0.1459999978542328,-0.4379999935626983,2.086363645634731,0.20550324
144498,9.86,0.4173,1.0,0.1459999978542328,-0.4379999935626983,2.086363645634731,0.23669767
144498,9.86,0.4173,1.0,0.1459999978542328,-0.4379999935626983,2.086363645634731,0.19561417
144498,9.86,0.4173,1.0,0.1459999978542328,-0.4379999935626983,2.086363645634731,0.23636949
144498,9.86,0.4173,1.0,0.1459999978542328,-0.2759999930858612,2.0388722109633184,0.20550324
144498,9.86,0.4173,1.0,0.1459999978542328,-0.2759999930858612,2.0388722109633184,0.23669767
144498,9.86,0.4173,1.0,0.1459999978542328,-0.2759999930858612,2.0388722109633184,0.19561417
144498,9.86,0.4173,1.0,0.1459999978542328,-0.2759999930858612,2.0388722109633184,0.23636949
144498,9.86,0.4173,1.0,0.1150000020861625,-0.3569999933242798,2.184690934959677,0.20550324
144498,9.86,0.4173,1.0,0.1150000020861625,-0.3569999933242798,2.184690934959677,0.23669767
144498,9.86,0.4173,1.0,0.1150000020861625,-0.3569999933242798,2.184690934959677,0.19561417
144498,9.86,0.4173,1.0,0.1150000020861625,-0.3569999933242798,2.184690934959677,0.23636949
372129,8.61,0.5011,3.0,0.1560000032186508,-1.3040000200271606,2.750362934937096,0.036112204
372129,8.61,0.5011,3.0,0.1560000032186508,-1.3040000200271606,2.750362934937096,0.036112204
230787,9.34,0.1909,0.0,0.135000005364418,-0.7599999904632568,9.985964243287482,0.00023134884
230787,9.34,0.1909,0.0,0.135000005364418,-0.7599999904632568,9.985964243287482,0.00023134884
463148,10.02,0.1325,0.5,0.2469999939203262,-0.4779999852180481,4.89091377733286,0.17080095
463148,10.02,0.1325,0.5,0.2469999939203262,-0.4779999852180481,4.89091377733286,0.17080095
599329,8.4,0.3299,3.0,-0.3000000119209289,-1.888000011444092,3.710137512885986,0.01553962
599329,8.4,0.3299,3.0,-0.3000000119209289,-1.888000011444092,3.710137512885986,0.01553962
14697,10.91,0.5266,2.0,0.0949999988079071,0.0460000000894069,1.4434109866494478,2.302467
14697,10.91,0.5266,2.0,0.0949999988079071,0.0460000000894069,1.4434109866494478,2.302467
230796,9.48,0.073,-9.0,0.2160000056028366,-0.0949999988079071,8.499434015590785,2.944497e-05
230796,9.48,0.073,-9.0,0.2160000056028366,-0.0949999988079071,8.499434015590785,2.944497e-05
509080,10.11,0.6633,1.0,0.1659999936819076,-0.0350000001490116,5.3627803160617855,0.0016440387
509080,10.11,0.6633,1.0,0.1659999936819076,-0.0350000001490116,5.3627803160617855,0.0016440387
496978,8.85,0.8216,3.0,-0.0160000007599592,-0.9810000061988832,1.8594735564600955,0.04986949
496978,8.85,0.8216,3.0,-0.0160000007599592,-0.9810000061988832,1.8594735564600955,0.034746908
496978,8.85,0.8216,3.0,-0.0160000007599592,-0.9810000061988832,1.8594735564600955,0.03568293
496978,8.85,0.8216,3.0,0.0540000014007091,-1.0010000467300415,1.7353616937846603,0.04986949
496978,8.85,0.8216,3.0,0.0540000014007091,-1.0010000467300415,1.7353616937846603,0.034746908
496978,8.85,0.8216,3.0,0.0540000014007091,-1.0010000467300415,1.7353616937846603,0.03568293
496978,8.85,0.8216,3.0,-0.0370000004768371,-0.9810000061988832,2.0388722109633184,0.04986949
496978,8.85,0.8216,3.0,-0.0370000004768371,-0.9810000061988832,2.0388722109633184,0.034746908
496978,8.85,0.8216,3.0,-0.0370000004768371,-0.9810000061988832,2.0388722109633184,0.03568293
496978,8.85,0.8216,3.0,-0.0160000007599592,-0.9810000061988832,1.8594735564600955,0.04986949
496978,8.85,0.8216,3.0,-0.0160000007599592,-0.9810000061988832,1.8594735564600955,0.034746908
496978,8.85,0.8216,3.0,-0.0160000007599592,-0.9810000061988832,1.8594735564600955,0.03568293
496978,8.85,0.8216,3.0,0.0540000014007091,-1.0010000467300415,1.7353616937846603,0.04986949
496978,8.85,0.8216,3.0,0.0540000014007091,-1.0010000467300415,1.7353616937846603,0.034746908
496978,8.85,0.8216,3.0,0.0540000014007091,-1.0010000467300415,1.7353616937846603,0.03568293
496978,8.85,0.8216,3.0,-0.0370000004768371,-0.9810000061988832,2.0388722109633184,0.04986949
496978,8.85,0.8216,3.0,-0.0370000004768371,-0.9810000061988832,2.0388722109633184,0.034746908
496978,8.85,0.8216,3.0,-0.0370000004768371,-0.9810000061988832,2.0388722109633184,0.03568293
198503,8.58,0.4562,3.0,-0.1480000019073486,-1.5850000381469729,3.015712989638904,0.015526892
198503,8.58,0.4562,3.0,-0.1480000019073486,-1.5850000381469729,3.015712989638904,0.015526892
345820,10.26,0.2758,1.5,0.125,0.1459999978542328,1.5826686749346417,0.04045814
345820,10.26,0.2758,1.5,0.125,0.1459999978542328,1.5826686749346417,0.04045814
600882,10.28,0.3613,0.5,0.2770000100135803,-0.0750000029802322,5.487695516567193,0.0028702258
600882,10.28,0.3613,0.5,0.2770000100135803,-0.0750000029802322,5.487695516567193,0.0028702258
289170,9.7,0.5133,1.0,0.0949999988079071,-0.1560000032186508,5.7463226384084365,0.0005214322
289170,9.7,0.5133,1.0,0.0949999988079071,-0.1560000032186508,5.7463226384084365,0.0005214322
204983,10.52,0.4167,1.0,0.1759999990463256,-0.1959999948740005,4.460566379282725,0.20399265
204983,10.52,0.4167,1.0,0.1759999990463256,-0.1959999948740005,4.460566379282725,0.20399265
376121,11.02,0.4167,2.0,0.135000005364418,-0.0149999996647238,3.1578391641788226,0.6171583
376121,11.02,0.4167,2.0,0.135000005364418,-0.0149999996647238,3.1578391641788226,0.6171583
537426,10.63,0.4002,2.0,0.0649999976158142,0.0659999996423721,1.4105549412903913,0.94773
537426,10.63,0.4002,2.0,0.0649999976158142,0.0659999996423721,1.4105549412903913,0.94773
9032,10.3,0.2277,0.5,-0.06700000166893,-0.6389999985694885,5.121415442300698,0.020590723
9032,10.3,0.2277,0.5,-0.06700000166893,-0.6389999985694885,5.121415442300698,0.020590723
422292,10.42,0.5702,1.0,0.296999990940094,0.0659999996423721,16.95860038987291,0.00035300953
422292,10.42,0.5702,1.0,0.296999990940094,0.0659999996423721,16.95860038987291,0.00035300953
584731,8.84,0.1947,3.0,0.5,-1.0420000553131104,5.3627803160617855,0.0162671
584731,8.84,0.1947,3.0,0.5,-1.0420000553131104,5.3627803160617855,0.0162671
136881,9.55,0.516,1.5,0.1150000020861625,-0.2560000121593475,6.908599337995359,0.00032203543
136881,9.55,0.516,1.5,0.1150000020861625,-0.2560000121593475,6.908599337995359,0.00032203543
511890,10.55,0.6191,1.5,0.1959999948740005,0.0049999998882412,5.7463226384084365,0.009834193
511890,10.55,0.6191,1.5,0.1959999948740005,0.0049999998882412,5.7463226384084365,0.009834193
618931,10.18,0.1829,0.0,0.296999990940094,-0.2160000056028366,16.19533764162886,0.0005236481
618931,10.18,0.1829,0.0,0.296999990940094,-0.2160000056028366,16.19533764162886,0.0005236481
63780,10.32,0.0502,1.5,0.1459999978542328,0.0260000005364418,3.884990906937478,0.01673434
63780,10.32,0.0502,1.5,0.1459999978542328,0.0260000005364418,3.884990906937478,0.01673434
288364,10.07,0.6216,3.0,-0.3000000119209289,-1.807000041007996,3.975483970143573,0.53217083
288364,10.07,0.6216,3.0,-0.3000000119209289,-1.807000041007996,3.975483970143573,0.53217083
205086,10.38,0.3137,0.0,0.4490000009536743,-0.0949999988079071,16.19533764162886,8.8838766e-05
205086,10.38,0.3137,0.0,0.4490000009536743,-0.0949999988079071,16.19533764162886,8.8838766e-05
273951,8.72,0.4451,3.0,-0.2290000021457672,-2.007999897003174,3.1578391641788226,0.42248684
273951,8.72,0.4451,3.0,-0.2290000021457672,-2.007999897003174,3.1578391641788226,0.42248684
324351,10.45,0.7716,1.5,0.2770000100135803,-0.2759999930858612,5.7463226384084365,0.043152187
324351,10.45,0.7716,1.5,0.2770000100135803,-0.2759999930858612,5.7463226384084365,0.043152187
619094,9.63,0.5263,3.0,-0.270000010728836,-1.72599995136261,2.626576211733084,2.1626773
619094,9.63,0.5263,3.0,-0.270000010728836,-1.72599995136261,2.626576211733084,2.1626773
486276,10.37,0.5481,2.0,0.2060000002384185,0.0860000029206276,2.8144271175498585,0.4861192
486276,10.37,0.5481,2.0,0.2060000002384185,0.0860000029206276,2.8144271175498585,0.4861192
375615,10.7,0.1404,0.5,-0.0469999983906745,0.0659999996423721,1.3164064654697047,0.5540747
375615,10.7,0.1404,0.5,-0.0469999983906745,0.0659999996423721,1.3164064654697047,0.5540747
230634,10.54,0.5606,2.0,0.0850000008940696,-0.2560000121593475,8.1168964702676,
230634,10.54,0.5606,2.0,0.0850000008940696,-0.2560000121593475,8.1168964702676,
536463,11.05,0.5249,1.0,0.1560000032186508,0.1260000020265579,4.259807821671483,0.057922192
536463,11.05,0.5249,1.0,0.1560000032186508,0.1260000020265579,4.259807821671483,0.057922192
144338,8.7,0.47,3.0,-0.0769999995827674,-1.2829999923706057,3.306663538964836,0.05071391
144338,8.7,0.47,3.0,-0.0769999995827674,-1.2829999923706057,3.306663538964836,0.05071391
250277,10.01,0.2895,3.0,-0.2189999967813491,-1.2829999923706057,1.6958600389872902,0.80726075
250277,10.01,0.2895,3.0,-0.2189999967813491,-1.2829999923706057,1.6958600389872902,0.80726075
376587,10.03,0.7152,2.5,0.2569999992847442,-0.5180000066757202,2.626576211733084,0.35388407
376587,10.03,0.7152,2.5,0.2569999992847442,-0.5180000066757202,2.626576211733084,0.35388407
185569,8.24,0.4387,3.0,-0.2899999916553497,-1.1419999599456787,2.134961297927347,0.0028788096
185569,8.24,0.4387,3.0,-0.2899999916553497,-1.1419999599456787,2.134961297927347,0.0028788096
373284,10.04,0.7016,2.0,0.2060000002384185,-0.0949999988079071,2.626576211733084,0.13179138
373284,10.04,0.7016,2.0,0.2060000002384185,-0.0949999988079071,2.626576211733084,0.13179138
198817,10.09,0.1964,2.0,0.2669999897480011,-0.6389999985694885,2.086363645634731,0.37896407
198817,10.09,0.1964,2.0,0.2669999897480011,-0.6389999985694885,2.086363645634731,0.37896407
289957,10.32,0.2775,1.5,-0.0370000004768371,0.2269999980926513,1.0949392060230196,0.5824245
289957,10.32,0.2775,1.5,-0.0370000004768371,0.2269999980926513,1.0949392060230196,0.5824245
585386,10.68,0.2606,2.0,0.0949999988079071,-0.1360000073909759,2.086363645634731,0.97262174
585386,10.68,0.2606,2.0,0.0949999988079071,-0.1360000073909759,2.086363645634731,0.97262174
214184,10.56,0.63,1.5,0.0540000014007091,-0.3370000123977661,2.235578924043527,1.325622
214184,10.56,0.63,1.5,0.0540000014007091,-0.3370000123977661,2.235578924043527,1.325622
220328,9.8,0.6185,1.0,0.1459999978542328,-0.2759999930858612,7.575128540001153,0.0005494482
220328,9.8,0.6185,1.0,0.1459999978542328,-0.2759999930858612,7.575128540001153,0.0005494482
382563,9.85,0.1319,0.5,0.0750000029802322,-0.1959999948740005,3.884990906937478,0.0101156365
382563,9.85,0.1319,0.5,0.0750000029802322,-0.1959999948740005,3.884990906937478,0.0101156365
386720,10.89,0.5229,2.0,0.135000005364418,-0.296999990940094,2.687757031157795,2.3469634
386720,10.89,0.5229,2.0,0.135000005364418,-0.296999990940094,2.687757031157795,2.3469634
570227,10.64,0.5744,2.0,-0.006000000052154,0.0659999996423721,1.5466427375869445,0.5643308
570227,10.64,0.5744,2.0,-0.006000000052154,0.0659999996423721,1.5466427375869445,0.5643308
619105,9.68,0.5526,3.0,-0.0970000028610229,-1.062000036239624,1.775783460322303,0.31910726
619105,9.68,0.5526,3.0,-0.0970000028610229,-1.062000036239624,1.775783460322303,0.31910726
508312,10.19,0.6444,1.5,0.1150000020861625,-0.2160000056028366,3.796557717334176,0.016392043
508312,10.19,0.6444,1.5,0.1150000020861625,-0.2160000056028366,3.796557717334176,0.016392043
386722,10.29,0.3825,0.5,0.1459999978542328,-0.31700000166893,2.184690934959677,0.6217324
386722,10.29,0.3825,0.5,0.1459999978542328,-0.31700000166893,2.184690934959677,0.6217324
325378,11.01,0.399,2.0,0.1959999948740005,-0.3770000040531158,1.0218567231322258,2.626453
325378,11.01,0.399,2.0,0.1959999948740005,-0.3770000040531158,1.0218567231322258,2.626453
23565,10.31,0.4506,2.0,0.1560000032186508,-0.2360000014305114,2.134961297927347,0.23713405
23565,10.31,0.4506,2.0,0.1560000032186508,-0.2360000014305114,2.134961297927347,0.23713405
561856,10.02,0.2617,2.0,0.1150000020861625,-0.1560000032186508,2.086363645634731,0.22568516
561856,10.02,0.2617,2.0,0.1150000020861625,-0.1560000032186508,2.086363645634731,0.23420766
561856,10.02,0.2617,2.0,0.1150000020861625,-0.1560000032186508,2.086363645634731,0.21016817
561856,10.02,0.2617,2.0,0.1150000020861625,-0.1560000032186508,2.086363645634731,0.20843442
561856,10.02,0.2617,2.0,0.2469999939203262,-0.0949999988079071,1.4105549412903913,0.22568516
561856,10.02,0.2617,2.0,0.2469999939203262,-0.0949999988079071,1.4105549412903913,0.23420766
561856,10.02,0.2617,2.0,0.2469999939203262,-0.0949999988079071,1.4105549412903913,0.21016817
561856,10.02,0.2617,2.0,0.2469999939203262,-0.0949999988079071,1.4105549412903913,0.20843442
561856,10.02,0.2617,2.0,0.0750000029802322,-0.1560000032186508,2.0388722109633184,0.22568516
561856,10.02,0.2617,2.0,0.0750000029802322,-0.1560000032186508,2.0388722109633184,0.23420766
561856,10.02,0.2617,2.0,0.0750000029802322,-0.1560000032186508,2.0388722109633184,0.21016817
561856,10.02,0.2617,2.0,0.0750000029802322,-0.1560000032186508,2.0388722109633184,0.20843442
561856,10.02,0.2617,2.0,0.0850000008940696,-0.1959999948740005,2.134961297927347,0.22568516
561856,10.02,0.2617,2.0,0.0850000008940696,-0.1959999948740005,2.134961297927347,0.23420766
561856,10.02,0.2617,2.0,0.0850000008940696,-0.1959999948740005,2.134961297927347,0.21016817
561856,10.02,0.2617,2.0,0.0850000008940696,-0.1959999948740005,2.134961297927347,0.20843442
561856,10.02,0.2617,2.0,0.1150000020861625,-0.1560000032186508,2.086363645634731,0.22568516
561856,10.02,0.2617,2.0,0.1150000020861625,-0.1560000032186508,2.086363645634731,0.23420766
561856,10.02,0.2617,2.0,0.1150000020861625,-0.1560000032186508,2.086363645634731,0.21016817
561856,10.02,0.2617,2.0,0.1150000020861625,-0.1560000032186508,2.086363645634731,0.20843442
561856,10.02,0.2617,2.0,0.2469999939203262,-0.0949999988079071,1.4105549412903913,0.22568516
561856,10.02,0.2617,2.0,0.2469999939203262,-0.0949999988079071,1.4105549412903913,0.23420766
561856,10.02,0.2617,2.0,0.2469999939203262,-0.0949999988079071,1.4105549412903913,0.21016817
561856,10.02,0.2617,2.0,0.2469999939203262,-0.0949999988079071,1.4105549412903913,0.20843442
561856,10.02,0.2617,2.0,0.0750000029802322,-0.1560000032186508,2.0388722109633184,0.22568516
561856,10.02,0.2617,2.0,0.0750000029802322,-0.1560000032186508,2.0388722109633184,0.23420766
561856,10.02,0.2617,2.0,0.0750000029802322,-0.1560000032186508,2.0388722109633184,0.21016817
561856,10.02,0.2617,2.0,0.0750000029802322,-0.1560000032186508,2.0388722109633184,0.20843442
561856,10.02,0.2617,2.0,0.0850000008940696,-0.1959999948740005,2.134961297927347,0.22568516
561856,10.02,0.2617,2.0,0.0850000008940696,-0.1959999948740005,2.134961297927347,0.23420766
561856,10.02,0.2617,2.0,0.0850000008940696,-0.1959999948740005,2.134961297927347,0.21016817
561856,10.02,0.2617,2.0,0.0850000008940696,-0.1959999948740005,2.134961297927347,0.20843442
618912,10.34,0.2709,0.5,0.1659999936819076,0.0460000000894069,10.218567231322265,0.0016693944
618912,10.34,0.2709,0.5,0.1659999936819076,0.0460000000894069,10.218567231322265,0.0016693944
382152,10.12,0.285,2.5,0.1860000044107437,-0.2560000121593475,2.184690934959677,0.21621165
382152,10.12,0.285,2.5,0.1860000044107437,-0.2560000121593475,2.184690934959677,0.21621165
387690,9.14,0.183,3.0,0.1459999978542328,-1.6059999465942385,4.7795829876952505,0.09421622
387690,9.14,0.183,3.0,0.1459999978542328,-1.6059999465942385,4.7795829876952505,0.09421622
39365,9.18,0.5468,2.0,0.0040000001899898,-0.8600000143051147,2.235578924043527,0.027661847
39365,9.18,0.5468,2.0,0.0040000001899898,-0.8600000143051147,2.235578924043527,0.027661847
297694,9.11,0.1365,3.0,-99.0,-99.0,-99.0,0.033156842
297694,9.11,0.1365,3.0,-99.0,-99.0,-99.0,0.033156842
594990,10.34,0.2571,1.5,-0.0160000007599592,-0.0750000029802322,2.4512635459709684,0.21448596
594990,10.34,0.2571,1.5,-0.0160000007599592,-0.0750000029802322,2.4512635459709684,0.21448596
56140,11.3,0.3537,1.0,0.135000005364418,0.2469999939203262,1.4434109866494478,1.8972816
56140,11.3,0.3537,1.0,0.135000005364418,0.2469999939203262,1.4434109866494478,2.1719925
56140,11.3,0.3537,1.0,0.135000005364418,0.2469999939203262,1.4434109866494478,1.655372
56140,11.3,0.3537,1.0,0.135000005364418,0.2469999939203262,1.4434109866494478,2.4347618
56140,11.3,0.3537,1.0,0.0850000008940696,0.1870000064373016,1.4770323476194291,1.8972816
56140,11.3,0.3537,1.0,0.0850000008940696,0.1870000064373016,1.4770323476194291,2.1719925
56140,11.3,0.3537,1.0,0.0850000008940696,0.1870000064373016,1.4770323476194291,1.655372
56140,11.3,0.3537,1.0,0.0850000008940696,0.1870000064373016,1.4770323476194291,2.4347618
56140,11.3,0.3537,1.0,0.1150000020861625,0.2469999939203262,1.4434109866494478,1.8972816
56140,11.3,0.3537,1.0,0.1150000020861625,0.2469999939203262,1.4434109866494478,2.1719925
56140,11.3,0.3537,1.0,0.1150000020861625,0.2469999939203262,1.4434109866494478,1.655372
56140,11.3,0.3537,1.0,0.1150000020861625,0.2469999939203262,1.4434109866494478,2.4347618
56140,11.3,0.3537,1.0,0.1150000020861625,0.2269999980926513,1.4434109866494478,1.8972816
56140,11.3,0.3537,1.0,0.1150000020861625,0.2269999980926513,1.4434109866494478,2.1719925
56140,11.3,0.3537,1.0,0.1150000020861625,0.2269999980926513,1.4434109866494478,1.655372
56140,11.3,0.3537,1.0,0.1150000020861625,0.2269999980926513,1.4434109866494478,2.4347618
56140,11.3,0.3537,1.0,0.135000005364418,0.2469999939203262,1.4434109866494478,1.8972816
56140,11.3,0.3537,1.0,0.135000005364418,0.2469999939203262,1.4434109866494478,2.1719925
56140,11.3,0.3537,1.0,0.135000005364418,0.2469999939203262,1.4434109866494478,1.655372
56140,11.3,0.3537,1.0,0.135000005364418,0.2469999939203262,1.4434109866494478,2.4347618
56140,11.3,0.3537,1.0,0.0850000008940696,0.1870000064373016,1.4770323476194291,1.8972816
56140,11.3,0.3537,1.0,0.0850000008940696,0.1870000064373016,1.4770323476194291,2.1719925
56140,11.3,0.3537,1.0,0.0850000008940696,0.1870000064373016,1.4770323476194291,1.655372
56140,11.3,0.3537,1.0,0.0850000008940696,0.1870000064373016,1.4770323476194291,2.4347618
56140,11.3,0.3537,1.0,0.1150000020861625,0.2469999939203262,1.4434109866494478,1.8972816
56140,11.3,0.3537,1.0,0.1150000020861625,0.2469999939203262,1.4434109866494478,2.1719925
56140,11.3,0.3537,1.0,0.1150000020861625,0.2469999939203262,1.4434109866494478,1.655372
56140,11.3,0.3537,1.0,0.1150000020861625,0.2469999939203262,1.4434109866494478,2.4347618
56140,11.3,0.3537,1.0,0.1150000020861625,0.2269999980926513,1.4434109866494478,1.8972816
56140,11.3,0.3537,1.0,0.1150000020861625,0.2269999980926513,1.4434109866494478,2.1719925
56140,11.3,0.3537,1.0,0.1150000020861625,0.2269999980926513,1.4434109866494478,1.655372
56140,11.3,0.3537,1.0,0.1150000020861625,0.2269999980926513,1.4434109866494478,2.4347618
91999,10.43,0.5478,-9.0,0.3680000007152557,0.1260000020265579,7.932133349390338,0.00052768487
91999,10.43,0.5478,-9.0,0.3680000007152557,0.1260000020265579,7.932133349390338,0.00052768487
70532,10.21,0.6304,1.5,0.0240000002086162,-0.2759999930858612,3.015712989638904,0.0122866705
70532,10.21,0.6304,1.5,0.0240000002086162,-0.2759999930858612,3.015712989638904,0.0122866705
601018,9.72,0.2605,1.5,0.0649999976158142,-0.5580000281333923,1.5114368506909526,0.06761328
601018,9.72,0.2605,1.5,0.0649999976158142,-0.5580000281333923,1.5114368506909526,0.06761328
106549,10.27,0.0423,0.5,0.0340000018477439,-0.5379999876022339,1.5826686749346417,0.10531036
106549,10.27,0.0423,0.5,0.0340000018477439,-0.5379999876022339,1.5826686749346417,0.10531036
203114,10.91,0.3024,2.0,0.2269999980926513,0.1459999978542328,4.259807821671483,0.20905244
203114,10.91,0.3024,2.0,0.2269999980926513,0.1459999978542328,4.259807821671483,0.20905244
202745,10.65,0.7879,1.5,0.125,0.0460000000894069,3.306663538964836,0.74820095
202745,10.65,0.7879,1.5,0.125,0.0460000000894069,3.306663538964836,0.74820095
228575,9.03,0.3436,-9.0,0.2469999939203262,-1.062000036239624,2.086363645634731,0.02821419
228575,9.03,0.3436,-9.0,0.2469999939203262,-1.062000036239624,2.086363645634731,0.02821419
7946,10.92,0.1931,2.0,0.1049999967217445,0.1870000064373016,3.2313946874539026,0.6396838
7946,10.92,0.1931,2.0,0.1049999967217445,0.1870000064373016,3.2313946874539026,0.6396838
210228,10.68,0.7254,1.5,0.2370000034570694,-0.0350000001490116,7.402697562813775,0.043940187
210228,10.68,0.7254,1.5,0.2370000034570694,-0.0350000001490116,7.402697562813775,0.043940187
271610,9.38,0.4975,1.5,0.0439999997615814,-0.5580000281333923,2.184690934959677,0.023566471
271610,9.38,0.4975,1.5,0.0439999997615814,-0.5580000281333923,2.184690934959677,0.023566471
288756,8.99,0.2012,-9.0,0.296999990940094,-0.6790000200271606,7.069521289046108,0.0006339015
288756,8.99,0.2012,-9.0,0.296999990940094,-0.6790000200271606,7.069521289046108,0.0006339015
177232,11.26,0.3215,1.0,0.296999990940094,-0.1360000073909759,9.536521816614703,
177232,11.26,0.3215,1.0,0.296999990940094,-0.1360000073909759,9.536521816614703,
198343,10.48,0.4251,1.0,0.3580000102519989,0.0460000000894069,9.536521816614703,0.0010486166
198343,10.48,0.4251,1.0,0.3580000102519989,0.0460000000894069,9.536521816614703,0.0010486166
422443,10.06,0.2971,1.5,0.1959999948740005,-0.1150000020861625,5.240708532664743,0.0015369817
422443,10.06,0.2971,1.5,0.1959999948740005,-0.1150000020861625,5.240708532664743,0.0015369817
137328,10.3,0.628,1.5,-0.006000000052154,-0.1150000020861625,3.4625017904490982,0.16519779
137328,10.3,0.628,1.5,-0.006000000052154,-0.1150000020861625,3.4625017904490982,0.16519779
209698,10.43,0.488,2.0,0.0949999988079071,-0.3569999933242798,1.8171467707558813,0.66858304
209698,10.43,0.488,2.0,0.0949999988079071,-0.3569999933242798,1.8171467707558813,0.66858304
143735,10.95,0.1249,0.5,0.0040000001899898,0.2469999939203262,1.5114368506909526,1.197214
143735,10.95,0.1249,0.5,0.0040000001899898,0.2469999939203262,1.5114368506909526,1.197214
567545,10.84,0.3671,2.0,0.3179999887943268,-0.0949999988079071,2.687757031157795,1.129643
567545,10.84,0.3671,2.0,0.3179999887943268,-0.0949999988079071,2.687757031157795,1.129643
91691,10.51,0.0964,0.5,0.1860000044107437,-0.2160000056028366,6.447480044667415,0.10194372
91691,10.51,0.0964,0.5,0.1860000044107437,-0.2160000056028366,6.447480044667415,0.10194372
618952,10.76,0.5591,1.5,0.1560000032186508,0.1870000064373016,3.1578391641788226,0.26391965
618952,10.76,0.5591,1.5,0.1560000032186508,0.1870000064373016,3.1578391641788226,0.26391965
534655,11.13,0.3975,0.5,0.328000009059906,-0.0149999996647238,5.7463226384084365,0.109262854
534655,11.13,0.3975,0.5,0.328000009059906,-0.0149999996647238,5.7463226384084365,0.109262854
227278,10.11,0.4252,1.0,0.3079999983310699,-0.1150000020861625,12.00576965506572,0.003350148
227278,10.11,0.4252,1.0,0.3079999983310699,-0.1150000020861625,12.00576965506572,0.003350148
560238,10.59,0.2859,1.5,0.2770000100135803,-0.2160000056028366,3.1578391641788226,0.31088307
560238,10.59,0.2859,1.5,0.2770000100135803,-0.2160000056028366,3.1578391641788226,0.31088307
419345,10.43,0.421,1.0,0.1659999936819076,-0.0949999988079071,5.7463226384084365,0.068370655
419345,10.43,0.421,1.0,0.1659999936819076,-0.0949999988079071,5.7463226384084365,0.068370655
396615,10.52,0.3677,1.5,0.1659999936819076,-0.1360000073909759,5.240708532664743,0.0031480805
396615,10.52,0.3677,1.5,0.1659999936819076,-0.1360000073909759,5.240708532664743,0.0031480805
537361,10.83,0.3879,2.0,0.2569999992847442,-0.1959999948740005,2.8144271175498585,0.81399727
537361,10.83,0.3879,2.0,0.2569999992847442,-0.1959999948740005,2.8144271175498585,0.81399727
214295,10.49,0.7779,1.5,0.1560000032186508,-0.1959999948740005,5.487695516567193,0.11822653
214295,10.49,0.7779,1.5,0.1560000032186508,-0.1959999948740005,5.487695516567193,0.11822653
521794,10.4,0.621,1.0,0.2160000056028366,-0.0949999988079071,3.543153817926126,0.019746462
521794,10.4,0.621,1.0,0.2160000056028366,-0.0949999988079071,3.543153817926126,0.019746462
41173,8.39,0.4098,3.0,-99.0,-1.968000054359436,1.8171467707558813,0.017161833
41173,8.39,0.4098,3.0,-99.0,-1.968000054359436,1.8171467707558813,0.017161833
185365,10.39,0.1623,0.5,0.0850000008940696,0.1260000020265579,1.5114368506909526,0.13480073
185365,10.39,0.1623,0.5,0.0850000008940696,0.1260000020265579,1.5114368506909526,0.13480073
228740,10.95,0.3884,2.0,0.0949999988079071,0.1669999957084655,3.543153817926126,0.1644912
228740,10.95,0.3884,2.0,0.0949999988079071,0.1669999957084655,3.543153817926126,0.1644912
91924,10.6,0.2902,2.0,-0.0570000000298023,0.0460000000894069,1.200576965506572,0.8694789
91924,10.6,0.2902,2.0,-0.0570000000298023,0.0460000000894069,1.200576965506572,0.8694789
49734,10.45,0.6444,1.0,0.3179999887943268,-0.1959999948740005,2.184690934959677,0.6380284
49734,10.45,0.6444,1.0,0.3179999887943268,-0.1959999948740005,2.184690934959677,0.6380284
179665,8.41,0.4494,3.0,-0.3000000119209289,-1.6059999465942385,1.200576965506572,0.0063697165
179665,8.41,0.4494,3.0,-0.3000000119209289,-1.6059999465942385,1.200576965506572,0.0063697165
298980,9.95,0.319,-9.0,0.2370000034570694,-0.9610000252723694,3.015712989638904,0.74684715
298980,9.95,0.319,-9.0,0.2370000034570694,-0.9610000252723694,3.015712989638904,0.74684715
560405,8.68,0.7018,3.0,-0.0970000028610229,-1.3040000200271606,1.3164064654697047,0.011658052
560405,8.68,0.7018,3.0,-0.0970000028610229,-1.3040000200271606,1.3164064654697047,0.011658052
325321,10.96,0.5489,1.0,0.125,0.1059999987483024,5.487695516567193,0.18476152
325321,10.96,0.5489,1.0,0.125,0.1059999987483024,5.487695516567193,0.18476152
220396,10.52,0.5319,1.5,0.2160000056028366,-0.0549999997019767,4.06808488757239,
220396,10.52,0.5319,1.5,0.2160000056028366,-0.0549999997019767,4.06808488757239,
184689,11.07,0.6072,1.5,0.1959999948740005,0.0860000029206276,4.06808488757239,0.038878363
184689,11.07,0.6072,1.5,0.1959999948740005,0.0860000029206276,4.06808488757239,0.038878363
551505,11.34,0.3483,0.5,0.2870000004768371,-0.0149999996647238,9.985964243287482,0.1003945
551505,11.34,0.3483,0.5,0.2870000004768371,-0.0149999996647238,9.985964243287482,0.1003945
518755,10.67,0.2564,2.0,0.125,-0.1560000032186508,3.2313946874539026,0.20455363
518755,10.67,0.2564,2.0,0.125,-0.1560000032186508,3.2313946874539026,0.20455363
422436,10.81,0.5823,1.5,0.1459999978542328,0.0659999996423721,5.7463226384084365,0.10182199
422436,10.81,0.5823,1.5,0.1459999978542328,0.0659999996423721,5.7463226384084365,0.10182199
54198,10.55,0.7118,2.0,0.0949999988079071,-0.1360000073909759,2.184690934959677,0.546334
54198,10.55,0.7118,2.0,0.0949999988079071,-0.1360000073909759,2.184690934959677,0.546334
601323,10.73,0.308,2.0,0.0540000014007091,-0.1959999948740005,2.134961297927347,1.097082
601323,10.73,0.308,2.0,0.0540000014007091,-0.1959999948740005,2.134961297927347,1.097082
486872,10.43,0.4233,2.0,0.0649999976158142,0.0659999996423721,2.287652246664289,0.47779077
486872,10.43,0.4233,2.0,0.0649999976158142,0.0659999996423721,2.287652246664289,0.47779077
521997,10.94,0.6371,2.0,0.0649999976158142,0.0659999996423721,1.2285419954965675,2.1685545
521997,10.94,0.6371,2.0,0.0649999976158142,0.0659999996423721,1.2285419954965675,2.1685545
457615,10.43,0.7107,1.5,0.1759999990463256,0.0460000000894069,8.1168964702676,0.0024019761
457615,10.43,0.7107,1.5,0.1759999990463256,0.0460000000894069,8.1168964702676,0.0024019761
601105,10.53,0.681,1.5,0.0240000002086162,0.1260000020265579,2.9470669811950616,0.005523951
601105,10.53,0.681,1.5,0.0240000002086162,0.1260000020265579,2.9470669811950616,0.005523951
610846,10.56,0.1573,2.0,0.2569999992847442,-0.0750000029802322,5.487695516567193,0.053634204
610846,10.56,0.1573,2.0,0.2569999992847442,-0.0750000029802322,5.487695516567193,0.053634204
319231,10.05,0.1545,0.0,0.0140000004321336,-0.0350000001490116,1.6958600389872902,0.1031118
319231,10.05,0.1545,0.0,0.0140000004321336,-0.0350000001490116,1.6958600389872902,0.100605026
319231,10.05,0.1545,0.0,0.0240000002086162,-0.0750000029802322,1.6958600389872902,0.1031118
319231,10.05,0.1545,0.0,0.0240000002086162,-0.0750000029802322,1.6958600389872902,0.100605026
319231,10.05,0.1545,0.0,0.0140000004321336,-0.0350000001490116,1.6958600389872902,0.1031118
319231,10.05,0.1545,0.0,0.0140000004321336,-0.0350000001490116,1.6958600389872902,0.100605026
319231,10.05,0.1545,0.0,0.0240000002086162,-0.0750000029802322,1.6958600389872902,0.1031118
319231,10.05,0.1545,0.0,0.0240000002086162,-0.0750000029802322,1.6958600389872902,0.100605026
218713,10.03,0.6181,1.5,0.2060000002384185,-0.5989999771118164,1.8594735564600955,0.15664847
218713,10.03,0.6181,1.5,0.2060000002384185,-0.5989999771118164,1.8594735564600955,0.15664847
106638,10.91,0.4917,2.0,0.3079999983310699,-0.0750000029802322,5.3627803160617855,0.06990899
106638,10.91,0.4917,2.0,0.3079999983310699,-0.0750000029802322,5.3627803160617855,0.06990899
620091,8.71,0.3764,-9.0,0.2269999980926513,-1.3040000200271606,2.508360808825364,0.020902779
620091,8.71,0.3764,-9.0,0.2269999980926513,-1.3040000200271606,2.508360808825364,0.018232895
620091,8.71,0.3764,-9.0,0.2269999980926513,-1.3040000200271606,2.508360808825364,0.019982137
620091,8.71,0.3764,-9.0,0.2370000034570694,-1.3040000200271606,2.8799835466736923,0.020902779
620091,8.71,0.3764,-9.0,0.2370000034570694,-1.3040000200271606,2.8799835466736923,0.018232895
620091,8.71,0.3764,-9.0,0.2370000034570694,-1.3040000200271606,2.8799835466736923,0.019982137
620091,8.71,0.3764,-9.0,0.2870000004768371,-1.6059999465942385,3.085957969027533,0.020902779
620091,8.71,0.3764,-9.0,0.2870000004768371,-1.6059999465942385,3.085957969027533,0.018232895
620091,8.71,0.3764,-9.0,0.2870000004768371,-1.6059999465942385,3.085957969027533,0.019982137
620091,8.71,0.3764,-9.0,0.2269999980926513,-1.3040000200271606,2.508360808825364,0.020902779
620091,8.71,0.3764,-9.0,0.2269999980926513,-1.3040000200271606,2.508360808825364,0.018232895
620091,8.71,0.3764,-9.0,0.2269999980926513,-1.3040000200271606,2.508360808825364,0.019982137
620091,8.71,0.3764,-9.0,0.2370000034570694,-1.3040000200271606,2.8799835466736923,0.020902779
620091,8.71,0.3764,-9.0,0.2370000034570694,-1.3040000200271606,2.8799835466736923,0.018232895
620091,8.71,0.3764,-9.0,0.2370000034570694,-1.3040000200271606,2.8799835466736923,0.019982137
620091,8.71,0.3764,-9.0,0.2870000004768371,-1.6059999465942385,3.085957969027533,0.020902779
620091,8.71,0.3764,-9.0,0.2870000004768371,-1.6059999465942385,3.085957969027533,0.018232895
620091,8.71,0.3764,-9.0,0.2870000004768371,-1.6059999465942385,3.085957969027533,0.019982137
559292,8.71,0.4747,3.0,0.5,-2.0280001163482666,3.015712989638904,0.21489672
559292,8.71,0.4747,3.0,0.5,-2.0280001163482666,3.015712989638904,0.21489672
23865,7.88,0.6165,3.0,-99.0,-1.8270000219345093,3.975483970143573,0.0013863937
23865,7.88,0.6165,3.0,-99.0,-1.8270000219345093,3.975483970143573,0.0013863937
423784,10.89,0.7745,1.5,0.2770000100135803,0.1260000020265579,3.625684472456604,0.14575016
423784,10.89,0.7745,1.5,0.2770000100135803,0.1260000020265579,3.625684472456604,0.14575016
487060,10.92,0.4944,1.5,0.0750000029802322,-0.0949999988079071,8.1168964702676,0.07975115
487060,10.92,0.4944,1.5,0.0750000029802322,-0.0949999988079071,8.1168964702676,0.08877363
487060,10.92,0.4944,1.5,-0.1180000007152557,-0.0149999996647238,6.157295641178537,0.07975115
487060,10.92,0.4944,1.5,-0.1180000007152557,-0.0149999996647238,6.157295641178537,0.08877363
487060,10.92,0.4944,1.5,0.0750000029802322,-0.0949999988079071,8.1168964702676,0.07975115
487060,10.92,0.4944,1.5,0.0750000029802322,-0.0949999988079071,8.1168964702676,0.08877363
487060,10.92,0.4944,1.5,-0.1180000007152557,-0.0149999996647238,6.157295641178537,0.07975115
487060,10.92,0.4944,1.5,-0.1180000007152557,-0.0149999996647238,6.157295641178537,0.08877363
508751,10.23,0.2656,0.5,0.1959999948740005,-0.0750000029802322,3.625684472456604,0.0037683172
508751,10.23,0.2656,0.5,0.1959999948740005,-0.0750000029802322,3.625684472456604,0.0037683172
302684,10.36,0.5646,1.0,-0.0970000028610229,-0.1959999948740005,1.4434109866494478,0.59262854
302684,10.36,0.5646,1.0,-0.0970000028610229,-0.1959999948740005,1.4434109866494478,0.59262854
78530,10.86,0.2189,0.5,0.3079999983310699,-0.0949999988079071,7.575128540001153,0.0036014959
78530,10.86,0.2189,0.5,0.3079999983310699,-0.0949999988079071,7.575128540001153,0.0036014959
610545,11.3,0.4434,2.0,0.2669999897480011,0.1459999978542328,4.359031492379173,0.0916584
610545,11.3,0.4434,2.0,0.2669999897480011,0.1459999978542328,4.359031492379173,0.0916584
592419,10.11,0.727,1.0,0.2770000100135803,-0.1150000020861625,8.1168964702676,0.005172845
592419,10.11,0.727,1.0,0.2770000100135803,-0.1150000020861625,8.1168964702676,0.005172845
47254,11.03,0.0529,0.0,0.2669999897480011,0.1870000064373016,12.00576965506572,0.011183867
47254,11.03,0.0529,0.0,0.2669999897480011,0.1870000064373016,12.00576965506572,0.011183867
240202,8.66,0.2089,3.0,-0.0570000000298023,-1.5049999952316284,2.9470669811950616,0.01458483
240202,8.66,0.2089,3.0,-0.0570000000298023,-1.5049999952316284,2.9470669811950616,0.01458483
536625,10.18,0.3124,2.5,0.0850000008940696,-0.1560000032186508,1.6958600389872902,0.25612527
536625,10.18,0.3124,2.5,0.0850000008940696,-0.1560000032186508,1.6958600389872902,0.25612527
372408,10.76,0.6561,1.0,0.2370000034570694,0.0860000029206276,7.751575950609121,0.052680567
372408,10.76,0.6561,1.0,0.2370000034570694,0.0860000029206276,7.751575950609121,0.052680567
585196,10.55,0.2273,0.5,0.1759999990463256,0.1059999987483024,5.487695516567193,0.010236642
585196,10.55,0.2273,0.5,0.1759999990463256,0.1059999987483024,5.487695516567193,0.010236642
53770,9.05,0.456,3.0,0.2269999980926513,-1.72599995136261,3.4625017904490982,0.4800548
53770,9.05,0.456,3.0,0.2269999980926513,-1.72599995136261,3.4625017904490982,0.4800548
599310,10.88,0.4616,2.0,0.1560000032186508,0.0860000029206276,3.543153817926126,0.34306654
599310,10.88,0.4616,2.0,0.1560000032186508,0.0860000029206276,3.543153817926126,0.34306654
65406,11.0,0.1509,2.0,0.0949999988079071,0.1260000020265579,3.306663538964836,0.72959125
65406,11.0,0.1509,2.0,0.0949999988079071,0.1260000020265579,3.306663538964836,0.72959125
78634,10.37,0.7382,1.0,0.1560000032186508,-0.0750000029802322,8.1168964702676,0.00016489437
78634,10.37,0.7382,1.0,0.1560000032186508,-0.0750000029802322,8.1168964702676,0.00016489437
601255,10.91,0.4625,2.0,0.1860000044107437,-0.1560000032186508,8.1168964702676,0.39375564
601255,10.91,0.4625,2.0,0.1860000044107437,-0.1560000032186508,8.1168964702676,0.39375564
84680,10.51,0.4169,1.0,0.2160000056028366,-0.0750000029802322,9.107307631298715,0.005443392
84680,10.51,0.4169,1.0,0.2160000056028366,-0.0750000029802322,9.107307631298715,0.005443392
184234,9.01,0.0505,3.0,0.4900000095367431,-1.2829999923706057,3.543153817926126,0.07783362
184234,9.01,0.0505,3.0,0.4900000095367431,-1.2829999923706057,3.543153817926126,0.07783362
518782,10.2,0.5145,2.0,-0.006000000052154,-0.0949999988079071,2.184690934959677,0.40597674
518782,10.2,0.5145,2.0,-0.006000000052154,-0.0949999988079071,2.184690934959677,0.40597674
376293,10.65,0.7605,2.0,0.0439999997615814,-0.7200000286102295,3.884990906937478,1.2176447
376293,10.65,0.7605,2.0,0.0439999997615814,-0.7200000286102295,3.884990906937478,1.2176447
388558,11.11,0.631,1.0,0.1659999936819076,0.2070000022649765,4.359031492379173,0.21017371
388558,11.11,0.631,1.0,0.1659999936819076,0.2070000022649765,4.359031492379173,0.21017371
618988,10.04,0.352,1.0,0.1959999948740005,-0.0549999997019767,5.004837794194108,
618988,10.04,0.352,1.0,0.1959999948740005,-0.0549999997019767,5.004837794194108,
504877,10.4,0.5658,1.0,0.2469999939203262,-0.0949999988079071,5.7463226384084365,0.004209629
504877,10.4,0.5658,1.0,0.2469999939203262,-0.0949999988079071,5.7463226384084365,0.004209629
593813,10.99,0.5244,1.0,0.2060000002384185,0.1260000020265579,4.359031492379173,0.00070002873
593813,10.99,0.5244,1.0,0.2060000002384185,0.1260000020265579,4.359031492379173,0.00070002873
418693,10.62,0.4791,1.5,0.2569999992847442,-0.1759999990463256,10.45658823896182,0.006862032
418693,10.62,0.4791,1.5,0.2569999992847442,-0.1759999990463256,10.45658823896182,0.006862032
186803,9.77,0.2023,2.5,0.2060000002384185,-1.121999979019165,2.508360808825364,0.42693678
186803,9.77,0.2023,2.5,0.2060000002384185,-1.121999979019165,2.508360808825364,0.42693678
85239,10.67,0.2214,1.5,0.2770000100135803,-0.1360000073909759,10.949392060230204,0.104250245
85239,10.67,0.2214,1.5,0.2770000100135803,-0.1360000073909759,10.949392060230204,0.104250245
79706,9.3,0.1104,0.0,-99.0,-0.1360000073909759,4.89091377733286,
79706,9.3,0.1104,0.0,-99.0,-0.1360000073909759,4.89091377733286,2.7220307e-05
79706,9.3,0.1104,0.0,-99.0,-0.1360000073909759,4.89091377733286,3.1175117e-05
79706,9.3,0.1104,0.0,-99.0,0.0659999996423721,4.06808488757239,
79706,9.3,0.1104,0.0,-99.0,0.0659999996423721,4.06808488757239,2.7220307e-05
79706,9.3,0.1104,0.0,-99.0,0.0659999996423721,4.06808488757239,3.1175117e-05
79706,9.3,0.1104,0.0,-99.0,-0.1360000073909759,5.240708532664743,
79706,9.3,0.1104,0.0,-99.0,-0.1360000073909759,5.240708532664743,2.7220307e-05
79706,9.3,0.1104,0.0,-99.0,-0.1360000073909759,5.240708532664743,3.1175117e-05
79706,9.3,0.1104,0.0,-99.0,-0.1360000073909759,4.89091377733286,
79706,9.3,0.1104,0.0,-99.0,-0.1360000073909759,4.89091377733286,2.7220307e-05
79706,9.3,0.1104,0.0,-99.0,-0.1360000073909759,4.89091377733286,3.1175117e-05
79706,9.3,0.1104,0.0,-99.0,0.0659999996423721,4.06808488757239,
79706,9.3,0.1104,0.0,-99.0,0.0659999996423721,4.06808488757239,2.7220307e-05
79706,9.3,0.1104,0.0,-99.0,0.0659999996423721,4.06808488757239,3.1175117e-05
79706,9.3,0.1104,0.0,-99.0,-0.1360000073909759,5.240708532664743,
79706,9.3,0.1104,0.0,-99.0,-0.1360000073909759,5.240708532664743,2.7220307e-05
79706,9.3,0.1104,0.0,-99.0,-0.1360000073909759,5.240708532664743,3.1175117e-05
221369,8.64,0.3437,3.0,-0.0869999974966049,-2.1689999103546143,2.508360808825364,0.2212861
221369,8.64,0.3437,3.0,-0.0869999974966049,-2.1689999103546143,2.508360808825364,0.2212861
388552,11.01,0.5676,1.0,0.135000005364418,0.0659999996423721,5.487695516567193,0.3848274
388552,11.01,0.5676,1.0,0.135000005364418,0.0659999996423721,5.487695516567193,0.3848274
287827,9.83,0.1066,1.5,0.0850000008940696,0.0460000000894069,2.750362934937096,0.027537435
287827,9.83,0.1066,1.5,0.0850000008940696,0.0460000000894069,2.750362934937096,0.027537435
319299,11.18,0.4785,1.5,0.125,0.1260000020265579,2.3409385127868907,1.1583477
319299,11.18,0.4785,1.5,0.125,0.1260000020265579,2.3409385127868907,1.1583477
550328,10.41,0.6291,2.0,0.2269999980926513,-0.0750000029802322,2.134961297927347,0.4785363
550328,10.41,0.6291,2.0,0.2269999980926513,-0.0750000029802322,2.134961297927347,0.4785363
271481,11.18,0.4015,1.5,-0.06700000166893,0.1459999978542328,3.4625017904490982,0.0813087
271481,11.18,0.4015,1.5,-0.06700000166893,0.1459999978542328,3.4625017904490982,0.0813087
137841,8.9,0.3017,1.0,0.2370000034570694,-1.2230000495910645,1.2571584147142514,0.033354465
137841,8.9,0.3017,1.0,0.2370000034570694,-1.2230000495910645,1.2571584147142514,0.033354465
107826,9.16,0.1516,-9.0,0.1959999948740005,-0.9409999847412108,3.884990906937478,0.040050965
107826,9.16,0.1516,-9.0,0.1959999948740005,-0.9409999847412108,3.884990906937478,0.040050965
145267,9.12,0.4732,-9.0,0.0850000008940696,-1.1829999685287476,6.01713848098864,0.07060813
145267,9.12,0.4732,-9.0,0.0850000008940696,-1.1829999685287476,6.01713848098864,0.07060813
228564,10.65,0.4104,2.0,0.3179999887943268,0.0049999998882412,9.758655945674352,0.017437724
228564,10.65,0.4104,2.0,0.3179999887943268,0.0049999998882412,9.758655945674352,0.017437724
521736,9.87,0.3344,2.5,-0.3000000119209289,-2.007999897003174,3.015712989638904,0.9052449
521736,9.87,0.3344,2.5,-0.3000000119209289,-2.007999897003174,3.015712989638904,0.9052449
618941,10.56,0.4815,1.0,0.2060000002384185,0.0460000000894069,5.7463226384084365,0.06877846
618941,10.56,0.4815,1.0,0.2060000002384185,0.0460000000894069,5.7463226384084365,0.014624986
618941,10.56,0.4815,1.0,0.1659999936819076,0.0260000005364418,5.7463226384084365,0.06877846
618941,10.56,0.4815,1.0,0.1659999936819076,0.0260000005364418,5.7463226384084365,0.014624986
618941,10.56,0.4815,1.0,0.2060000002384185,0.0460000000894069,5.7463226384084365,0.06877846
618941,10.56,0.4815,1.0,0.2060000002384185,0.0460000000894069,5.7463226384084365,0.014624986
618941,10.56,0.4815,1.0,0.1659999936819076,0.0260000005364418,5.7463226384084365,0.06877846
618941,10.56,0.4815,1.0,0.1659999936819076,0.0260000005364418,5.7463226384084365,0.014624986
301381,10.58,0.3199,2.5,0.296999990940094,-0.9210000038146972,1.6195337641628855,4.002896
301381,10.58,0.3199,2.5,0.296999990940094,-0.9210000038146972,1.6195337641628855,4.002896
63997,11.06,0.1901,2.0,0.0340000018477439,0.1059999987483024,3.2313946874539026,1.0938512
63997,11.06,0.1901,2.0,0.0340000018477439,0.1059999987483024,3.2313946874539026,1.0938512
250192,10.67,0.6496,1.5,0.2269999980926513,0.0460000000894069,8.499434015590785,
250192,10.67,0.6496,1.5,0.2269999980926513,0.0460000000894069,8.499434015590785,0.000737377
250192,10.67,0.6496,1.5,0.2269999980926513,0.0460000000894069,9.319444077653012,
250192,10.67,0.6496,1.5,0.2269999980926513,0.0460000000894069,9.319444077653012,0.000737377
250192,10.67,0.6496,1.5,0.2269999980926513,0.0460000000894069,8.499434015590785,
250192,10.67,0.6496,1.5,0.2269999980926513,0.0460000000894069,8.499434015590785,0.000737377
250192,10.67,0.6496,1.5,0.2269999980926513,0.0460000000894069,9.319444077653012,
250192,10.67,0.6496,1.5,0.2269999980926513,0.0460000000894069,9.319444077653012,0.000737377
204093,10.92,0.729,1.0,0.1659999936819076,0.0460000000894069,5.487695516567193,0.013966322
204093,10.92,0.729,1.0,0.1659999936819076,0.0460000000894069,5.487695516567193,0.013966322
136894,8.71,0.2004,3.0,-99.0,-99.0,-99.0,0.09128122
136894,8.71,0.2004,3.0,-99.0,-99.0,-99.0,0.09128122
321035,9.83,0.4167,1.0,0.0649999976158142,-0.2560000121593475,5.240708532664743,0.0070730755
321035,9.83,0.4167,1.0,0.0649999976158142,-0.2560000121593475,5.240708532664743,0.0070730755
70719,8.47,0.4434,2.5,-99.0,-1.121999979019165,4.7795829876952505,0.013647842
70719,8.47,0.4434,2.5,-99.0,-1.121999979019165,4.7795829876952505,0.013647842
508412,10.0,0.5811,3.0,0.4090000092983246,-1.3040000200271606,1.7353616937846603,1.8770819
508412,10.0,0.5811,3.0,0.4090000092983246,-1.3040000200271606,1.7353616937846603,1.8770819
586330,10.18,0.5546,1.0,0.1459999978542328,-0.0149999996647238,5.240708532664743,0.0062976656
586330,10.18,0.5546,1.0,0.1459999978542328,-0.0149999996647238,5.240708532664743,0.0062976656
273336,10.62,0.6419,1.0,0.1759999990463256,0.2070000022649765,3.710137512885986,
273336,10.62,0.6419,1.0,0.1759999990463256,0.2070000022649765,3.710137512885986,
289168,9.1,0.2535,0.5,0.2469999939203262,-0.3770000040531158,4.6707863962229785,0.00015541028
289168,9.1,0.2535,0.5,0.2469999939203262,-0.3770000040531158,4.6707863962229785,0.00015541028
288982,10.75,0.5229,1.0,0.2060000002384185,0.1059999987483024,3.543153817926126,
288982,10.75,0.5229,1.0,0.2060000002384185,0.1059999987483024,3.543153817926126,
177303,10.43,0.1304,2.0,0.1759999990463256,-0.0949999988079071,5.240708532664743,0.06468386
177303,10.43,0.1304,2.0,0.1759999990463256,-0.0949999988079071,5.240708532664743,0.06468386
137455,8.6,0.1627,3.0,-0.1180000007152557,-1.807000041007996,3.625684472456604,0.020119488
137455,8.6,0.1627,3.0,-0.1180000007152557,-1.807000041007996,3.625684472456604,0.020119488
55143,11.07,0.0491,0.0,0.2569999992847442,0.1059999987483024,3.383685627252995,0.030946696
55143,11.07,0.0491,0.0,0.2569999992847442,0.1059999987483024,3.383685627252995,0.030946696
278802,10.85,0.7304,1.5,0.2269999980926513,0.0659999996423721,5.487695516567193,
278802,10.85,0.7304,1.5,0.2269999980926513,0.0659999996423721,5.487695516567193,
573625,10.28,0.5187,2.0,0.1560000032186508,-0.1959999948740005,6.01713848098864,0.03265626
573625,10.28,0.5187,2.0,0.1560000032186508,-0.1959999948740005,6.01713848098864,0.03265626
220465,11.31,0.2936,0.5,0.1459999978542328,0.1870000064373016,4.359031492379173,0.07639631
220465,11.31,0.2936,0.5,0.1459999978542328,0.1870000064373016,4.359031492379173,0.07639631
387042,10.41,0.4967,1.0,0.2870000004768371,0.0460000000894069,8.1168964702676,0.0068589705
387042,10.41,0.4967,1.0,0.2870000004768371,0.0460000000894069,8.1168964702676,0.0068589705
386285,10.42,0.6476,2.0,0.0949999988079071,-0.1360000073909759,5.880171687267607,0.022040322
386285,10.42,0.6476,2.0,0.0949999988079071,-0.1360000073909759,5.880171687267607,0.022040322
422406,10.05,0.2075,0.0,0.3580000102519989,-0.5180000066757202,4.259807821671483,0.003298849
422406,10.05,0.2075,0.0,0.3580000102519989,-0.5180000066757202,4.259807821671483,0.003298849
40491,10.46,0.284,0.5,0.0850000008940696,-0.1560000032186508,5.240708532664743,0.0109700505
40491,10.46,0.284,0.5,0.0850000008940696,-0.1560000032186508,5.240708532664743,0.0109700505
386268,10.95,0.5116,1.0,0.1659999936819076,0.0659999996423721,9.319444077653012,0.026659818
386268,10.95,0.5116,1.0,0.1659999936819076,0.0659999996423721,9.319444077653012,0.026659818
387675,10.69,0.7239,1.5,0.1659999936819076,-0.0350000001490116,5.487695516567193,0.07693563
387675,10.69,0.7239,1.5,0.1659999936819076,-0.0350000001490116,5.487695516567193,0.07693563
486957,10.91,0.0048,2.0,0.1150000020861625,0.1059999987483024,1.200576965506572,2.9326124
486957,10.91,0.0048,2.0,0.1150000020861625,0.1059999987483024,1.200576965506572,2.9326124
85205,10.21,0.0206,0.0,0.2870000004768371,-0.1560000032186508,8.1168964702676,0.011632358
85205,10.21,0.0206,0.0,0.2870000004768371,-0.1560000032186508,8.1168964702676,0.011632358
521823,10.94,0.0558,0.0,0.1759999990463256,0.0659999996423721,5.7463226384084365,0.13771549
521823,10.94,0.0558,0.0,0.1759999990463256,0.0659999996423721,5.7463226384084365,0.13771549
39057,10.44,0.0689,0.0,0.1659999936819076,0.0049999998882412,3.884990906937478,0.0076234257
39057,10.44,0.0689,0.0,0.1659999936819076,0.0049999998882412,3.884990906937478,0.009828391
39057,10.44,0.0689,0.0,0.1659999936819076,0.0049999998882412,3.884990906937478,0.007813189
39057,10.44,0.0689,0.0,0.2469999939203262,-0.0149999996647238,3.884990906937478,0.0076234257
39057,10.44,0.0689,0.0,0.2469999939203262,-0.0149999996647238,3.884990906937478,0.009828391
39057,10.44,0.0689,0.0,0.2469999939203262,-0.0149999996647238,3.884990906937478,0.007813189
39057,10.44,0.0689,0.0,0.1959999948740005,0.0260000005364418,3.884990906937478,0.0076234257
39057,10.44,0.0689,0.0,0.1959999948740005,0.0260000005364418,3.884990906937478,0.009828391
39057,10.44,0.0689,0.0,0.1959999948740005,0.0260000005364418,3.884990906937478,0.007813189
39057,10.44,0.0689,0.0,0.1659999936819076,0.0049999998882412,3.884990906937478,0.0076234257
39057,10.44,0.0689,0.0,0.1659999936819076,0.0049999998882412,3.884990906937478,0.009828391
39057,10.44,0.0689,0.0,0.1659999936819076,0.0049999998882412,3.884990906937478,0.007813189
39057,10.44,0.0689,0.0,0.2469999939203262,-0.0149999996647238,3.884990906937478,0.0076234257
39057,10.44,0.0689,0.0,0.2469999939203262,-0.0149999996647238,3.884990906937478,0.009828391
39057,10.44,0.0689,0.0,0.2469999939203262,-0.0149999996647238,3.884990906937478,0.007813189
39057,10.44,0.0689,0.0,0.1959999948740005,0.0260000005364418,3.884990906937478,0.0076234257
39057,10.44,0.0689,0.0,0.1959999948740005,0.0260000005364418,3.884990906937478,0.009828391
39057,10.44,0.0689,0.0,0.1959999948740005,0.0260000005364418,3.884990906937478,0.007813189
230556,10.97,0.0672,0.0,0.1560000032186508,-0.0750000029802322,5.6155203658737225,0.120162584
230556,10.97,0.0672,0.0,0.1560000032186508,-0.0750000029802322,5.6155203658737225,0.120162584
485924,10.41,0.0589,2.0,0.0540000014007091,0.0860000029206276,1.5466427375869445,0.37864852
485924,10.41,0.0589,2.0,0.0540000014007091,0.0860000029206276,1.5466427375869445,0.37864852
518829,9.93,0.3977,0.5,0.1049999967217445,-0.1360000073909759,5.6155203658737225,0.015223845
518829,9.93,0.3977,0.5,0.1049999967217445,-0.1360000073909759,5.6155203658737225,0.015223845
319059,10.02,0.4982,1.0,-0.006000000052154,0.0659999996423721,5.487695516567193,0.0015101802
319059,10.02,0.4982,1.0,-0.006000000052154,0.0659999996423721,5.487695516567193,0.0015101802
508632,10.56,0.2081,0.5,0.0850000008940696,0.0460000000894069,2.8799835466736923,0.06633177
508632,10.56,0.2081,0.5,0.0850000008940696,0.0460000000894069,2.8799835466736923,0.06633177
601013,10.87,0.4809,1.0,0.296999990940094,-0.0350000001490116,7.751575950609121,0.24280567
601013,10.87,0.4809,1.0,0.296999990940094,-0.0350000001490116,7.751575950609121,0.24280567
346623,10.54,0.263,0.5,0.1759999990463256,-0.1150000020861625,10.45658823896182,0.011406164
346623,10.54,0.263,0.5,0.1759999990463256,-0.1150000020861625,10.45658823896182,0.011406164
383259,10.73,0.4212,2.0,-0.1080000028014183,-0.0149999996647238,1.0456588238961813,4.083345
383259,10.73,0.4212,2.0,-0.1080000028014183,-0.0149999996647238,1.0456588238961813,4.083345
319070,10.68,0.2591,0.5,0.2060000002384185,0.1059999987483024,3.884990906937478,0.004936986
319070,10.68,0.2591,0.5,0.2060000002384185,0.1059999987483024,3.884990906937478,0.004936986
373173,10.97,0.3051,1.0,0.2060000002384185,0.2469999939203262,10.700153468094982,0.06429885
373173,10.97,0.3051,1.0,0.2060000002384185,0.2469999939203262,10.700153468094982,0.06429885
550781,10.39,0.4862,1.0,0.1049999967217445,-0.1759999990463256,5.240708532664743,0.57027555
550781,10.39,0.4862,1.0,0.1049999967217445,-0.1759999990463256,5.240708532664743,0.57027555
278995,8.52,0.576,3.0,-0.248999997973442,-2.049000024795532,3.085957969027533,0.024104381
278995,8.52,0.576,3.0,-0.248999997973442,-2.049000024795532,3.085957969027533,0.024104381
346839,10.39,0.5948,1.0,0.1860000044107437,-0.0549999997019767,5.487695516567193,0.015257631
346839,10.39,0.5948,1.0,0.1860000044107437,-0.0549999997019767,5.487695516567193,0.015257631
618144,10.23,0.6616,1.0,0.2060000002384185,-0.1560000032186508,7.402697562813775,
618144,10.23,0.6616,1.0,0.2060000002384185,-0.1560000032186508,7.402697562813775,
205208,10.09,0.554,1.0,0.328000009059906,-0.1360000073909759,9.985964243287482,0.0003031274
205208,10.09,0.554,1.0,0.328000009059906,-0.1360000073909759,9.985964243287482,0.0003031274
422291,11.39,0.0106,0.0,0.328000009059906,-0.0549999997019767,7.751575950609121,0.051814165
422291,11.39,0.0106,0.0,0.328000009059906,-0.0549999997019767,7.751575950609121,0.051814165
422389,10.43,0.0594,0.0,0.2160000056028366,-0.1360000073909759,10.218567231322265,0.0147369355
422389,10.43,0.0594,0.0,0.2160000056028366,-0.1360000073909759,10.218567231322265,0.0147369355
346894,10.47,0.6093,1.5,0.3079999983310699,0.1260000020265579,5.6155203658737225,
346894,10.47,0.6093,1.5,0.3079999983310699,0.1260000020265579,5.6155203658737225,
599877,10.3,0.3334,2.0,0.2370000034570694,-0.1959999948740005,4.06808488757239,0.08078989
599877,10.3,0.3334,2.0,0.2370000034570694,-0.1959999948740005,4.06808488757239,0.08078989
221432,8.35,0.7403,3.0,-99.0,-99.0,-99.0,0.011336602
221432,8.35,0.7403,3.0,-99.0,-99.0,-99.0,0.011336602
323242,9.5,0.2335,-9.0,0.3680000007152557,-1.162999987602234,2.56678803778268,0.21424806
323242,9.5,0.2335,-9.0,0.3680000007152557,-1.162999987602234,2.56678803778268,0.21424806
517302,10.18,0.3003,1.5,-0.006000000052154,-0.296999990940094,2.395465975494956,0.3227045
517302,10.18,0.3003,1.5,-0.006000000052154,-0.296999990940094,2.395465975494956,0.3227045
40765,9.04,0.4084,2.5,0.4090000092983246,-1.847000002861023,3.543153817926126,0.11721152
40765,9.04,0.4084,2.5,0.4090000092983246,-1.847000002861023,3.543153817926126,0.11721152
419335,10.33,0.7695,1.0,0.2469999939203262,-0.1360000073909759,10.218567231322265,0.0042212373
419335,10.33,0.7695,1.0,0.2469999939203262,-0.1360000073909759,10.218567231322265,0.0042212373
228105,11.03,0.1823,2.0,0.2669999897480011,-0.1560000032186508,2.750362934937096,0.652785
228105,11.03,0.1823,2.0,0.2669999897480011,-0.1560000032186508,2.750362934937096,0.652785
549313,9.94,0.2389,-9.0,0.1150000020861625,-0.7200000286102295,1.8594735564600955,0.2333499
549313,9.94,0.2389,-9.0,0.1150000020861625,-0.7200000286102295,1.8594735564600955,0.2333499
65384,9.97,0.5061,2.0,0.1459999978542328,-0.2160000056028366,3.085957969027533,0.06554669
65384,9.97,0.5061,2.0,0.1459999978542328,-0.2160000056028366,3.085957969027533,0.06554669
278840,10.41,0.2466,0.5,0.0340000018477439,-0.1759999990463256,1.775783460322303,0.6071304
278840,10.41,0.2466,0.5,0.0340000018477439,-0.1759999990463256,1.775783460322303,0.6071304
16242,10.45,0.2688,1.5,0.1150000020861625,-0.1150000020861625,2.9470669811950616,0.25375482
16242,10.45,0.2688,1.5,0.1150000020861625,-0.1150000020861625,2.9470669811950616,0.25375482
77227,10.29,0.5078,2.0,0.2669999897480011,-0.0949999988079071,10.949392060230204,0.0018001013
77227,10.29,0.5078,2.0,0.2669999897480011,-0.0949999988079071,10.949392060230204,0.0018001013
209807,10.81,0.2513,2.0,0.2569999992847442,-0.0949999988079071,1.3784467908321083,2.087838
209807,10.81,0.2513,2.0,0.2569999992847442,-0.0949999988079071,1.3784467908321083,2.087838
417486,10.09,0.012,0.5,0.3479999899864197,-0.2759999930858612,10.45658823896182,0.0007741399
417486,10.09,0.012,0.5,0.3479999899864197,-0.2759999930858612,10.45658823896182,0.0007741399
623043,10.49,0.4701,1.0,0.3680000007152557,-0.1150000020861625,5.487695516567193,0.0009602544
623043,10.49,0.4701,1.0,0.3680000007152557,-0.1150000020861625,5.487695516567193,0.0009602544
54921,10.99,0.1678,0.0,-0.006000000052154,-0.1759999990463256,1.4434109866494478,1.4996495
54921,10.99,0.1678,0.0,-0.006000000052154,-0.1759999990463256,1.4434109866494478,1.4996495
497035,11.2,0.3694,0.5,0.125,0.1870000064373016,3.543153817926126,0.7703372
497035,11.2,0.3694,0.5,0.125,0.1870000064373016,3.543153817926126,0.7703372
323566,10.01,0.2491,0.0,0.1150000020861625,-0.0549999997019767,6.157295641178537,0.0002681508
323566,10.01,0.2491,0.0,0.1150000020861625,-0.0549999997019767,6.157295641178537,0.0002681508
372133,10.59,0.2681,0.5,0.3379999995231628,0.1870000064373016,5.487695516567193,0.008807266
372133,10.59,0.2681,0.5,0.3379999995231628,0.1870000064373016,5.487695516567193,0.008807266
543501,10.47,0.5936,1.0,0.2669999897480011,-0.1959999948740005,9.985964243287482,0.07309844
543501,10.47,0.5936,1.0,0.2669999897480011,-0.1959999948740005,9.985964243287482,0.07309844
136308,10.51,0.4848,1.5,0.125,-0.0549999997019767,5.240708532664743,0.046432354
136308,10.51,0.4848,1.5,0.125,-0.0549999997019767,5.240708532664743,0.060880434
136308,10.51,0.4848,1.5,0.125,-0.0949999988079071,6.01713848098864,0.046432354
136308,10.51,0.4848,1.5,0.125,-0.0949999988079071,6.01713848098864,0.060880434
136308,10.51,0.4848,1.5,0.125,-0.0549999997019767,5.240708532664743,0.046432354
136308,10.51,0.4848,1.5,0.125,-0.0549999997019767,5.240708532664743,0.060880434
136308,10.51,0.4848,1.5,0.125,-0.0949999988079071,6.01713848098864,0.046432354
136308,10.51,0.4848,1.5,0.125,-0.0949999988079071,6.01713848098864,0.060880434
617989,10.45,0.6231,1.5,0.1759999990463256,0.0460000000894069,5.487695516567193,0.0023855094
617989,10.45,0.6231,1.5,0.1759999990463256,0.0460000000894069,5.487695516567193,0.0023855094
380697,10.99,0.2922,1.0,0.0850000008940696,0.0659999996423721,5.487695516567193,0.2870903
380697,10.99,0.2922,1.0,0.0850000008940696,0.0659999996423721,5.487695516567193,0.2870903
372384,9.96,0.3644,-9.0,0.1049999967217445,-0.1360000073909759,8.1168964702676,0.058750026
372384,9.96,0.3644,-9.0,0.1049999967217445,-0.1360000073909759,8.1168964702676,0.058750026
382764,9.05,0.3393,3.0,0.3179999887943268,-1.6460000276565552,3.884990906937478,0.1777026
382764,9.05,0.3393,3.0,0.3179999887943268,-1.6460000276565552,3.884990906937478,0.1777026
107454,9.82,0.0224,-9.0,0.1049999967217445,-0.2360000014305114,2.184690934959677,0.17926037
107454,9.82,0.0224,-9.0,0.1049999967217445,-0.2360000014305114,2.184690934959677,0.17926037
376802,10.95,0.01,2.0,0.0540000014007091,-0.0549999997019767,3.710137512885986,0.5375272
376802,10.95,0.01,2.0,0.0540000014007091,-0.0549999997019767,3.710137512885986,0.5375272
215289,10.81,0.0714,0.0,0.2770000100135803,-0.1150000020861625,10.45658823896182,0.0005974598
215289,10.81,0.0714,0.0,0.2770000100135803,-0.1150000020861625,10.45658823896182,0.0005974598
508315,11.07,0.3846,1.5,0.1659999936819076,0.2669999897480011,3.543153817926126,0.011438615
508315,11.07,0.3846,1.5,0.1659999936819076,0.2669999897480011,3.543153817926126,0.011438615
592858,10.69,0.743,1.5,0.125,0.0659999996423721,4.7795829876952505,0.07721374
592858,10.69,0.743,1.5,0.125,0.0659999996423721,4.7795829876952505,0.07721374
69752,10.37,0.3609,2.0,0.0949999988079071,0.0049999998882412,1.3470695111082254,0.50772965
69752,10.37,0.3609,2.0,0.0949999988079071,0.0049999998882412,1.3470695111082254,0.50772965
136842,10.8,0.1898,0.0,0.3079999983310699,-0.0750000029802322,5.121415442300698,0.027402943
136842,10.8,0.1898,0.0,0.3079999983310699,-0.0750000029802322,5.121415442300698,0.027402943
543537,11.42,0.2685,0.0,0.3889999985694885,-0.0350000001490116,7.751575950609121,0.15224388
543537,11.42,0.2685,0.0,0.3889999985694885,-0.0350000001490116,7.751575950609121,0.15224388
618993,10.91,0.5728,2.0,0.2160000056028366,-0.296999990940094,12.571584147142518,6.536332
618993,10.91,0.5728,2.0,0.2160000056028366,-0.296999990940094,12.571584147142518,6.536332
136232,10.66,0.656,1.5,0.296999990940094,0.0460000000894069,7.932133349390338,
136232,10.66,0.656,1.5,0.296999990940094,0.0460000000894069,7.932133349390338,
136232,10.66,0.656,1.5,0.296999990940094,0.0260000005364418,7.575128540001153,
136232,10.66,0.656,1.5,0.296999990940094,0.0260000005364418,7.575128540001153,
136232,10.66,0.656,1.5,0.296999990940094,0.0460000000894069,7.932133349390338,
136232,10.66,0.656,1.5,0.296999990940094,0.0460000000894069,7.932133349390338,
136232,10.66,0.656,1.5,0.296999990940094,0.0260000005364418,7.575128540001153,
136232,10.66,0.656,1.5,0.296999990940094,0.0260000005364418,7.575128540001153,
382158,10.47,0.5848,1.0,0.2870000004768371,0.0860000029206276,4.259807821671483,0.000593751
382158,10.47,0.5848,1.0,0.2870000004768371,0.0860000029206276,4.259807821671483,0.000593751
388476,10.46,0.1761,2.0,0.2370000034570694,0.0260000005364418,5.121415442300698,0.04922101
388476,10.46,0.1761,2.0,0.2370000034570694,0.0260000005364418,5.121415442300698,0.04922101
136866,8.93,0.2078,2.5,-99.0,-0.9810000061988832,15.46642737586945,0.037952665
136866,8.93,0.2078,2.5,-99.0,-0.9810000061988832,15.46642737586945,0.037952665
514218,10.92,0.5079,1.0,0.0850000008940696,0.2070000022649765,4.259807821671483,0.03934822
514218,10.92,0.5079,1.0,0.0850000008940696,0.2070000022649765,4.259807821671483,0.03934822
371943,11.07,0.602,1.5,0.4090000092983246,-0.0149999996647238,3.543153817926126,0.40890676
371943,11.07,0.602,1.5,0.4090000092983246,-0.0149999996647238,3.543153817926126,0.40890676
618942,10.56,0.1392,0.0,0.1860000044107437,0.0260000005364418,5.7463226384084365,0.00095840596
618942,10.56,0.1392,0.0,0.1860000044107437,0.0260000005364418,5.7463226384084365,0.00095840596
611220,10.51,0.3924,2.0,0.0850000008940696,0.0659999996423721,3.015712989638904,0.3046464
611220,10.51,0.3924,2.0,0.0850000008940696,0.0659999996423721,3.015712989638904,0.3046464
622434,10.66,0.3761,2.0,0.0850000008940696,0.1059999987483024,2.750362934937096,0.38965186
622434,10.66,0.3761,2.0,0.0850000008940696,0.1059999987483024,2.750362934937096,0.38965186
622596,10.42,0.1699,2.0,0.0340000018477439,-0.0549999997019767,1.9471078453151025,0.53305006
622596,10.42,0.1699,2.0,0.0340000018477439,-0.0549999997019767,1.9471078453151025,0.53305006
144127,8.21,0.3,3.0,-99.0,-1.4240000247955322,5.6155203658737225,0.0028035908
144127,8.21,0.3,3.0,-99.0,-1.4240000247955322,5.6155203658737225,0.0028035908
289096,11.22,0.3417,0.5,0.2569999992847442,0.1059999987483024,3.796557717334176,0.6767338
289096,11.22,0.3417,0.5,0.2569999992847442,0.1059999987483024,3.796557717334176,0.6767338
144335,11.09,0.3301,1.0,0.1150000020861625,0.0049999998882412,5.7463226384084365,0.07367216
144335,11.09,0.3301,1.0,0.1150000020861625,0.0049999998882412,5.7463226384084365,0.07367216
509557,8.87,0.3833,3.0,-0.1379999965429306,-1.7869999408721924,3.884990906937478,0.05126793
509557,8.87,0.3833,3.0,-0.1379999965429306,-1.7869999408721924,3.884990906937478,0.05126793
594992,9.35,0.2305,5.0,0.2669999897480011,-0.2759999930858612,4.5644663175231495,
594992,9.35,0.2305,5.0,0.2669999897480011,-0.2759999930858612,4.5644663175231495,
47293,10.17,0.4139,1.0,0.2269999980926513,-0.0750000029802322,5.6155203658737225,0.011178443
47293,10.17,0.4139,1.0,0.2269999980926513,-0.0750000029802322,5.6155203658737225,0.011178443
136616,10.65,0.4405,1.0,0.2669999897480011,0.0460000000894069,7.575128540001153,0.0035167541
136616,10.65,0.4405,1.0,0.2669999897480011,0.0460000000894069,7.575128540001153,0.0035167541
622228,10.93,0.1681,2.0,0.2569999992847442,-0.1560000032186508,3.2313946874539026,0.7025905
622228,10.93,0.1681,2.0,0.2569999992847442,-0.1560000032186508,3.2313946874539026,0.7025905
623432,10.51,0.182,2.0,0.135000005364418,-0.2160000056028366,2.750362934937096,1.6726836
623432,10.51,0.182,2.0,0.135000005364418,-0.2160000056028366,2.750362934937096,1.6726836
185863,8.91,0.196,3.0,-0.1080000028014183,-1.2630000114440918,1.3164064654697047,0.028014062
185863,8.91,0.196,3.0,-0.1080000028014183,-1.2630000114440918,1.3164064654697047,0.028014062
184202,10.88,0.4544,1.0,0.1049999967217445,-0.0350000001490116,5.487695516567193,0.0585414
184202,10.88,0.4544,1.0,0.1049999967217445,-0.0350000001490116,5.487695516567193,0.0585414
396621,10.48,0.2826,1.5,0.0850000008940696,0.1059999987483024,2.8144271175498585,0.08704015
396621,10.48,0.2826,1.5,0.0850000008940696,0.1059999987483024,2.8144271175498585,0.08704015
543531,10.41,0.2558,0.5,0.3079999983310699,-0.1360000073909759,9.985964243287482,
543531,10.41,0.2558,0.5,0.3079999983310699,-0.1360000073909759,9.985964243287482,
230455,11.05,0.3455,0.5,0.1860000044107437,-0.1360000073909759,5.7463226384084365,0.110827915
230455,11.05,0.3455,0.5,0.1860000044107437,-0.1360000073909759,5.7463226384084365,0.110827915
514022,10.14,0.3436,1.5,0.0649999976158142,-0.1959999948740005,2.626576211733084,0.0032138473
514022,10.14,0.3436,1.5,0.0649999976158142,-0.1959999948740005,2.626576211733084,0.0032138473
534904,10.37,0.3989,1.0,0.1959999948740005,0.0659999996423721,5.487695516567193,0.026863128
534904,10.37,0.3989,1.0,0.1959999948740005,0.0659999996423721,5.487695516567193,0.026863128
663440,9.95,0.1309,0.5,0.0649999976158142,-0.2360000014305114,1.9924618133258227,0.035709165
663440,9.95,0.1309,0.5,0.0649999976158142,-0.2360000014305114,1.9924618133258227,0.035709165
622084,9.83,0.4339,3.0,0.1860000044107437,-0.9610000252723694,3.884990906937478,0.31605977
622084,9.83,0.4339,3.0,0.1860000044107437,-0.9610000252723694,3.884990906937478,0.31605977
585420,8.5,0.7732,3.0,-99.0,-99.0,-99.0,0.010026917
585420,8.5,0.7732,3.0,-99.0,-99.0,-99.0,0.010026917
375564,10.19,0.521,1.0,0.3680000007152557,0.0659999996423721,9.536521816614703,0.000109174405
375564,10.19,0.521,1.0,0.3680000007152557,0.0659999996423721,9.536521816614703,0.000109174405
216401,10.48,0.0752,-9.0,0.1459999978542328,-0.5789999961853027,1.4770323476194291,2.7816067
216401,10.48,0.0752,-9.0,0.1459999978542328,-0.5789999961853027,1.4770323476194291,2.7816067
7139,10.63,0.4654,1.0,0.3379999995231628,0.1459999978542328,17.353616937846613,0.011396538
7139,10.63,0.4654,1.0,0.3379999995231628,0.1459999978542328,17.353616937846613,0.011396538
573617,10.07,0.6764,1.5,0.0649999976158142,-0.9610000252723694,3.1578391641788226,0.9956461
573617,10.07,0.6764,1.5,0.0649999976158142,-0.9610000252723694,3.1578391641788226,0.9956461
511923,9.41,0.1292,-9.0,0.2370000034570694,-0.296999990940094,7.069521289046108,9.837071e-05
511923,9.41,0.1292,-9.0,0.2370000034570694,-0.296999990940094,7.069521289046108,9.837071e-05
220502,10.37,0.6398,1.0,0.1759999990463256,0.0460000000894069,3.884990906937478,
220502,10.37,0.6398,1.0,0.1759999990463256,0.0460000000894069,3.884990906937478,
91589,11.06,0.5606,2.0,0.1759999990463256,0.0860000029206276,2.9470669811950616,1.1668591
91589,11.06,0.5606,2.0,0.1759999990463256,0.0860000029206276,2.9470669811950616,1.1668591
79711,10.32,0.6047,1.0,0.2469999939203262,-0.0750000029802322,5.7463226384084365,0.0007772695
79711,10.32,0.6047,1.0,0.2469999939203262,-0.0750000029802322,5.7463226384084365,0.0007772695
250473,11.03,0.5103,2.0,0.1659999936819076,0.1059999987483024,5.487695516567193,0.29127035
250473,11.03,0.5103,2.0,0.1659999936819076,0.1059999987483024,5.487695516567193,0.31484336
250473,11.03,0.5103,2.0,0.1459999978542328,0.0460000000894069,5.7463226384084365,0.29127035
250473,11.03,0.5103,2.0,0.1459999978542328,0.0460000000894069,5.7463226384084365,0.31484336
250473,11.03,0.5103,2.0,0.1659999936819076,0.1059999987483024,5.487695516567193,0.29127035
250473,11.03,0.5103,2.0,0.1659999936819076,0.1059999987483024,5.487695516567193,0.31484336
250473,11.03,0.5103,2.0,0.1459999978542328,0.0460000000894069,5.7463226384084365,0.29127035
250473,11.03,0.5103,2.0,0.1459999978542328,0.0460000000894069,5.7463226384084365,0.31484336
279261,9.26,0.4002,2.5,0.0949999988079071,-1.2230000495910645,1.9471078453151025,0.16965726
279261,9.26,0.4002,2.5,0.0949999988079071,-1.2230000495910645,1.9471078453151025,0.16965726
40445,11.29,0.2054,0.0,0.0949999988079071,0.1059999987483024,5.487695516567193,0.018329915
40445,11.29,0.2054,0.0,0.0949999988079071,0.1059999987483024,5.487695516567193,0.018329915
99428,10.84,0.069,0.0,0.2269999980926513,-0.1150000020861625,5.487695516567193,0.09012003
99428,10.84,0.069,0.0,0.2269999980926513,-0.1150000020861625,5.487695516567193,0.09012003
198631,10.49,0.3084,1.0,0.1860000044107437,-0.1360000073909759,8.499434015590785,
198631,10.49,0.3084,1.0,0.1860000044107437,-0.1360000073909759,8.499434015590785,
387715,10.55,0.2029,1.0,0.2569999992847442,-0.0549999997019767,7.932133349390338,0.007693455
387715,10.55,0.2029,1.0,0.2569999992847442,-0.0549999997019767,7.932133349390338,0.007693455
230421,10.51,0.4422,1.0,0.125,0.1669999957084655,3.1578391641788226,0.20312233
230421,10.51,0.4422,1.0,0.125,0.1669999957084655,3.1578391641788226,0.20312233
507721,11.39,0.0441,0.0,0.1150000020861625,0.1459999978542328,3.543153817926126,0.006620358
507721,11.39,0.0441,0.0,0.1150000020861625,0.1459999978542328,3.543153817926126,0.006620358
347471,10.87,0.2537,0.5,0.2269999980926513,0.1059999987483024,4.259807821671483,0.023195198
347471,10.87,0.2537,0.5,0.2269999980926513,0.1059999987483024,4.259807821671483,0.023195198
230776,11.6,0.3321,0.0,0.0949999988079071,0.488999992609024,10.45658823896182,
230776,11.6,0.3321,0.0,0.0949999988079071,0.488999992609024,10.45658823896182,
203140,10.93,0.3054,1.0,0.1560000032186508,0.1870000064373016,4.259807821671483,0.00793564
203140,10.93,0.3054,1.0,0.1560000032186508,0.1870000064373016,4.259807821671483,0.00793564
301199,10.13,0.4571,1.5,0.0949999988079071,-0.1759999990463256,3.085957969027533,0.0015710564
301199,10.13,0.4571,1.5,0.0949999988079071,-0.1759999990463256,3.085957969027533,0.0015710564
491887,10.61,0.2984,2.0,0.1459999978542328,0.0460000000894069,3.884990906937478,0.26628283
491887,10.61,0.2984,2.0,0.1459999978542328,0.0460000000894069,3.884990906937478,0.26628283
419294,10.7,0.5585,1.0,0.135000005364418,0.1059999987483024,3.383685627252995,0.08389504
419294,10.7,0.5585,1.0,0.135000005364418,0.1059999987483024,3.383685627252995,0.08389504
48548,11.05,0.2889,0.5,0.1049999967217445,0.0460000000894069,5.6155203658737225,0.13036244
48548,11.05,0.2889,0.5,0.1049999967217445,0.0460000000894069,5.6155203658737225,0.13036244
205168,10.26,0.7339,1.0,0.2060000002384185,-0.1360000073909759,6.751340417759738,9.028431e-05
205168,10.26,0.7339,1.0,0.2060000002384185,-0.1360000073909759,6.751340417759738,9.028431e-05
417440,11.21,0.0195,0.0,0.2469999939203262,0.1260000020265579,6.908599337995359,0.061596833
417440,11.21,0.0195,0.0,0.2469999939203262,0.1260000020265579,6.908599337995359,0.061596833
30847,11.44,0.2349,0.5,0.1959999948740005,0.0860000029206276,3.884990906937478,3.1429036
30847,11.44,0.2349,0.5,0.1959999948740005,0.0860000029206276,3.884990906937478,3.1429036
136602,11.37,0.2395,0.0,0.2269999980926513,-0.0750000029802322,5.487695516567193,0.08784493
136602,11.37,0.2395,0.0,0.2269999980926513,-0.0750000029802322,5.487695516567193,0.08784493
184648,10.6,0.224,0.0,0.1459999978542328,0.0260000005364418,5.487695516567193,0.009294664
184648,10.6,0.224,0.0,0.1459999978542328,0.0260000005364418,5.487695516567193,0.009294664
300411,10.81,0.1637,0.0,0.2870000004768371,-0.0549999997019767,7.402697562813775,0.009192895
300411,10.81,0.1637,0.0,0.2870000004768371,-0.0549999997019767,7.402697562813775,0.009192895
599689,10.58,0.1171,0.5,0.2569999992847442,-0.1759999990463256,3.710137512885986,0.088393286
599689,10.58,0.1171,0.5,0.2569999992847442,-0.1759999990463256,3.710137512885986,0.088393286
64646,10.83,0.5144,1.5,0.0750000029802322,0.0260000005364418,1.3784467908321083,1.9926976
64646,10.83,0.5144,1.5,0.0750000029802322,0.0260000005364418,1.3784467908321083,1.9926976
238204,10.65,0.4529,2.0,0.2569999992847442,-0.0549999997019767,8.499434015590785,0.028564107
238204,10.65,0.4529,2.0,0.2569999992847442,-0.0549999997019767,8.499434015590785,0.028564107
493838,10.4,0.3782,1.0,0.2160000056028366,0.0659999996423721,8.1168964702676,0.035369173
493838,10.4,0.3782,1.0,0.2160000056028366,0.0659999996423721,8.1168964702676,0.021242864
493838,10.4,0.3782,1.0,0.1860000044107437,0.0659999996423721,8.69741126650672,0.035369173
493838,10.4,0.3782,1.0,0.1860000044107437,0.0659999996423721,8.69741126650672,0.021242864
493838,10.4,0.3782,1.0,0.2160000056028366,0.0659999996423721,8.1168964702676,0.035369173
493838,10.4,0.3782,1.0,0.2160000056028366,0.0659999996423721,8.1168964702676,0.021242864
493838,10.4,0.3782,1.0,0.1860000044107437,0.0659999996423721,8.69741126650672,0.035369173
493838,10.4,0.3782,1.0,0.1860000044107437,0.0659999996423721,8.69741126650672,0.021242864
618976,10.54,0.4436,1.0,0.3079999983310699,-0.0549999997019767,8.305963277093225,0.002878984
618976,10.54,0.4436,1.0,0.3079999983310699,-0.0549999997019767,8.305963277093225,0.002878984
508144,10.47,0.4037,1.5,0.2370000034570694,0.0260000005364418,5.240708532664743,0.00012792501
508144,10.47,0.4037,1.5,0.2370000034570694,0.0260000005364418,5.240708532664743,0.00012792501
600929,10.64,0.219,1.0,0.1959999948740005,-0.296999990940094,8.900000000000006,0.009206677
600929,10.64,0.219,1.0,0.1959999948740005,-0.296999990940094,8.900000000000006,0.009206677
301519,10.95,0.1106,0.0,0.3079999983310699,-0.1150000020861625,8.900000000000006,0.036231842
301519,10.95,0.1106,0.0,0.3079999983310699,-0.1150000020861625,8.900000000000006,0.036231842
98097,10.16,0.4388,1.0,0.1560000032186508,0.0860000029206276,5.7463226384084365,
98097,10.16,0.4388,1.0,0.1560000032186508,0.0860000029206276,5.7463226384084365,
107137,10.16,0.2213,0.5,-0.0160000007599592,-0.296999990940094,3.4625017904490982,0.010731521
107137,10.16,0.2213,0.5,-0.0160000007599592,-0.296999990940094,3.4625017904490982,0.010731521
575532,11.03,0.4508,2.0,0.1659999936819076,0.2070000022649765,4.5644663175231495,0.0897018
575532,11.03,0.4508,2.0,0.1659999936819076,0.2070000022649765,4.5644663175231495,0.0897018
202398,10.6,0.2369,2.0,0.135000005364418,0.0659999996423721,2.626576211733084,0.26613542
202398,10.6,0.2369,2.0,0.135000005364418,0.0659999996423721,2.626576211733084,0.26613542
70640,10.91,0.2344,0.5,0.1860000044107437,-0.0149999996647238,5.7463226384084365,0.04452454
70640,10.91,0.2344,0.5,0.1860000044107437,-0.0149999996647238,5.7463226384084365,0.04452454
323541,10.48,0.7073,1.0,0.2160000056028366,0.1260000020265579,9.758655945674352,0.04414994
323541,10.48,0.7073,1.0,0.2160000056028366,0.1260000020265579,9.758655945674352,0.04414994
98880,11.2,0.2276,0.0,0.1459999978542328,0.1669999957084655,4.259807821671483,0.009273225
98880,11.2,0.2276,0.0,0.1459999978542328,0.1669999957084655,4.259807821671483,0.009273225
346504,9.99,0.4195,1.5,0.1759999990463256,-0.2360000014305114,2.8799835466736923,0.08877874
346504,9.99,0.4195,1.5,0.1759999990463256,-0.2360000014305114,2.8799835466736923,0.08877874
560982,10.31,0.2527,0.5,0.3379999995231628,-0.1360000073909759,15.46642737586945,0.00051575707
560982,10.31,0.2527,0.5,0.3379999995231628,-0.1360000073909759,15.46642737586945,0.00051575707
105597,10.41,0.6226,2.0,0.1959999948740005,-0.1560000032186508,1.4105549412903913,0.7393062
105597,10.41,0.6226,2.0,0.1959999948740005,-0.1560000032186508,1.4105549412903913,0.7393062
551368,8.88,0.0385,5.0,0.2870000004768371,-1.746999979019165,3.710137512885986,0.019876467
551368,8.88,0.0385,5.0,0.2870000004768371,-1.746999979019165,3.710137512885986,0.019876467
609330,10.91,0.3568,1.0,0.2870000004768371,-0.0549999997019767,5.7463226384084365,0.027865028
609330,10.91,0.3568,1.0,0.2870000004768371,-0.0549999997019767,5.7463226384084365,0.027865028
610404,10.67,0.5479,1.0,0.2160000056028366,0.0659999996423721,8.69741126650672,0.006498269
610404,10.67,0.5479,1.0,0.2160000056028366,0.0659999996423721,8.69741126650672,0.006498269
298591,10.39,0.7407,1.5,0.0850000008940696,0.0860000029206276,2.8144271175498585,0.0022387223
298591,10.39,0.7407,1.5,0.0850000008940696,0.0860000029206276,2.8144271175498585,0.0030880116
298591,10.39,0.7407,1.5,0.1150000020861625,0.1059999987483024,2.8144271175498585,0.0022387223
298591,10.39,0.7407,1.5,0.1150000020861625,0.1059999987483024,2.8144271175498585,0.0030880116
298591,10.39,0.7407,1.5,0.0850000008940696,0.0860000029206276,2.8144271175498585,0.0022387223
298591,10.39,0.7407,1.5,0.0850000008940696,0.0860000029206276,2.8144271175498585,0.0030880116
298591,10.39,0.7407,1.5,0.1150000020861625,0.1059999987483024,2.8144271175498585,0.0022387223
298591,10.39,0.7407,1.5,0.1150000020861625,0.1059999987483024,2.8144271175498585,0.0030880116
382538,10.28,0.6332,1.0,0.296999990940094,-0.0549999997019767,8.305963277093225,
382538,10.28,0.6332,1.0,0.296999990940094,-0.0549999997019767,8.305963277093225,
92739,10.33,0.8049,1.5,0.0949999988079071,-0.2360000014305114,3.884990906937478,0.26186723
92739,10.33,0.8049,1.5,0.0949999988079071,-0.2360000014305114,3.884990906937478,0.27762166
92739,10.33,0.8049,1.5,0.125,-0.1759999990463256,2.8799835466736923,0.26186723
92739,10.33,0.8049,1.5,0.125,-0.1759999990463256,2.8799835466736923,0.27762166
92739,10.33,0.8049,1.5,0.0949999988079071,-0.2360000014305114,3.884990906937478,0.26186723
92739,10.33,0.8049,1.5,0.0949999988079071,-0.2360000014305114,3.884990906937478,0.27762166
92739,10.33,0.8049,1.5,0.125,-0.1759999990463256,2.8799835466736923,0.26186723
92739,10.33,0.8049,1.5,0.125,-0.1759999990463256,2.8799835466736923,0.27762166
205089,10.4,0.4516,1.0,0.1560000032186508,0.0460000000894069,5.7463226384084365,0.00025115913
205089,10.4,0.4516,1.0,0.1560000032186508,0.0460000000894069,5.7463226384084365,
205089,10.4,0.4516,1.0,0.2669999897480011,-0.0350000001490116,8.305963277093225,0.00025115913
205089,10.4,0.4516,1.0,0.2669999897480011,-0.0350000001490116,8.305963277093225,
205089,10.4,0.4516,1.0,0.1560000032186508,0.0460000000894069,5.7463226384084365,0.00025115913
205089,10.4,0.4516,1.0,0.1560000032186508,0.0460000000894069,5.7463226384084365,
205089,10.4,0.4516,1.0,0.2669999897480011,-0.0350000001490116,8.305963277093225,0.00025115913
205089,10.4,0.4516,1.0,0.2669999897480011,-0.0350000001490116,8.305963277093225,
319060,10.55,0.6351,1.0,0.2160000056028366,-0.0549999997019767,5.7463226384084365,5.757699e-05
319060,10.55,0.6351,1.0,0.2160000056028366,-0.0549999997019767,5.7463226384084365,0.00060307485
319060,10.55,0.6351,1.0,0.2160000056028366,-0.0549999997019767,5.7463226384084365,0.0007885372
319060,10.55,0.6351,1.0,0.1959999948740005,-0.0350000001490116,5.487695516567193,5.757699e-05
319060,10.55,0.6351,1.0,0.1959999948740005,-0.0350000001490116,5.487695516567193,0.00060307485
319060,10.55,0.6351,1.0,0.1959999948740005,-0.0350000001490116,5.487695516567193,0.0007885372
319060,10.55,0.6351,1.0,0.1959999948740005,-0.0949999988079071,5.7463226384084365,5.757699e-05
319060,10.55,0.6351,1.0,0.1959999948740005,-0.0949999988079071,5.7463226384084365,0.00060307485
319060,10.55,0.6351,1.0,0.1959999948740005,-0.0949999988079071,5.7463226384084365,0.0007885372
319060,10.55,0.6351,1.0,0.2160000056028366,-0.0549999997019767,5.7463226384084365,5.757699e-05
319060,10.55,0.6351,1.0,0.2160000056028366,-0.0549999997019767,5.7463226384084365,0.00060307485
319060,10.55,0.6351,1.0,0.2160000056028366,-0.0549999997019767,5.7463226384084365,0.0007885372
319060,10.55,0.6351,1.0,0.1959999948740005,-0.0350000001490116,5.487695516567193,5.757699e-05
319060,10.55,0.6351,1.0,0.1959999948740005,-0.0350000001490116,5.487695516567193,0.00060307485
319060,10.55,0.6351,1.0,0.1959999948740005,-0.0350000001490116,5.487695516567193,0.0007885372
319060,10.55,0.6351,1.0,0.1959999948740005,-0.0949999988079071,5.7463226384084365,5.757699e-05
319060,10.55,0.6351,1.0,0.1959999948740005,-0.0949999988079071,5.7463226384084365,0.00060307485
319060,10.55,0.6351,1.0,0.1959999948740005,-0.0949999988079071,5.7463226384084365,0.0007885372
517205,11.24,0.214,0.0,0.2569999992847442,0.0860000029206276,5.6155203658737225,0.009762963
517205,11.24,0.214,0.0,0.2569999992847442,0.0860000029206276,5.6155203658737225,0.009762963
107509,10.69,0.395,2.0,0.0240000002086162,0.0260000005364418,1.4105549412903913,1.0448806
107509,10.69,0.395,2.0,0.0240000002086162,0.0260000005364418,1.4105549412903913,1.0448806
296677,10.77,0.6574,1.5,0.2569999992847442,0.2070000022649765,3.710137512885986,
296677,10.77,0.6574,1.5,0.2569999992847442,0.2070000022649765,3.710137512885986,
345848,10.94,0.0766,0.0,0.2770000100135803,0.0860000029206276,5.240708532664743,0.012081404
345848,10.94,0.0766,0.0,0.2770000100135803,0.0860000029206276,5.240708532664743,0.012081404
47674,11.1,0.4696,1.0,0.2870000004768371,0.0659999996423721,6.908599337995359,0.010088019
47674,11.1,0.4696,1.0,0.2870000004768371,0.0659999996423721,6.908599337995359,0.010088019
79712,8.57,0.275,3.0,-99.0,-1.6260000467300415,4.5644663175231495,0.029509375
79712,8.57,0.275,3.0,-99.0,-1.6260000467300415,4.5644663175231495,0.029509375
70808,10.08,0.0165,0.0,0.1759999990463256,-0.1360000073909759,6.908599337995359,0.001867814
70808,10.08,0.0165,0.0,0.1759999990463256,-0.1360000073909759,6.908599337995359,0.001867814
371171,10.15,0.2284,0.0,0.1049999967217445,-0.2759999930858612,2.626576211733084,0.025823023
371171,10.15,0.2284,0.0,0.1049999967217445,-0.2759999930858612,2.626576211733084,0.025823023
508184,10.78,0.2671,1.5,0.3179999887943268,-0.0949999988079071,3.884990906937478,0.2898072
508184,10.78,0.2671,1.5,0.3179999887943268,-0.0949999988079071,3.884990906937478,0.2898072
16525,10.26,0.1198,0.0,0.2669999897480011,-0.0350000001490116,8.499434015590785,0.0002290577
16525,10.26,0.1198,0.0,0.2669999897480011,-0.0350000001490116,8.499434015590785,0.0002290577
228066,10.31,0.774,1.5,0.1150000020861625,-0.1560000032186508,3.710137512885986,0.13598259
228066,10.31,0.774,1.5,0.1150000020861625,-0.1560000032186508,3.710137512885986,0.13598259
230777,10.08,0.1292,-9.0,0.4589999914169311,-0.1560000032186508,8.900000000000006,0.000881952
230777,10.08,0.1292,-9.0,0.4589999914169311,-0.1560000032186508,8.900000000000006,0.000881952
227905,10.79,0.7299,1.0,0.2370000034570694,0.0460000000894069,4.06808488757239,0.01200425
227905,10.79,0.7299,1.0,0.2370000034570694,0.0460000000894069,4.06808488757239,0.01200425
214895,10.27,0.6112,1.0,0.1560000032186508,0.0260000005364418,5.240708532664743,0.0015189442
214895,10.27,0.6112,1.0,0.1560000032186508,0.0260000005364418,5.240708532664743,0.0015189442
536994,11.22,0.4915,1.0,-0.0570000000298023,0.1260000020265579,3.4625017904490982,1.9646922
536994,11.22,0.4915,1.0,-0.0570000000298023,0.1260000020265579,3.4625017904490982,1.9646922
84209,11.06,0.1226,0.0,0.1959999948740005,0.1059999987483024,4.06808488757239,0.30146012
84209,11.06,0.1226,0.0,0.1959999948740005,0.1059999987483024,4.06808488757239,0.30146012
348118,11.2,0.4125,2.0,0.1049999967217445,0.0860000029206276,3.1578391641788226,0.54989386
348118,11.2,0.4125,2.0,0.1049999967217445,0.0860000029206276,3.1578391641788226,0.54989386
70802,11.1,0.1826,0.0,0.3889999985694885,0.0460000000894069,6.01713848098864,
70802,11.1,0.1826,0.0,0.3889999985694885,0.0460000000894069,6.01713848098864,
136871,9.73,0.262,0.5,0.2160000056028366,-0.1759999990463256,10.45658823896182,0.0010750747
136871,9.73,0.262,0.5,0.2160000056028366,-0.1759999990463256,10.45658823896182,0.0010750747
543553,10.35,0.2562,0.5,0.2160000056028366,-0.1560000032186508,10.700153468094982,0.043383792
543553,10.35,0.2562,0.5,0.2160000056028366,-0.1560000032186508,10.700153468094982,0.043383792
372446,10.3,0.2789,-9.0,0.0850000008940696,0.0659999996423721,1.0218567231322258,0.013185533
372446,10.3,0.2789,-9.0,0.0850000008940696,0.0659999996423721,1.0218567231322258,0.013185533
105738,10.5,0.3627,1.0,0.0850000008940696,-0.1150000020861625,5.240708532664743,0.6611112
105738,10.5,0.3627,1.0,0.0850000008940696,-0.1150000020861625,5.240708532664743,0.6611112
600915,10.8,0.4734,1.0,0.2770000100135803,0.0260000005364418,3.884990906937478,0.004095907
600915,10.8,0.4734,1.0,0.2770000100135803,0.0260000005364418,3.884990906937478,0.004095907
485127,11.04,0.6766,2.0,0.1959999948740005,0.0260000005364418,3.884990906937478,0.2120768
485127,11.04,0.6766,2.0,0.1959999948740005,0.0260000005364418,3.884990906937478,0.2120768
593642,9.65,0.5103,1.5,0.0750000029802322,-0.296999990940094,3.383685627252995,0.005976238
593642,9.65,0.5103,1.5,0.0750000029802322,-0.296999990940094,3.383685627252995,0.0059815776
593642,9.65,0.5103,1.5,0.0750000029802322,-0.296999990940094,3.383685627252995,0.0056788693
593642,9.65,0.5103,1.5,0.125,-0.2160000056028366,3.306663538964836,0.005976238
593642,9.65,0.5103,1.5,0.125,-0.2160000056028366,3.306663538964836,0.0059815776
593642,9.65,0.5103,1.5,0.125,-0.2160000056028366,3.306663538964836,0.0056788693
593642,9.65,0.5103,1.5,0.1150000020861625,-0.2560000121593475,4.259807821671483,0.005976238
593642,9.65,0.5103,1.5,0.1150000020861625,-0.2560000121593475,4.259807821671483,0.0059815776
593642,9.65,0.5103,1.5,0.1150000020861625,-0.2560000121593475,4.259807821671483,0.0056788693
593642,9.65,0.5103,1.5,0.0750000029802322,-0.296999990940094,3.383685627252995,0.005976238
593642,9.65,0.5103,1.5,0.0750000029802322,-0.296999990940094,3.383685627252995,0.0059815776
593642,9.65,0.5103,1.5,0.0750000029802322,-0.296999990940094,3.383685627252995,0.0056788693
593642,9.65,0.5103,1.5,0.125,-0.2160000056028366,3.306663538964836,0.005976238
593642,9.65,0.5103,1.5,0.125,-0.2160000056028366,3.306663538964836,0.0059815776
593642,9.65,0.5103,1.5,0.125,-0.2160000056028366,3.306663538964836,0.0056788693
593642,9.65,0.5103,1.5,0.1150000020861625,-0.2560000121593475,4.259807821671483,0.005976238
593642,9.65,0.5103,1.5,0.1150000020861625,-0.2560000121593475,4.259807821671483,0.0059815776
593642,9.65,0.5103,1.5,0.1150000020861625,-0.2560000121593475,4.259807821671483,0.0056788693
238282,10.48,0.3792,1.0,0.1959999948740005,-0.1150000020861625,5.6155203658737225,0.010227752
238282,10.48,0.3792,1.0,0.1959999948740005,-0.1150000020861625,5.6155203658737225,0.010227752
39671,9.51,0.089,-9.0,0.2770000100135803,-0.9810000061988832,1.9471078453151025,0.2015178
39671,9.51,0.089,-9.0,0.2770000100135803,-0.9810000061988832,1.9471078453151025,0.2015178
40419,10.96,0.7814,1.5,0.1150000020861625,0.0860000029206276,5.487695516567193,0.4154912
40419,10.96,0.7814,1.5,0.1150000020861625,0.0860000029206276,5.487695516567193,0.4154912
208876,10.39,0.5937,1.0,0.2469999939203262,-0.1150000020861625,10.218567231322265,0.005190637
208876,10.39,0.5937,1.0,0.2469999939203262,-0.1150000020861625,10.218567231322265,0.005190637
609358,10.95,0.7024,1.5,0.1459999978542328,0.2269999980926513,4.06808488757239,0.07963741
609358,10.95,0.7024,1.5,0.1459999978542328,0.2269999980926513,4.06808488757239,0.07963741
185914,11.16,0.159,0.5,0.1560000032186508,0.0460000000894069,3.1578391641788226,1.205431
185914,11.16,0.159,0.5,0.1560000032186508,0.0460000000894069,3.1578391641788226,1.205431
592294,10.55,0.5316,1.0,0.3379999995231628,-0.0750000029802322,7.751575950609121,0.00038629436
592294,10.55,0.5316,1.0,0.3379999995231628,-0.0750000029802322,7.751575950609121,0.00038629436
548946,10.42,0.3883,2.0,0.3179999887943268,-0.8199999928474426,2.184690934959677,2.9006836
548946,10.42,0.3883,2.0,0.3179999887943268,-0.8199999928474426,2.184690934959677,2.9006836
516973,10.83,0.2743,2.0,0.3079999983310699,0.0049999998882412,6.447480044667415,0.05198733
516973,10.83,0.2743,2.0,0.3079999983310699,0.0049999998882412,6.447480044667415,0.05198733
460767,10.15,0.6842,1.5,0.1560000032186508,-0.0350000001490116,5.7463226384084365,0.002187688
460767,10.15,0.6842,1.5,0.1560000032186508,-0.0350000001490116,5.7463226384084365,0.002187688
618930,10.49,0.3011,0.5,0.2669999897480011,-0.0949999988079071,10.949392060230204,0.0009506887
618930,10.49,0.3011,0.5,0.2669999897480011,-0.0949999988079071,10.949392060230204,0.0007545004
618930,10.49,0.3011,0.5,0.2469999939203262,0.0659999996423721,10.45658823896182,0.0009506887
618930,10.49,0.3011,0.5,0.2469999939203262,0.0659999996423721,10.45658823896182,0.0007545004
618930,10.49,0.3011,0.5,0.2669999897480011,-0.0949999988079071,10.949392060230204,0.0009506887
618930,10.49,0.3011,0.5,0.2669999897480011,-0.0949999988079071,10.949392060230204,0.0007545004
618930,10.49,0.3011,0.5,0.2469999939203262,0.0659999996423721,10.45658823896182,0.0009506887
618930,10.49,0.3011,0.5,0.2469999939203262,0.0659999996423721,10.45658823896182,0.0007545004
371633,10.92,0.4159,2.0,0.3079999983310699,-0.0750000029802322,3.625684472456604,0.23859522
371633,10.92,0.4159,2.0,0.3079999983310699,-0.0750000029802322,3.625684472456604,0.23859522
273845,11.24,0.0314,0.0,0.2469999939203262,0.0860000029206276,4.359031492379173,0.036428373
273845,11.24,0.0314,0.0,0.2469999939203262,0.0860000029206276,4.359031492379173,0.036428373
601210,11.01,0.2614,1.0,0.2770000100135803,-0.2160000056028366,8.499434015590785,0.08254628
601210,11.01,0.2614,1.0,0.2770000100135803,-0.2160000056028366,8.499434015590785,0.08254628
504730,10.95,0.4913,1.0,0.2569999992847442,0.2469999939203262,3.4625017904490982,
504730,10.95,0.4913,1.0,0.2569999992847442,0.2469999939203262,3.4625017904490982,
238211,11.04,0.0702,0.0,0.2569999992847442,0.2469999939203262,7.575128540001153,0.028014198
238211,11.04,0.0702,0.0,0.2569999992847442,0.2469999939203262,7.575128540001153,0.028014198
279066,8.25,0.2765,3.0,-99.0,-99.0,-99.0,0.022203058
279066,8.25,0.2765,3.0,-99.0,-99.0,-99.0,0.022203058
380578,10.15,0.0878,0.0,0.1150000020861625,-0.0350000001490116,3.710137512885986,
380578,10.15,0.0878,0.0,0.1150000020861625,-0.0350000001490116,3.710137512885986,
618938,10.64,0.4876,1.0,0.1959999948740005,0.1260000020265579,17.353616937846613,0.00091052137
618938,10.64,0.4876,1.0,0.1959999948740005,0.1260000020265579,17.353616937846613,0.00091052137
319067,10.93,0.5119,1.0,0.3179999887943268,-0.0949999988079071,5.7463226384084365,0.004246934
319067,10.93,0.5119,1.0,0.3179999887943268,-0.0949999988079071,5.7463226384084365,0.004246934
65408,10.92,0.1226,0.0,0.3179999887943268,-0.0750000029802322,5.487695516567193,0.018878259
65408,10.92,0.1226,0.0,0.3179999887943268,-0.0750000029802322,5.487695516567193,0.018878259
570207,10.75,0.4777,1.0,0.1049999967217445,0.0460000000894069,5.487695516567193,0.008277154
570207,10.75,0.4777,1.0,0.1049999967217445,0.0460000000894069,5.487695516567193,0.008277154
91686,10.85,0.514,1.0,0.3079999983310699,-0.0949999988079071,9.985964243287482,0.054505542
91686,10.85,0.514,1.0,0.3079999983310699,-0.0949999988079071,9.985964243287482,0.054505542
9352,8.97,0.4717,2.5,0.296999990940094,-1.162999987602234,2.8799835466736923,0.06983864
9352,8.97,0.4717,2.5,0.296999990940094,-1.162999987602234,2.8799835466736923,0.06983864
30361,11.33,0.3236,1.0,0.1860000044107437,0.2269999980926513,4.359031492379173,0.040773533
30361,11.33,0.3236,1.0,0.1860000044107437,0.2269999980926513,4.359031492379173,0.060222454
30361,11.33,0.3236,1.0,0.1860000044107437,0.2269999980926513,4.359031492379173,0.07394054
30361,11.33,0.3236,1.0,0.1560000032186508,0.1870000064373016,4.359031492379173,0.040773533
30361,11.33,0.3236,1.0,0.1560000032186508,0.1870000064373016,4.359031492379173,0.060222454
30361,11.33,0.3236,1.0,0.1560000032186508,0.1870000064373016,4.359031492379173,0.07394054
30361,11.33,0.3236,1.0,0.135000005364418,0.2269999980926513,4.359031492379173,0.040773533
30361,11.33,0.3236,1.0,0.135000005364418,0.2269999980926513,4.359031492379173,0.060222454
30361,11.33,0.3236,1.0,0.135000005364418,0.2269999980926513,4.359031492379173,0.07394054
30361,11.33,0.3236,1.0,0.1860000044107437,0.2269999980926513,4.359031492379173,0.040773533
30361,11.33,0.3236,1.0,0.1860000044107437,0.2269999980926513,4.359031492379173,0.060222454
30361,11.33,0.3236,1.0,0.1860000044107437,0.2269999980926513,4.359031492379173,0.07394054
30361,11.33,0.3236,1.0,0.1560000032186508,0.1870000064373016,4.359031492379173,0.040773533
30361,11.33,0.3236,1.0,0.1560000032186508,0.1870000064373016,4.359031492379173,0.060222454
30361,11.33,0.3236,1.0,0.1560000032186508,0.1870000064373016,4.359031492379173,0.07394054
30361,11.33,0.3236,1.0,0.135000005364418,0.2269999980926513,4.359031492379173,0.040773533
30361,11.33,0.3236,1.0,0.135000005364418,0.2269999980926513,4.359031492379173,0.060222454
30361,11.33,0.3236,1.0,0.135000005364418,0.2269999980926513,4.359031492379173,0.07394054
185567,10.9,0.3816,0.5,0.1560000032186508,0.0860000029206276,5.487695516567193,
185567,10.9,0.3816,0.5,0.1560000032186508,0.0860000029206276,5.487695516567193,
618143,10.62,0.7439,1.5,0.3580000102519989,0.0659999996423721,5.487695516567193,0.0023511427
618143,10.62,0.7439,1.5,0.3580000102519989,0.0659999996423721,5.487695516567193,0.0023511427
569466,11.14,0.4732,2.0,0.0649999976158142,0.2669999897480011,4.162842757456065,0.36344486
569466,11.14,0.4732,2.0,0.0649999976158142,0.2669999897480011,4.162842757456065,0.36344486
492486,10.12,0.0884,0.0,0.3179999887943268,-0.0549999997019767,12.86441395963876,0.0052106315
492486,10.12,0.0884,0.0,0.3179999887943268,-0.0549999997019767,12.86441395963876,0.0052106315
220112,10.12,0.0418,0.0,0.1049999967217445,-0.0949999988079071,4.06808488757239,0.00270728
220112,10.12,0.0418,0.0,0.1049999967217445,-0.0949999988079071,4.06808488757239,0.00270728
289097,10.76,0.4437,1.5,0.2160000056028366,0.0659999996423721,4.06808488757239,0.016243733
289097,10.76,0.4437,1.5,0.2160000056028366,0.0659999996423721,4.06808488757239,0.016243733
504879,10.43,0.0556,0.5,0.2469999939203262,-0.0949999988079071,8.1168964702676,
504879,10.43,0.0556,0.5,0.2469999939203262,-0.0949999988079071,8.1168964702676,
423267,10.02,0.4781,1.0,0.0439999997615814,-0.1150000020861625,4.259807821671483,0.0037802693
423267,10.02,0.4781,1.0,0.0439999997615814,-0.1150000020861625,4.259807821671483,0.0037802693
618947,10.59,0.2437,0.5,0.2469999939203262,-0.0350000001490116,9.536521816614703,0.0051357667
618947,10.59,0.2437,0.5,0.2469999939203262,-0.0350000001490116,9.536521816614703,0.0051357667
508568,10.3,0.7311,1.5,0.2060000002384185,0.1059999987483024,3.306663538964836,0.10573719
508568,10.3,0.7311,1.5,0.2060000002384185,0.1059999987483024,3.306663538964836,0.10573719
296934,10.21,0.1974,2.5,0.2060000002384185,-0.800000011920929,1.6195337641628855,2.7405386
296934,10.21,0.1974,2.5,0.2060000002384185,-0.800000011920929,1.6195337641628855,2.7405386
238276,10.58,0.5738,1.0,0.1560000032186508,0.1870000064373016,3.4625017904490982,
238276,10.58,0.5738,1.0,0.1560000032186508,0.1870000064373016,3.4625017904490982,
16317,10.53,0.4395,1.0,0.0949999988079071,-0.0149999996647238,3.710137512885986,0.008120212
16317,10.53,0.4395,1.0,0.0949999988079071,-0.0149999996647238,3.710137512885986,0.008120212
381157,10.36,0.5238,1.0,0.3479999899864197,0.0659999996423721,6.01713848098864,0.0005474165
381157,10.36,0.5238,1.0,0.3479999899864197,0.0659999996423721,6.01713848098864,0.0005474165
373105,10.79,0.321,1.5,0.2770000100135803,-0.0350000001490116,8.1168964702676,0.031041423
373105,10.79,0.321,1.5,0.2770000100135803,-0.0350000001490116,8.1168964702676,0.031041423
493702,8.53,0.1876,5.0,0.4090000092983246,-1.6859999895095823,5.880171687267607,0.47126076
493702,8.53,0.1876,5.0,0.4090000092983246,-1.6859999895095823,5.880171687267607,0.87607783
493702,8.53,0.1876,5.0,0.4090000092983246,-1.6859999895095823,5.880171687267607,0.26341832
493702,8.53,0.1876,5.0,0.296999990940094,-1.807000041007996,5.487695516567193,0.47126076
493702,8.53,0.1876,5.0,0.296999990940094,-1.807000041007996,5.487695516567193,0.87607783
493702,8.53,0.1876,5.0,0.296999990940094,-1.807000041007996,5.487695516567193,0.26341832
493702,8.53,0.1876,5.0,0.1150000020861625,-1.565000057220459,5.3627803160617855,0.47126076
493702,8.53,0.1876,5.0,0.1150000020861625,-1.565000057220459,5.3627803160617855,0.87607783
493702,8.53,0.1876,5.0,0.1150000020861625,-1.565000057220459,5.3627803160617855,0.26341832
493702,8.53,0.1876,5.0,0.4090000092983246,-1.6859999895095823,5.880171687267607,0.47126076
493702,8.53,0.1876,5.0,0.4090000092983246,-1.6859999895095823,5.880171687267607,0.87607783
493702,8.53,0.1876,5.0,0.4090000092983246,-1.6859999895095823,5.880171687267607,0.26341832
493702,8.53,0.1876,5.0,0.296999990940094,-1.807000041007996,5.487695516567193,0.47126076
493702,8.53,0.1876,5.0,0.296999990940094,-1.807000041007996,5.487695516567193,0.87607783
493702,8.53,0.1876,5.0,0.296999990940094,-1.807000041007996,5.487695516567193,0.26341832
493702,8.53,0.1876,5.0,0.1150000020861625,-1.565000057220459,5.3627803160617855,0.47126076
493702,8.53,0.1876,5.0,0.1150000020861625,-1.565000057220459,5.3627803160617855,0.87607783
493702,8.53,0.1876,5.0,0.1150000020861625,-1.565000057220459,5.3627803160617855,0.26341832
279932,11.0,0.3069,0.0,0.3989999890327453,0.0659999996423721,3.796557717334176,0.04373559
279932,11.0,0.3069,0.0,0.3989999890327453,0.0659999996423721,3.796557717334176,0.04373559
79810,10.0,0.1149,0.0,0.0540000014007091,-0.0949999988079071,2.508360808825364,0.013394998
79810,10.0,0.1149,0.0,0.0540000014007091,-0.0949999988079071,2.508360808825364,0.014271346
79810,10.0,0.1149,0.0,0.0540000014007091,-0.0949999988079071,2.508360808825364,0.02108256
79810,10.0,0.1149,0.0,0.0750000029802322,-0.1360000073909759,2.56678803778268,0.013394998
79810,10.0,0.1149,0.0,0.0750000029802322,-0.1360000073909759,2.56678803778268,0.014271346
79810,10.0,0.1149,0.0,0.0750000029802322,-0.1360000073909759,2.56678803778268,0.02108256
79810,10.0,0.1149,0.0,0.0340000018477439,-0.1959999948740005,2.750362934937096,0.013394998
79810,10.0,0.1149,0.0,0.0340000018477439,-0.1959999948740005,2.750362934937096,0.014271346
79810,10.0,0.1149,0.0,0.0340000018477439,-0.1959999948740005,2.750362934937096,0.02108256
79810,10.0,0.1149,0.0,0.0540000014007091,-0.0949999988079071,2.508360808825364,0.013394998
79810,10.0,0.1149,0.0,0.0540000014007091,-0.0949999988079071,2.508360808825364,0.014271346
79810,10.0,0.1149,0.0,0.0540000014007091,-0.0949999988079071,2.508360808825364,0.02108256
79810,10.0,0.1149,0.0,0.0750000029802322,-0.1360000073909759,2.56678803778268,0.013394998
79810,10.0,0.1149,0.0,0.0750000029802322,-0.1360000073909759,2.56678803778268,0.014271346
79810,10.0,0.1149,0.0,0.0750000029802322,-0.1360000073909759,2.56678803778268,0.02108256
79810,10.0,0.1149,0.0,0.0340000018477439,-0.1959999948740005,2.750362934937096,0.013394998
79810,10.0,0.1149,0.0,0.0340000018477439,-0.1959999948740005,2.750362934937096,0.014271346
79810,10.0,0.1149,0.0,0.0340000018477439,-0.1959999948740005,2.750362934937096,0.02108256
418630,10.41,0.6861,1.0,0.3079999983310699,0.1459999978542328,6.447480044667415,9.353479e-06
418630,10.41,0.6861,1.0,0.3079999983310699,0.1459999978542328,6.447480044667415,9.353479e-06
208589,10.56,0.4924,2.0,-0.1889999955892563,-0.6190000176429749,1.9924618133258227,5.3507123
208589,10.56,0.4924,2.0,-0.1889999955892563,-0.6190000176429749,1.9924618133258227,5.3507123
618904,10.14,0.6881,1.5,0.2160000056028366,-0.0750000029802322,7.751575950609121,
618904,10.14,0.6881,1.5,0.2160000056028366,-0.0750000029802322,7.751575950609121,
618904,10.14,0.6881,1.5,0.1759999990463256,0.0460000000894069,5.7463226384084365,
618904,10.14,0.6881,1.5,0.1759999990463256,0.0460000000894069,5.7463226384084365,
618904,10.14,0.6881,1.5,0.2160000056028366,-0.0750000029802322,7.751575950609121,
618904,10.14,0.6881,1.5,0.2160000056028366,-0.0750000029802322,7.751575950609121,
618904,10.14,0.6881,1.5,0.1759999990463256,0.0460000000894069,5.7463226384084365,
618904,10.14,0.6881,1.5,0.1759999990463256,0.0460000000894069,5.7463226384084365,
220437,11.09,0.0507,0.0,0.2569999992847442,-0.0949999988079071,5.7463226384084365,0.10187054
220437,11.09,0.0507,0.0,0.2569999992847442,-0.0949999988079071,5.7463226384084365,0.10187054
585215,11.03,0.1342,0.0,0.2770000100135803,0.2070000022649765,4.259807821671483,0.016226603
585215,11.03,0.1342,0.0,0.2770000100135803,0.2070000022649765,4.259807821671483,0.016226603
386673,11.06,0.3601,0.5,0.2370000034570694,0.0860000029206276,5.6155203658737225,0.0025976917
386673,11.06,0.3601,0.5,0.2370000034570694,0.0860000029206276,5.6155203658737225,0.0025976917
618937,10.29,0.1979,0.5,0.1860000044107437,0.0460000000894069,5.240708532664743,
618937,10.29,0.1979,0.5,0.1860000044107437,0.0460000000894069,5.240708532664743,0.0004128798
618937,10.29,0.1979,0.5,0.1560000032186508,0.0260000005364418,5.487695516567193,
618937,10.29,0.1979,0.5,0.1560000032186508,0.0260000005364418,5.487695516567193,0.0004128798
618937,10.29,0.1979,0.5,0.1860000044107437,0.0460000000894069,5.240708532664743,
618937,10.29,0.1979,0.5,0.1860000044107437,0.0460000000894069,5.240708532664743,0.0004128798
618937,10.29,0.1979,0.5,0.1560000032186508,0.0260000005364418,5.487695516567193,
618937,10.29,0.1979,0.5,0.1560000032186508,0.0260000005364418,5.487695516567193,0.0004128798
92592,11.06,0.3618,1.0,0.0949999988079071,0.2269999980926513,3.543153817926126,0.031539503
92592,11.06,0.3618,1.0,0.0949999988079071,0.2269999980926513,3.543153817926126,0.031539503
272439,10.49,0.5368,1.0,0.0949999988079071,0.1459999978542328,4.06808488757239,0.0029456834
272439,10.49,0.5368,1.0,0.0949999988079071,0.1459999978542328,4.06808488757239,0.0029456834
377710,10.03,0.1418,0.5,0.2269999980926513,-0.1759999990463256,7.234191593860486,0.0007371707
377710,10.03,0.1418,0.5,0.2269999980926513,-0.1759999990463256,7.234191593860486,0.0007371707
208652,11.0,0.0048,0.0,0.1150000020861625,-0.0350000001490116,3.884990906937478,0.5592969
208652,11.0,0.0048,0.0,0.1150000020861625,-0.0350000001490116,3.884990906937478,0.5592969
91697,10.64,0.2489,0.5,0.2160000056028366,-0.1360000073909759,5.3627803160617855,0.27229998
91697,10.64,0.2489,0.5,0.2160000056028366,-0.1360000073909759,5.3627803160617855,0.27229998
238358,10.78,0.253,2.0,-0.0160000007599592,-0.0750000029802322,1.8594735564600955,3.7487395
238358,10.78,0.253,2.0,-0.0160000007599592,-0.0750000029802322,1.8594735564600955,3.7487395
271538,10.97,0.2246,0.5,0.2060000002384185,0.0460000000894069,5.7463226384084365,0.017932123
271538,10.97,0.2246,0.5,0.2060000002384185,0.0460000000894069,5.7463226384084365,0.017932123
319018,10.05,0.4973,3.0,0.2060000002384185,-0.8199999928474426,1.902786259656987,0.65639764
319018,10.05,0.4973,3.0,0.2060000002384185,-0.8199999928474426,1.902786259656987,0.65639764
23070,10.92,0.3456,1.0,0.0850000008940696,0.0260000005364418,3.4625017904490982,0.03520396
23070,10.92,0.3456,1.0,0.0850000008940696,0.0260000005364418,3.4625017904490982,0.03520396
303099,10.35,0.1174,2.0,0.1459999978542328,-0.0549999997019767,3.796557717334176,0.073412985
303099,10.35,0.1174,2.0,0.1459999978542328,-0.0549999997019767,3.796557717334176,0.073412985
485047,10.28,0.7945,1.5,0.0949999988079071,0.0860000029206276,4.06808488757239,0.0011640494
485047,10.28,0.7945,1.5,0.0949999988079071,0.0860000029206276,4.06808488757239,0.0011640494
621988,10.96,0.108,2.0,0.0040000001899898,-0.0750000029802322,1.8594735564600955,1.1575702
621988,10.96,0.108,2.0,0.0040000001899898,-0.0750000029802322,1.8594735564600955,1.1575702
376161,8.2,0.3731,3.0,-99.0,0.0049999998882412,1.0218567231322258,0.0011864946
376161,8.2,0.3731,3.0,-99.0,0.0049999998882412,1.0218567231322258,0.0011864946
347432,11.12,0.5464,1.0,0.2469999939203262,0.2070000022649765,3.975483970143573,0.007687787
347432,11.12,0.5464,1.0,0.2469999939203262,0.2070000022649765,3.975483970143573,0.008957295
347432,11.12,0.5464,1.0,0.2669999897480011,0.1260000020265579,3.796557717334176,0.007687787
347432,11.12,0.5464,1.0,0.2669999897480011,0.1260000020265579,3.796557717334176,0.008957295
347432,11.12,0.5464,1.0,0.2469999939203262,0.2070000022649765,3.975483970143573,0.007687787
347432,11.12,0.5464,1.0,0.2469999939203262,0.2070000022649765,3.975483970143573,0.008957295
347432,11.12,0.5464,1.0,0.2669999897480011,0.1260000020265579,3.796557717334176,0.007687787
347432,11.12,0.5464,1.0,0.2669999897480011,0.1260000020265579,3.796557717334176,0.008957295
517278,11.06,0.4134,0.5,0.1659999936819076,0.1669999957084655,3.625684472456604,0.14533965
517278,11.06,0.4134,0.5,0.1659999936819076,0.1669999957084655,3.625684472456604,0.14533965
238453,10.69,0.1013,0.5,0.4090000092983246,0.0659999996423721,6.157295641178537,0.11790737
238453,10.69,0.1013,0.5,0.4090000092983246,0.0659999996423721,6.157295641178537,0.11790737
92773,10.85,0.0284,0.0,0.2669999897480011,-0.1360000073909759,8.499434015590785,0.026718428
92773,10.85,0.0284,0.0,0.2669999897480011,-0.1360000073909759,8.499434015590785,0.026718428
202399,10.95,0.3089,1.0,0.1659999936819076,0.0460000000894069,5.487695516567193,0.14447054
202399,10.95,0.3089,1.0,0.1659999936819076,0.0460000000894069,5.487695516567193,0.14447054
623017,10.85,0.0801,0.5,0.2469999939203262,-0.0549999997019767,9.985964243287482,0.06799388
623017,10.85,0.0801,0.5,0.2469999939203262,-0.0549999997019767,9.985964243287482,0.06799388
508132,11.04,0.3414,1.0,0.4289999902248382,-0.1759999990463256,9.758655945674352,0.029083036
508132,11.04,0.3414,1.0,0.4289999902248382,-0.1759999990463256,9.758655945674352,0.029083036
382659,10.76,0.6056,1.0,0.135000005364418,-0.0549999997019767,5.7463226384084365,0.19703947
382659,10.76,0.6056,1.0,0.135000005364418,-0.0549999997019767,5.7463226384084365,0.19703947
617665,9.05,0.2881,-9.0,0.0649999976158142,-1.2230000495910645,3.015712989638904,0.061335046
617665,9.05,0.2881,-9.0,0.0649999976158142,-1.2230000495910645,3.015712989638904,0.061335046
205085,11.23,0.2387,0.0,0.3989999890327453,-0.1360000073909759,8.499434015590785,
205085,11.23,0.2387,0.0,0.3989999890327453,-0.1360000073909759,8.499434015590785,
250183,10.23,0.1163,0.5,0.3779999911785126,-0.1560000032186508,11.204436164968095,0.0018756399
250183,10.23,0.1163,0.5,0.3779999911785126,-0.1560000032186508,11.204436164968095,0.0018756399
202443,10.18,0.429,2.0,0.2160000056028366,-0.3970000147819519,3.383685627252995,0.0836617
202443,10.18,0.429,2.0,0.2160000056028366,-0.3970000147819519,3.383685627252995,0.0836617
272488,10.33,0.1975,0.5,0.2370000034570694,0.0860000029206276,6.751340417759738,0.00031089038
272488,10.33,0.1975,0.5,0.2370000034570694,0.0860000029206276,6.751340417759738,0.00031089038
375751,10.95,0.6567,2.0,0.0750000029802322,0.0659999996423721,5.3627803160617855,0.28562418
375751,10.95,0.6567,2.0,0.0750000029802322,0.0659999996423721,5.3627803160617855,0.28562418
288992,10.38,0.3588,2.0,0.125,-0.0750000029802322,5.7463226384084365,0.010654607
288992,10.38,0.3588,2.0,0.125,-0.0750000029802322,5.7463226384084365,0.010654607
23341,11.01,0.1526,0.0,0.1150000020861625,0.1870000064373016,3.543153817926126,0.18743338
23341,11.01,0.1526,0.0,0.1150000020861625,0.1870000064373016,3.543153817926126,0.18743338
228708,10.99,0.103,0.0,0.2160000056028366,0.1870000064373016,5.7463226384084365,0.0090346215
228708,10.99,0.103,0.0,0.2160000056028366,0.1870000064373016,5.7463226384084365,0.0090346215
205211,10.43,0.1969,0.5,0.296999990940094,-0.2560000121593475,8.499434015590785,
205211,10.43,0.1969,0.5,0.296999990940094,-0.2560000121593475,8.499434015590785,
30615,11.13,0.2042,0.5,0.1659999936819076,0.2269999980926513,4.06808488757239,0.0873596
30615,11.13,0.2042,0.5,0.1659999936819076,0.2269999980926513,4.06808488757239,0.0873596
209697,10.26,0.6398,2.0,0.0340000018477439,-0.1959999948740005,1.7353616937846603,0.70235497
209697,10.26,0.6398,2.0,0.0340000018477439,-0.1959999948740005,1.7353616937846603,0.70235497
54918,11.18,0.1073,0.0,0.1459999978542328,0.2070000022649765,4.259807821671483,0.35679436
54918,11.18,0.1073,0.0,0.1459999978542328,0.2070000022649765,4.259807821671483,0.35679436
214363,10.99,0.3061,1.0,0.1459999978542328,0.0659999996423721,5.487695516567193,0.02652389
214363,10.99,0.3061,1.0,0.1459999978542328,0.0659999996423721,5.487695516567193,0.02652389
185557,9.62,0.2395,3.0,-99.0,-1.807000041007996,3.975483970143573,0.039663386
185557,9.62,0.2395,3.0,-99.0,-1.807000041007996,3.975483970143573,0.039663386
216149,10.63,0.6597,1.0,0.3379999995231628,0.0659999996423721,6.447480044667415,0.0017098297
216149,10.63,0.6597,1.0,0.3379999995231628,0.0659999996423721,6.447480044667415,0.0017098297
106810,10.74,0.7556,1.5,0.1959999948740005,0.0260000005364418,3.884990906937478,0.49786144
106810,10.74,0.7556,1.5,0.1959999948740005,0.0260000005364418,3.884990906937478,0.49786144
279878,11.26,0.0575,0.0,0.2269999980926513,0.0659999996423721,4.259807821671483,0.033022378
279878,11.26,0.0575,0.0,0.2269999980926513,0.0659999996423721,4.259807821671483,0.033022378
492690,10.23,0.2411,0.5,0.1049999967217445,-0.0949999988079071,5.240708532664743,0.003193737
492690,10.23,0.2411,0.5,0.1049999967217445,-0.0949999988079071,5.240708532664743,0.003193737
346837,10.13,0.0036,0.0,0.3079999983310699,-0.1959999948740005,13.164064654697052,0.0045425654
346837,10.13,0.0036,0.0,0.3079999983310699,-0.1959999948740005,13.164064654697052,0.0045425654
373168,11.2,0.1415,0.0,0.2269999980926513,0.2269999980926513,6.447480044667415,0.02526713
373168,11.2,0.1415,0.0,0.2269999980926513,0.2269999980926513,6.447480044667415,0.02526713
93803,10.94,0.1723,0.0,0.135000005364418,0.0860000029206276,2.8799835466736923,0.016586086
93803,10.94,0.1723,0.0,0.135000005364418,0.0860000029206276,2.8799835466736923,0.016586086
230567,11.04,0.3618,1.0,0.3479999899864197,0.0260000005364418,5.6155203658737225,0.011679741
230567,11.04,0.3618,1.0,0.3479999899864197,0.0260000005364418,5.6155203658737225,0.011679741
345758,11.2,0.1501,0.0,0.2370000034570694,0.1260000020265579,4.259807821671483,0.027671611
345758,11.2,0.1501,0.0,0.2370000034570694,0.1260000020265579,4.259807821671483,0.027671611
279905,10.43,0.3402,0.5,0.2060000002384185,0.0659999996423721,3.884990906937478,0.019031547
279905,10.43,0.3402,0.5,0.2060000002384185,0.0659999996423721,3.884990906937478,0.019031547
534760,10.72,0.1795,0.0,0.2269999980926513,0.0049999998882412,9.536521816614703,0.03501388
534760,10.72,0.1795,0.0,0.2269999980926513,0.0049999998882412,9.536521816614703,0.05592616
534760,10.72,0.1795,0.0,0.2269999980926513,0.0049999998882412,9.536521816614703,0.04648
534760,10.72,0.1795,0.0,0.2669999897480011,0.0460000000894069,4.162842757456065,0.03501388
534760,10.72,0.1795,0.0,0.2669999897480011,0.0460000000894069,4.162842757456065,0.05592616
534760,10.72,0.1795,0.0,0.2669999897480011,0.0460000000894069,4.162842757456065,0.04648
534760,10.72,0.1795,0.0,0.2669999897480011,0.0460000000894069,4.259807821671483,0.03501388
534760,10.72,0.1795,0.0,0.2669999897480011,0.0460000000894069,4.259807821671483,0.05592616
534760,10.72,0.1795,0.0,0.2669999897480011,0.0460000000894069,4.259807821671483,0.04648
534760,10.72,0.1795,0.0,0.2269999980926513,0.0049999998882412,9.536521816614703,0.03501388
534760,10.72,0.1795,0.0,0.2269999980926513,0.0049999998882412,9.536521816614703,0.05592616
534760,10.72,0.1795,0.0,0.2269999980926513,0.0049999998882412,9.536521816614703,0.04648
534760,10.72,0.1795,0.0,0.2669999897480011,0.0460000000894069,4.162842757456065,0.03501388
534760,10.72,0.1795,0.0,0.2669999897480011,0.0460000000894069,4.162842757456065,0.05592616
534760,10.72,0.1795,0.0,0.2669999897480011,0.0460000000894069,4.162842757456065,0.04648
534760,10.72,0.1795,0.0,0.2669999897480011,0.0460000000894069,4.259807821671483,0.03501388
534760,10.72,0.1795,0.0,0.2669999897480011,0.0460000000894069,4.259807821671483,0.05592616
534760,10.72,0.1795,0.0,0.2669999897480011,0.0460000000894069,4.259807821671483,0.04648
238203,10.02,0.3546,1.5,0.125,-0.2160000056028366,9.985964243287482,0.00021720926
238203,10.02,0.3546,1.5,0.125,-0.2160000056028366,9.985964243287482,0.00021720926
345767,11.04,0.2172,0.5,0.2469999939203262,0.0659999996423721,5.487695516567193,0.055875447
345767,11.04,0.2172,0.5,0.2469999939203262,0.0659999996423721,5.487695516567193,0.055875447
485882,10.46,0.5252,2.0,0.1860000044107437,0.1059999987483024,4.06808488757239,
485882,10.46,0.5252,2.0,0.1860000044107437,0.1059999987483024,4.06808488757239,
55160,8.43,0.3837,3.0,-99.0,-1.6059999465942385,1.1732484973152024,0.03352078
55160,8.43,0.3837,3.0,-99.0,-1.6059999465942385,1.1732484973152024,0.03352078
599834,11.21,0.0704,0.0,0.1860000044107437,0.0860000029206276,4.359031492379173,0.032389667
599834,11.21,0.0704,0.0,0.1860000044107437,0.0860000029206276,4.359031492379173,0.032389667
584682,11.4,0.3967,1.0,0.1659999936819076,0.1260000020265579,7.575128540001153,0.12250956
584682,11.4,0.3967,1.0,0.1659999936819076,0.1260000020265579,7.575128540001153,0.12250956
382505,10.63,0.1039,0.0,0.1560000032186508,0.1870000064373016,3.306663538964836,0.0032873526
382505,10.63,0.1039,0.0,0.1560000032186508,0.1870000064373016,3.306663538964836,0.0032873526
23265,11.0,0.1177,0.0,0.0949999988079071,0.1260000020265579,5.3627803160617855,0.04294812
23265,11.0,0.1177,0.0,0.0949999988079071,0.1260000020265579,5.3627803160617855,0.04294812
278109,10.34,0.5195,1.5,0.2269999980926513,-0.0750000029802322,5.487695516567193,
278109,10.34,0.5195,1.5,0.2269999980926513,-0.0750000029802322,5.487695516567193,
202360,10.39,0.2662,2.0,0.0850000008940696,0.0460000000894069,5.487695516567193,0.0057810703
202360,10.39,0.2662,2.0,0.0850000008940696,0.0460000000894069,5.487695516567193,0.0057810703
105519,10.34,0.508,1.0,0.0540000014007091,0.0659999996423721,2.8799835466736923,0.0019045012
105519,10.34,0.508,1.0,0.0540000014007091,0.0659999996423721,2.8799835466736923,0.0019045012
70114,9.03,0.0734,0.0,0.4189999997615814,-1.3240000009536743,5.004837794194108,0.11589301
70114,9.03,0.0734,0.0,0.4189999997615814,-1.3240000009536743,5.004837794194108,0.11589301
250179,10.19,0.1686,-9.0,0.2370000034570694,-0.0350000001490116,3.884990906937478,
250179,10.19,0.1686,-9.0,0.2370000034570694,-0.0350000001490116,3.884990906937478,
544749,10.9,0.4067,1.0,0.328000009059906,0.0260000005364418,7.402697562813775,
544749,10.9,0.4067,1.0,0.328000009059906,0.0260000005364418,7.402697562813775,
537084,10.95,0.4214,1.0,0.1759999990463256,0.0460000000894069,2.4512635459709684,0.07639202
537084,10.95,0.4214,1.0,0.1759999990463256,0.0460000000894069,2.4512635459709684,0.07639202
323854,10.71,0.4848,1.5,0.296999990940094,-0.5989999771118164,2.235578924043527,1.1454395
323854,10.71,0.4848,1.5,0.296999990940094,-0.5989999771118164,2.235578924043527,1.1454395
371976,10.55,0.4281,1.0,0.0140000004321336,-0.1560000032186508,2.235578924043527,0.52378595
371976,10.55,0.4281,1.0,0.0140000004321336,-0.1560000032186508,2.235578924043527,0.52378595
215579,10.75,0.5272,2.0,0.1860000044107437,0.0659999996423721,3.625684472456604,0.22901833
215579,10.75,0.5272,2.0,0.1860000044107437,0.0659999996423721,3.625684472456604,0.22901833
536963,10.92,0.3173,0.5,0.2160000056028366,0.0860000029206276,5.487695516567193,0.35339174
536963,10.92,0.3173,0.5,0.2160000056028366,0.0860000029206276,5.487695516567193,0.35339174
185085,10.96,0.5084,1.0,0.2060000002384185,0.1059999987483024,4.162842757456065,0.00019415554
185085,10.96,0.5084,1.0,0.2060000002384185,0.1059999987483024,4.162842757456065,0.00019415554
227266,10.96,0.1132,0.0,0.1959999948740005,0.0860000029206276,3.383685627252995,0.3234259
227266,10.96,0.1132,0.0,0.1959999948740005,0.0860000029206276,3.383685627252995,0.3234259
137838,11.05,0.2109,0.0,0.1659999936819076,0.1459999978542328,3.383685627252995,0.03980234
137838,11.05,0.2109,0.0,0.1659999936819076,0.1459999978542328,3.383685627252995,0.03980234
570110,8.42,0.4682,3.0,-99.0,-99.0,-99.0,0.0025721232
570110,8.42,0.4682,3.0,-99.0,-99.0,-99.0,0.002896125
570110,8.42,0.4682,3.0,-99.0,-99.0,-99.0,0.0017815618
570110,8.42,0.4682,3.0,-99.0,-99.0,-99.0,0.0025721232
570110,8.42,0.4682,3.0,-99.0,-99.0,-99.0,0.002896125
570110,8.42,0.4682,3.0,-99.0,-99.0,-99.0,0.0017815618
570110,8.42,0.4682,3.0,-99.0,-99.0,-99.0,0.0025721232
570110,8.42,0.4682,3.0,-99.0,-99.0,-99.0,0.002896125
570110,8.42,0.4682,3.0,-99.0,-99.0,-99.0,0.0017815618
570110,8.42,0.4682,3.0,-99.0,-99.0,-99.0,0.0025721232
570110,8.42,0.4682,3.0,-99.0,-99.0,-99.0,0.002896125
570110,8.42,0.4682,3.0,-99.0,-99.0,-99.0,0.0017815618
570110,8.42,0.4682,3.0,-99.0,-99.0,-99.0,0.0025721232
570110,8.42,0.4682,3.0,-99.0,-99.0,-99.0,0.002896125
570110,8.42,0.4682,3.0,-99.0,-99.0,-99.0,0.0017815618
570110,8.42,0.4682,3.0,-99.0,-99.0,-99.0,0.0025721232
570110,8.42,0.4682,3.0,-99.0,-99.0,-99.0,0.002896125
570110,8.42,0.4682,3.0,-99.0,-99.0,-99.0,0.0017815618
238412,10.88,0.6809,1.0,0.328000009059906,0.2070000022649765,12.00576965506572,0.0030505478
238412,10.88,0.6809,1.0,0.328000009059906,0.2070000022649765,12.00576965506572,0.0030505478
365334,10.4,0.207,2.0,0.2569999992847442,-0.1150000020861625,5.6155203658737225,0.037164547
365334,10.4,0.207,2.0,0.2569999992847442,-0.1150000020861625,5.6155203658737225,0.037164547
325007,10.97,0.2838,2.0,0.2060000002384185,-0.0549999997019767,2.134961297927347,1.229075
325007,10.97,0.2838,2.0,0.2060000002384185,-0.0549999997019767,2.134961297927347,1.229075
561020,10.88,0.5975,2.0,0.1659999936819076,-0.1360000073909759,2.3409385127868907,2.8676627
561020,10.88,0.5975,2.0,0.1659999936819076,-0.1360000073909759,2.3409385127868907,2.8676627
508180,11.06,0.2984,0.5,0.3680000007152557,0.0049999998882412,5.240708532664743,0.37593222
508180,11.06,0.2984,0.5,0.3680000007152557,0.0049999998882412,5.240708532664743,0.37593222
202354,9.74,0.7462,3.0,-0.2899999916553497,-1.847000002861023,1.6958600389872902,1.5157632
202354,9.74,0.7462,3.0,-0.2899999916553497,-1.847000002861023,1.6958600389872902,1.5157632
618929,11.33,0.0039,0.0,0.3379999995231628,0.1669999957084655,13.164064654697052,0.024581192
618929,11.33,0.0039,0.0,0.3379999995231628,0.1669999957084655,13.164064654697052,0.024581192
230898,8.71,0.5145,-9.0,-99.0,-0.9409999847412108,15.46642737586945,0.0009312762
230898,8.71,0.5145,-9.0,-99.0,-0.9409999847412108,15.46642737586945,0.0009312762
272990,10.59,0.2542,0.5,0.0140000004321336,-0.1150000020861625,1.6958600389872902,0.54970914
272990,10.59,0.2542,0.5,0.0140000004321336,-0.1150000020861625,1.6958600389872902,0.54970914
31623,11.31,0.3487,0.5,0.2269999980926513,0.1669999957084655,3.625684472456604,0.009977185
31623,11.31,0.3487,0.5,0.2269999980926513,0.1669999957084655,3.625684472456604,0.009977185
381221,10.13,0.6591,1.0,0.3479999899864197,-0.1759999990463256,11.4654210100689,2.045328e-05
381221,10.13,0.6591,1.0,0.3479999899864197,-0.1759999990463256,11.4654210100689,2.045328e-05
30469,11.16,0.2455,0.5,0.2669999897480011,0.0659999996423721,4.259807821671483,0.06730053
30469,11.16,0.2455,0.5,0.2669999897480011,0.0659999996423721,4.259807821671483,0.06730053
49784,10.24,0.313,1.0,0.0649999976158142,-0.1759999990463256,2.8799835466736923,0.06842618
49784,10.24,0.313,1.0,0.0649999976158142,-0.1759999990463256,2.8799835466736923,0.06842618
106016,10.23,0.6262,1.0,0.2160000056028366,-0.1759999990463256,12.00576965506572,0.014351448
106016,10.23,0.6262,1.0,0.2160000056028366,-0.1759999990463256,12.00576965506572,0.0040108087
106016,10.23,0.6262,1.0,0.3179999887943268,-0.0949999988079071,8.900000000000006,0.014351448
106016,10.23,0.6262,1.0,0.3179999887943268,-0.0949999988079071,8.900000000000006,0.0040108087
106016,10.23,0.6262,1.0,0.2160000056028366,-0.1759999990463256,12.00576965506572,0.014351448
106016,10.23,0.6262,1.0,0.2160000056028366,-0.1759999990463256,12.00576965506572,0.0040108087
106016,10.23,0.6262,1.0,0.3179999887943268,-0.0949999988079071,8.900000000000006,0.014351448
106016,10.23,0.6262,1.0,0.3179999887943268,-0.0949999988079071,8.900000000000006,0.0040108087
517310,9.26,0.5622,3.0,0.5,-1.6059999465942385,4.5644663175231495,0.20060277
517310,9.26,0.5622,3.0,0.5,-1.6059999465942385,4.5644663175231495,0.20060277
278350,11.23,0.3127,0.5,0.125,0.1459999978542328,3.543153817926126,0.035105485
278350,11.23,0.3127,0.5,0.125,0.1459999978542328,3.543153817926126,0.035105485
22595,11.12,0.4436,1.0,0.1860000044107437,0.1459999978542328,4.359031492379173,0.19401316
22595,11.12,0.4436,1.0,0.1860000044107437,0.1459999978542328,4.359031492379173,0.19401316
99742,10.15,0.5085,1.5,-0.0370000004768371,-0.0949999988079071,1.4105549412903913,0.10675758
99742,10.15,0.5085,1.5,-0.0370000004768371,-0.0949999988079071,1.4105549412903913,0.10675758
375560,11.11,0.2451,0.5,0.2469999939203262,-0.1150000020861625,9.985964243287482,0.079491034
375560,11.11,0.2451,0.5,0.2469999939203262,-0.1150000020861625,9.985964243287482,0.079491034
271455,10.97,0.6843,2.0,0.0850000008940696,0.1669999957084655,4.06808488757239,0.38634032
271455,10.97,0.6843,2.0,0.0850000008940696,0.1669999957084655,4.06808488757239,0.38634032
371145,10.46,0.7712,1.5,0.0340000018477439,0.2870000004768371,3.4625017904490982,0.0003975171
371145,10.46,0.7712,1.5,0.0340000018477439,0.2870000004768371,3.4625017904490982,0.0003975171
79444,9.21,0.4253,2.5,-99.0,-0.7599999904632568,5.004837794194108,0.07338897
79444,9.21,0.4253,2.5,-99.0,-0.7599999904632568,5.004837794194108,0.07338897
346046,10.23,0.3826,1.0,0.1150000020861625,0.0659999996423721,4.89091377733286,0.005909169
346046,10.23,0.3826,1.0,0.1150000020861625,0.0659999996423721,4.89091377733286,0.005909169
91568,9.95,0.3219,0.5,0.3580000102519989,0.0049999998882412,3.975483970143573,0.0028836157
91568,9.95,0.3219,0.5,0.3580000102519989,0.0049999998882412,3.975483970143573,0.0028836157
570240,10.05,0.5104,1.0,0.0750000029802322,-0.1150000020861625,6.447480044667415,0.002630159
570240,10.05,0.5104,1.0,0.0750000029802322,-0.1150000020861625,6.447480044667415,0.002630159
8488,9.51,0.0642,0.0,0.1560000032186508,0.4280000030994415,6.751340417759738,0.00035676322
8488,9.51,0.0642,0.0,0.1560000032186508,0.4280000030994415,6.751340417759738,0.00035676322
41274,10.58,0.1289,0.5,0.0140000004321336,0.0659999996423721,5.6155203658737225,0.07596906
41274,10.58,0.1289,0.5,0.0140000004321336,0.0659999996423721,5.6155203658737225,0.07596906
238398,10.04,0.1826,-9.0,0.1150000020861625,0.0860000029206276,2.687757031157795,0.0038447548
238398,10.04,0.1826,-9.0,0.1150000020861625,0.0860000029206276,2.687757031157795,0.0038447548
79733,10.23,0.2469,0.5,0.0850000008940696,-0.0750000029802322,3.085957969027533,0.025991391
79733,10.23,0.2469,0.5,0.0850000008940696,-0.0750000029802322,3.085957969027533,0.025991391
107528,11.03,0.1656,0.0,0.2770000100135803,-0.1759999990463256,10.45658823896182,0.30403727
107528,11.03,0.1656,0.0,0.2770000100135803,-0.1759999990463256,10.45658823896182,0.30403727
23619,10.98,0.624,1.5,0.125,0.1059999987483024,3.625684472456604,0.71857834
23619,10.98,0.624,1.5,0.125,0.1059999987483024,3.625684472456604,0.71857834
600743,10.96,0.3014,0.5,0.2569999992847442,0.1459999978542328,8.1168964702676,0.010583299
600743,10.96,0.3014,0.5,0.2569999992847442,0.1459999978542328,8.1168964702676,0.010583299
622787,10.92,0.5527,1.0,0.1759999990463256,0.0659999996423721,4.06808488757239,0.014021066
622787,10.92,0.5527,1.0,0.1759999990463256,0.0659999996423721,4.06808488757239,0.014021066
71178,11.0,0.249,0.5,0.1459999978542328,0.0860000029206276,5.121415442300698,0.04006031
71178,11.0,0.249,0.5,0.1459999978542328,0.0860000029206276,5.121415442300698,0.04006031
23117,11.14,0.2802,1.5,0.135000005364418,-0.0750000029802322,3.1578391641788226,3.0809777
23117,11.14,0.2802,1.5,0.135000005364418,-0.0750000029802322,3.1578391641788226,3.0809777
7992,10.95,0.3437,1.0,0.1560000032186508,0.1260000020265579,5.487695516567193,0.060391814
7992,10.95,0.3437,1.0,0.1560000032186508,0.1260000020265579,5.487695516567193,0.060391814
31448,10.75,0.5248,1.0,0.0240000002086162,0.328000009059906,3.4625017904490982,0.02690793
31448,10.75,0.5248,1.0,0.0240000002086162,0.328000009059906,3.4625017904490982,0.02690793
23225,10.3,0.2362,1.5,0.0850000008940696,0.1059999987483024,4.06808488757239,0.0031156421
23225,10.3,0.2362,1.5,0.0850000008940696,0.1059999987483024,4.06808488757239,0.0031156421
611002,8.68,0.3369,3.0,0.0949999988079071,-1.0219999551773071,1.0218567231322258,0.002463948
611002,8.68,0.3369,3.0,0.0949999988079071,-1.0219999551773071,1.0218567231322258,0.002463948
204490,10.93,0.3755,2.0,0.1659999936819076,0.1260000020265579,4.06808488757239,0.018439569
204490,10.93,0.3755,2.0,0.1659999936819076,0.1260000020265579,4.06808488757239,0.018439569
319452,10.49,0.2488,1.0,0.1049999967217445,0.2070000022649765,4.259807821671483,0.00063424004
319452,10.49,0.2488,1.0,0.1049999967217445,0.2070000022649765,4.259807821671483,0.00063424004
7839,11.05,0.2481,0.5,0.296999990940094,-0.0750000029802322,5.487695516567193,0.5490108
7839,11.05,0.2481,0.5,0.296999990940094,-0.0750000029802322,5.487695516567193,0.5490108
505788,10.89,0.2962,2.0,0.2060000002384185,0.0260000005364418,2.8144271175498585,1.3332412
505788,10.89,0.2962,2.0,0.2060000002384185,0.0260000005364418,2.8144271175498585,1.3332412
70670,11.21,0.1341,0.0,0.0850000008940696,0.2469999939203262,5.6155203658737225,0.08187909
70670,11.21,0.1341,0.0,0.0850000008940696,0.2469999939203262,5.6155203658737225,0.08187909
319402,10.79,0.3992,1.0,0.1659999936819076,0.2070000022649765,3.884990906937478,
319402,10.79,0.3992,1.0,0.1659999936819076,0.2070000022649765,3.884990906937478,
319400,10.37,0.7163,2.0,0.3379999995231628,-0.1150000020861625,2.626576211733084,0.33410907
319400,10.37,0.7163,2.0,0.3379999995231628,-0.1150000020861625,2.626576211733084,0.32873222
319400,10.37,0.7163,2.0,0.3379999995231628,-0.1360000073909759,2.750362934937096,0.33410907
319400,10.37,0.7163,2.0,0.3379999995231628,-0.1360000073909759,2.750362934937096,0.32873222
319400,10.37,0.7163,2.0,0.3379999995231628,-0.1150000020861625,2.626576211733084,0.33410907
319400,10.37,0.7163,2.0,0.3379999995231628,-0.1150000020861625,2.626576211733084,0.32873222
319400,10.37,0.7163,2.0,0.3379999995231628,-0.1360000073909759,2.750362934937096,0.33410907
319400,10.37,0.7163,2.0,0.3379999995231628,-0.1360000073909759,2.750362934937096,0.32873222
227264,10.41,0.4433,1.5,0.1459999978542328,0.0049999998882412,1.3784467908321083,0.2778206
227264,10.41,0.4433,1.5,0.1459999978542328,0.0049999998882412,1.3784467908321083,0.2778206
376703,10.74,0.1494,0.0,0.4390000104904175,-0.0549999997019767,6.300717481018831,
376703,10.74,0.1494,0.0,0.4390000104904175,-0.0549999997019767,6.300717481018831,
372452,10.65,0.248,0.5,0.2160000056028366,0.1059999987483024,4.359031492379173,
372452,10.65,0.248,0.5,0.2160000056028366,0.1059999987483024,4.359031492379173,
509075,10.52,0.1136,0.0,0.296999990940094,-0.0949999988079071,10.45658823896182,0.010443801
509075,10.52,0.1136,0.0,0.296999990940094,-0.0949999988079071,10.45658823896182,0.010443801
492411,10.7,0.0419,0.0,0.2469999939203262,0.1459999978542328,3.975483970143573,0.0404337
492411,10.7,0.0419,0.0,0.2469999939203262,0.1459999978542328,3.975483970143573,0.0404337
380734,10.96,0.0457,0.0,0.2370000034570694,0.1260000020265579,5.487695516567193,0.024294099
380734,10.96,0.0457,0.0,0.2370000034570694,0.1260000020265579,5.487695516567193,0.024294099
41059,11.32,0.1072,0.0,0.2669999897480011,0.0659999996423721,6.01713848098864,0.06323629
41059,11.32,0.1072,0.0,0.2669999897480011,0.0659999996423721,6.01713848098864,0.06323629
319395,10.71,0.181,0.5,0.135000005364418,0.1260000020265579,4.5644663175231495,0.0018217184
319395,10.71,0.181,0.5,0.135000005364418,0.1260000020265579,4.5644663175231495,0.0018217184
48681,11.16,0.4038,1.0,0.2370000034570694,0.1669999957084655,4.359031492379173,0.019055778
48681,11.16,0.4038,1.0,0.2370000034570694,0.1669999957084655,4.359031492379173,0.019055778
54270,11.28,0.066,0.0,0.1659999936819076,0.1669999957084655,4.259807821671483,0.16599216
54270,11.28,0.066,0.0,0.1659999936819076,0.1669999957084655,4.259807821671483,0.16599216
47152,11.06,0.1847,0.0,0.2160000056028366,0.1059999987483024,4.359031492379173,0.026026234
47152,11.06,0.1847,0.0,0.2160000056028366,0.1059999987483024,4.359031492379173,0.026026234
85667,11.0,0.0949,0.0,0.1150000020861625,0.1059999987483024,3.4625017904490982,0.0055998815
85667,11.0,0.0949,0.0,0.1150000020861625,0.1059999987483024,3.4625017904490982,0.0055998815
618151,10.52,0.0662,0.0,0.1659999936819076,0.1260000020265579,4.359031492379173,0.03290288
618151,10.52,0.0662,0.0,0.1659999936819076,0.1260000020265579,4.359031492379173,0.03290288
272820,10.82,0.0754,0.0,0.2060000002384185,0.1870000064373016,4.06808488757239,0.22074085
272820,10.82,0.0754,0.0,0.2060000002384185,0.1870000064373016,4.06808488757239,0.22074085
105420,10.38,0.1384,2.0,0.135000005364418,0.0860000029206276,5.487695516567193,
105420,10.38,0.1384,2.0,0.135000005364418,0.0860000029206276,5.487695516567193,
422286,10.47,0.3692,2.0,0.0140000004321336,-0.0750000029802322,2.086363645634731,0.31787694
422286,10.47,0.3692,2.0,0.0140000004321336,-0.0750000029802322,2.086363645634731,0.31787694
543536,10.0,0.2897,-9.0,0.4900000095367431,-0.1150000020861625,10.45658823896182,0.00014227451
543536,10.0,0.2897,-9.0,0.4900000095367431,-0.1150000020861625,10.45658823896182,0.00014227451
618142,10.2,0.3537,1.0,0.3479999899864197,-0.4580000042915344,9.985964243287482,0.022196589
618142,10.2,0.3537,1.0,0.3479999899864197,-0.4580000042915344,9.985964243287482,0.022196589
290323,10.9,0.4374,1.0,-0.0160000007599592,0.0860000029206276,5.121415442300698,0.052810736
290323,10.9,0.4374,1.0,-0.0160000007599592,0.0860000029206276,5.121415442300698,0.052810736
517465,10.1,0.3621,1.0,0.2370000034570694,-0.1759999990463256,13.164064654697052,4.8780363e-05
517465,10.1,0.3621,1.0,0.2370000034570694,-0.1759999990463256,13.164064654697052,4.8780363e-05
7715,10.99,0.2308,0.5,0.135000005364418,0.0260000005364418,5.7463226384084365,0.063109435
7715,10.99,0.2308,0.5,0.135000005364418,0.0260000005364418,5.7463226384084365,0.063109435
346890,10.4,0.5139,1.0,0.2370000034570694,0.0460000000894069,5.240708532664743,0.0030675973
346890,10.4,0.5139,1.0,0.2370000034570694,0.0460000000894069,5.240708532664743,0.0030675973
506119,11.07,0.1857,0.0,0.1860000044107437,0.1260000020265579,8.499434015590785,0.0328576
506119,11.07,0.1857,0.0,0.1860000044107437,0.1260000020265579,8.499434015590785,0.12924202
506119,11.07,0.1857,0.0,0.1659999936819076,0.0860000029206276,8.305963277093225,0.0328576
506119,11.07,0.1857,0.0,0.1659999936819076,0.0860000029206276,8.305963277093225,0.12924202
506119,11.07,0.1857,0.0,0.1860000044107437,0.1260000020265579,8.499434015590785,0.0328576
506119,11.07,0.1857,0.0,0.1860000044107437,0.1260000020265579,8.499434015590785,0.12924202
506119,11.07,0.1857,0.0,0.1659999936819076,0.0860000029206276,8.305963277093225,0.0328576
506119,11.07,0.1857,0.0,0.1659999936819076,0.0860000029206276,8.305963277093225,0.12924202
288679,10.92,0.5716,1.0,0.0240000002086162,0.2070000022649765,4.06808488757239,0.029033497
288679,10.92,0.5716,1.0,0.0240000002086162,0.2070000022649765,4.06808488757239,0.029033497
300691,10.35,0.2731,0.0,0.2469999939203262,-0.1560000032186508,6.01713848098864,0.026926635
300691,10.35,0.2731,0.0,0.2469999939203262,-0.1560000032186508,6.01713848098864,0.026926635
609948,10.9,0.3171,1.5,0.0649999976158142,0.0659999996423721,2.395465975494956,0.92095405
609948,10.9,0.3171,1.5,0.0649999976158142,0.0659999996423721,2.395465975494956,0.92095405
184046,10.96,0.1316,0.0,0.3580000102519989,0.0659999996423721,5.487695516567193,
184046,10.96,0.1316,0.0,0.3580000102519989,0.0659999996423721,5.487695516567193,
184046,10.96,0.1316,0.0,0.3479999899864197,0.0460000000894069,7.751575950609121,
184046,10.96,0.1316,0.0,0.3479999899864197,0.0460000000894069,7.751575950609121,
184046,10.96,0.1316,0.0,0.3580000102519989,0.0659999996423721,5.487695516567193,
184046,10.96,0.1316,0.0,0.3580000102519989,0.0659999996423721,5.487695516567193,
184046,10.96,0.1316,0.0,0.3479999899864197,0.0460000000894069,7.751575950609121,
184046,10.96,0.1316,0.0,0.3479999899864197,0.0460000000894069,7.751575950609121,
272833,10.92,0.2729,0.5,0.1459999978542328,0.0460000000894069,5.487695516567193,0.15521039
272833,10.92,0.2729,0.5,0.1459999978542328,0.0460000000894069,5.487695516567193,0.15521039
54202,10.58,0.1295,0.0,0.3779999911785126,0.0659999996423721,7.751575950609121,0.0013345787
54202,10.58,0.1295,0.0,0.3779999911785126,0.0659999996423721,7.751575950609121,0.0013345787
381229,10.49,0.1838,0.0,0.2060000002384185,-0.1360000073909759,5.487695516567193,0.0013481883
381229,10.49,0.1838,0.0,0.2060000002384185,-0.1360000073909759,5.487695516567193,0.0013481883
177969,11.03,0.2087,0.0,0.2569999992847442,0.1459999978542328,5.487695516567193,0.0055961786
177969,11.03,0.2087,0.0,0.2569999992847442,0.1459999978542328,5.487695516567193,0.0055961786
505765,10.91,0.1903,0.0,0.1759999990463256,0.1459999978542328,5.487695516567193,0.08828306
505765,10.91,0.1903,0.0,0.1759999990463256,0.1459999978542328,5.487695516567193,0.08828306
560341,11.18,0.2826,1.0,0.1459999978542328,0.2269999980926513,4.259807821671483,0.058456257
560341,11.18,0.2826,1.0,0.1459999978542328,0.2269999980926513,4.259807821671483,0.058456257
323558,10.9,0.428,1.5,0.1459999978542328,0.1459999978542328,3.884990906937478,0.16146636
323558,10.9,0.428,1.5,0.1459999978542328,0.1459999978542328,3.884990906937478,0.16146636
549296,10.95,0.0801,0.0,0.328000009059906,-0.1560000032186508,9.536521816614703,0.030489068
549296,10.95,0.0801,0.0,0.328000009059906,-0.1560000032186508,9.536521816614703,0.030489068
7289,11.12,0.2661,0.5,0.1150000020861625,0.0260000005364418,5.487695516567193,0.528197
7289,11.12,0.2661,0.5,0.1150000020861625,0.0260000005364418,5.487695516567193,0.528197
574285,10.92,0.5399,2.0,0.3680000007152557,-0.0549999997019767,5.487695516567193,0.40479898
574285,10.92,0.5399,2.0,0.3680000007152557,-0.0549999997019767,5.487695516567193,0.40479898
16022,10.41,0.1207,0.5,0.2160000056028366,0.0659999996423721,9.985964243287482,0.0056231744
16022,10.41,0.1207,0.5,0.2160000056028366,0.0659999996423721,9.985964243287482,0.0056231744
290328,10.9,0.6595,2.0,0.0750000029802322,0.1870000064373016,3.1578391641788226,0.8189875
290328,10.9,0.6595,2.0,0.0750000029802322,0.1870000064373016,3.1578391641788226,0.8189875
623161,10.18,0.3913,2.0,0.1459999978542328,-0.1759999990463256,2.395465975494956,0.267606
623161,10.18,0.3913,2.0,0.1459999978542328,-0.1759999990463256,2.395465975494956,0.267606
383147,11.19,0.3438,1.0,0.0850000008940696,0.1669999957084655,4.259807821671483,0.034657534
383147,11.19,0.3438,1.0,0.0850000008940696,0.1669999957084655,4.259807821671483,0.034657534
288989,8.95,0.199,2.5,-99.0,-1.062000036239624,3.383685627252995,0.011739986
288989,8.95,0.199,2.5,-99.0,-1.062000036239624,3.383685627252995,0.011739986
210375,10.54,0.4236,1.0,0.3179999887943268,0.0659999996423721,5.6155203658737225,0.005309462
210375,10.54,0.4236,1.0,0.3179999887943268,0.0659999996423721,5.6155203658737225,0.005309462
505341,10.65,0.3804,1.0,0.2269999980926513,0.1870000064373016,14.770323476194296,0.039651226
505341,10.65,0.3804,1.0,0.2269999980926513,0.1870000064373016,14.770323476194296,0.039651226
522033,10.96,0.3668,1.0,0.328000009059906,0.0659999996423721,6.447480044667415,0.005440594
522033,10.96,0.3668,1.0,0.328000009059906,0.0659999996423721,6.447480044667415,0.005440594
238212,10.9,0.0315,0.0,0.328000009059906,0.1059999987483024,7.751575950609121,0.00070910115
238212,10.9,0.0315,0.0,0.328000009059906,0.1059999987483024,7.751575950609121,0.00070910115
210611,10.51,0.3365,2.0,-0.0769999995827674,0.0049999998882412,1.3784467908321083,0.6577083
210611,10.51,0.3365,2.0,-0.0769999995827674,0.0049999998882412,1.3784467908321083,0.6577083
32196,11.28,0.1812,0.0,0.2060000002384185,0.1059999987483024,3.543153817926126,0.027196301
32196,11.28,0.1812,0.0,0.2060000002384185,0.1059999987483024,3.543153817926126,0.027196301
203729,9.44,0.4373,2.5,0.0649999976158142,-1.7869999408721924,2.56678803778268,0.35322076
203729,9.44,0.4373,2.5,0.0649999976158142,-1.7869999408721924,2.56678803778268,0.35322076
372123,11.43,0.0627,0.0,0.3479999899864197,0.0460000000894069,16.95860038987291,0.04110021
372123,11.43,0.0627,0.0,0.3479999899864197,0.0460000000894069,16.95860038987291,0.04110021
575339,10.41,0.014,0.0,0.2370000034570694,0.1059999987483024,4.359031492379173,0.028274652
575339,10.41,0.014,0.0,0.2370000034570694,0.1059999987483024,4.359031492379173,0.028274652
422649,10.6,0.2562,2.0,0.2269999980926513,-0.1360000073909759,8.499434015590785,0.045916457
422649,10.6,0.2562,2.0,0.2269999980926513,-0.1360000073909759,8.499434015590785,0.045916457
144640,11.08,0.3908,1.0,0.0439999997615814,0.0460000000894069,3.306663538964836,0.57502127
144640,11.08,0.3908,1.0,0.0439999997615814,0.0460000000894069,3.306663538964836,0.57502127
15481,11.08,0.044,0.0,0.2770000100135803,-0.0750000029802322,8.1168964702676,0.02076591
15481,11.08,0.044,0.0,0.2770000100135803,-0.0750000029802322,8.1168964702676,0.02076591
62244,10.15,0.2358,0.0,0.4289999902248382,-0.0350000001490116,7.932133349390338,0.00018167646
62244,10.15,0.2358,0.0,0.4289999902248382,-0.0350000001490116,7.932133349390338,0.00018167646
216396,10.72,0.4186,1.0,0.3779999911785126,-0.0750000029802322,9.536521816614703,0.0059465095
216396,10.72,0.4186,1.0,0.3779999911785126,-0.0750000029802322,9.536521816614703,0.0059465095
273850,11.14,0.3183,1.0,0.0140000004321336,0.4079999923706054,3.543153817926126,0.00916821
273850,11.14,0.3183,1.0,0.0140000004321336,0.4079999923706054,3.543153817926126,0.00916821
205161,11.14,0.376,1.0,0.3889999985694885,-0.1560000032186508,14.105549412903915,0.006740028
205161,11.14,0.376,1.0,0.3889999985694885,-0.1560000032186508,14.105549412903915,0.006740028
204906,10.36,0.3652,2.0,0.2370000034570694,-0.0549999997019767,4.06808488757239,0.025091233
204906,10.36,0.3652,2.0,0.2370000034570694,-0.0549999997019767,4.06808488757239,0.025091233
136605,11.02,0.1103,0.0,0.2469999939203262,0.1669999957084655,6.01713848098864,0.011196724
136605,11.02,0.1103,0.0,0.2469999939203262,0.1669999957084655,6.01713848098864,0.011196724
17390,11.06,0.1676,0.5,0.0439999997615814,0.1870000064373016,2.8144271175498585,0.571939
17390,11.06,0.1676,0.5,0.0439999997615814,0.1870000064373016,2.8144271175498585,0.59569955
17390,11.06,0.1676,0.5,0.0439999997615814,0.1870000064373016,2.8144271175498585,0.059714846
17390,11.06,0.1676,0.5,0.0540000014007091,0.1260000020265579,2.8799835466736923,0.571939
17390,11.06,0.1676,0.5,0.0540000014007091,0.1260000020265579,2.8799835466736923,0.59569955
17390,11.06,0.1676,0.5,0.0540000014007091,0.1260000020265579,2.8799835466736923,0.059714846
17390,11.06,0.1676,0.5,0.0949999988079071,0.1260000020265579,3.015712989638904,0.571939
17390,11.06,0.1676,0.5,0.0949999988079071,0.1260000020265579,3.015712989638904,0.59569955
17390,11.06,0.1676,0.5,0.0949999988079071,0.1260000020265579,3.015712989638904,0.059714846
17390,11.06,0.1676,0.5,0.0439999997615814,0.1870000064373016,2.8144271175498585,0.571939
17390,11.06,0.1676,0.5,0.0439999997615814,0.1870000064373016,2.8144271175498585,0.59569955
17390,11.06,0.1676,0.5,0.0439999997615814,0.1870000064373016,2.8144271175498585,0.059714846
17390,11.06,0.1676,0.5,0.0540000014007091,0.1260000020265579,2.8799835466736923,0.571939
17390,11.06,0.1676,0.5,0.0540000014007091,0.1260000020265579,2.8799835466736923,0.59569955
17390,11.06,0.1676,0.5,0.0540000014007091,0.1260000020265579,2.8799835466736923,0.059714846
17390,11.06,0.1676,0.5,0.0949999988079071,0.1260000020265579,3.015712989638904,0.571939
17390,11.06,0.1676,0.5,0.0949999988079071,0.1260000020265579,3.015712989638904,0.59569955
17390,11.06,0.1676,0.5,0.0949999988079071,0.1260000020265579,3.015712989638904,0.059714846
537365,10.43,0.6637,1.0,0.3179999887943268,-0.0350000001490116,7.575128540001153,0.008685346
537365,10.43,0.6637,1.0,0.3179999887943268,-0.0350000001490116,7.575128540001153,0.008685346
15165,11.15,0.1203,0.5,0.2160000056028366,-0.0750000029802322,5.7463226384084365,0.80517024
15165,11.15,0.1203,0.5,0.2160000056028366,-0.0750000029802322,5.7463226384084365,0.778286
15165,11.15,0.1203,0.5,0.1659999936819076,0.0860000029206276,3.383685627252995,0.80517024
15165,11.15,0.1203,0.5,0.1659999936819076,0.0860000029206276,3.383685627252995,0.778286
15165,11.15,0.1203,0.5,0.2160000056028366,-0.0750000029802322,5.7463226384084365,0.80517024
15165,11.15,0.1203,0.5,0.2160000056028366,-0.0750000029802322,5.7463226384084365,0.778286
15165,11.15,0.1203,0.5,0.1659999936819076,0.0860000029206276,3.383685627252995,0.80517024
15165,11.15,0.1203,0.5,0.1659999936819076,0.0860000029206276,3.383685627252995,0.778286
517164,10.36,0.5711,2.0,0.0949999988079071,-0.1759999990463256,2.56678803778268,0.31015432
517164,10.36,0.5711,2.0,0.0949999988079071,-0.1759999990463256,2.56678803778268,0.31015432
574423,10.74,0.2613,0.5,0.2770000100135803,0.1059999987483024,6.01713848098864,
574423,10.74,0.2613,0.5,0.2770000100135803,0.1059999987483024,6.01713848098864,
534759,9.26,0.5422,3.0,-99.0,-1.9079999923706052,3.306663538964836,0.05821228
534759,9.26,0.5422,3.0,-99.0,-1.9079999923706052,3.306663538964836,0.05821228
560206,10.7,0.718,1.5,0.0750000029802322,0.3079999983310699,4.259807821671483,
560206,10.7,0.718,1.5,0.0750000029802322,0.3079999983310699,4.259807821671483,
570206,10.5,0.4524,1.5,0.1659999936819076,-0.1560000032186508,5.7463226384084365,0.13098915
570206,10.5,0.4524,1.5,0.1659999936819076,-0.1560000032186508,5.7463226384084365,0.13098915
273654,11.15,0.3446,1.0,0.1860000044107437,-0.0149999996647238,5.240708532664743,0.00051124045
273654,11.15,0.3446,1.0,0.1860000044107437,-0.0149999996647238,5.240708532664743,0.00051124045
230836,10.03,0.1619,2.0,0.1659999936819076,0.0659999996423721,5.6155203658737225,
230836,10.03,0.1619,2.0,0.1659999936819076,0.0659999996423721,5.6155203658737225,
376184,9.07,0.3955,3.0,-0.0769999995827674,-1.6460000276565552,6.01713848098864,0.16656458
376184,9.07,0.3955,3.0,-0.0769999995827674,-1.6460000276565552,6.01713848098864,0.16656458
348115,11.12,0.3141,1.0,0.0340000018477439,0.0460000000894069,3.306663538964836,0.10818781
348115,11.12,0.3141,1.0,0.0340000018477439,0.0460000000894069,3.306663538964836,0.10818781
485529,9.07,0.4625,3.0,-0.006000000052154,-1.162999987602234,3.4625017904490982,0.08529911
485529,9.07,0.4625,3.0,-0.006000000052154,-1.162999987602234,3.4625017904490982,0.08529911
136841,10.48,0.4481,1.0,0.1659999936819076,-0.1150000020861625,5.240708532664743,0.0065903114
136841,10.48,0.4481,1.0,0.1659999936819076,-0.1150000020861625,5.240708532664743,0.0065903114
137037,11.24,0.218,0.5,0.2160000056028366,0.0460000000894069,5.7463226384084365,0.18048882
137037,11.24,0.218,0.5,0.2160000056028366,0.0460000000894069,5.7463226384084365,0.18048882
62239,10.89,0.0823,0.0,0.2669999897480011,-0.1150000020861625,3.710137512885986,0.15382528
62239,10.89,0.0823,0.0,0.2669999897480011,-0.1150000020861625,3.710137512885986,0.15382528
227611,10.86,0.4265,1.0,0.2060000002384185,0.0860000029206276,5.487695516567193,0.010124941
227611,10.86,0.4265,1.0,0.2060000002384185,0.0860000029206276,5.487695516567193,0.009659018
227611,10.86,0.4265,1.0,0.2669999897480011,0.0460000000894069,5.6155203658737225,0.010124941
227611,10.86,0.4265,1.0,0.2669999897480011,0.0460000000894069,5.6155203658737225,0.009659018
227611,10.86,0.4265,1.0,0.2060000002384185,0.0860000029206276,5.487695516567193,0.010124941
227611,10.86,0.4265,1.0,0.2060000002384185,0.0860000029206276,5.487695516567193,0.009659018
227611,10.86,0.4265,1.0,0.2669999897480011,0.0460000000894069,5.6155203658737225,0.010124941
227611,10.86,0.4265,1.0,0.2669999897480011,0.0460000000894069,5.6155203658737225,0.009659018
382154,10.8,0.2429,0.0,0.296999990940094,0.0460000000894069,7.575128540001153,0.14521779
382154,10.8,0.2429,0.0,0.296999990940094,0.0460000000894069,7.575128540001153,0.14521779
485921,10.48,0.0432,0.0,0.2469999939203262,-0.0350000001490116,7.751575950609121,0.0005538777
485921,10.48,0.0432,0.0,0.2469999939203262,-0.0350000001490116,7.751575950609121,0.0005538777
388146,11.04,0.3385,1.0,0.1459999978542328,0.0460000000894069,5.487695516567193,
388146,11.04,0.3385,1.0,0.1459999978542328,0.0460000000894069,5.487695516567193,
599838,11.15,0.1478,0.0,0.0750000029802322,0.0860000029206276,3.543153817926126,0.030154182
599838,11.15,0.1478,0.0,0.0750000029802322,0.0860000029206276,3.543153817926126,0.030154182
9062,10.23,0.6783,1.0,0.0649999976158142,0.1260000020265579,4.06808488757239,0.0022465156
9062,10.23,0.6783,1.0,0.0649999976158142,0.1260000020265579,4.06808488757239,0.0022465156
272831,11.17,0.1529,0.5,0.125,0.1059999987483024,5.487695516567193,0.5442986
272831,11.17,0.1529,0.5,0.125,0.1059999987483024,5.487695516567193,0.5442986
55245,11.05,0.2487,2.5,0.125,0.1459999978542328,0.89,0.12941393
55245,11.05,0.2487,2.5,0.125,0.1459999978542328,0.89,0.12941393
373163,10.82,0.1463,0.0,0.2569999992847442,-0.1360000073909759,8.900000000000006,
373163,10.82,0.1463,0.0,0.2569999992847442,-0.1360000073909759,8.900000000000006,
209185,10.73,0.3322,0.5,0.2269999980926513,-0.0549999997019767,8.499434015590785,0.029235885
209185,10.73,0.3322,0.5,0.2269999980926513,-0.0549999997019767,8.499434015590785,0.029235885
97915,10.93,0.0274,0.5,0.3379999995231628,0.1260000020265579,5.487695516567193,0.02525791
97915,10.93,0.0274,0.5,0.3379999995231628,0.1260000020265579,5.487695516567193,0.02525791
22582,11.06,0.1927,0.5,0.1759999990463256,0.1260000020265579,3.543153817926126,0.05814321
22582,11.06,0.1927,0.5,0.1759999990463256,0.1260000020265579,3.543153817926126,0.05814321
298590,10.55,0.156,0.0,0.3179999887943268,-0.1360000073909759,8.1168964702676,0.19569595
298590,10.55,0.156,0.0,0.3179999887943268,-0.1360000073909759,8.1168964702676,0.19569595
289197,10.66,0.5267,1.5,0.0850000008940696,0.2269999980926513,3.383685627252995,
289197,10.66,0.5267,1.5,0.0850000008940696,0.2269999980926513,3.383685627252995,
238325,10.18,0.3374,0.5,0.2060000002384185,-0.1759999990463256,6.908599337995359,0.0006960001
238325,10.18,0.3374,0.5,0.2060000002384185,-0.1759999990463256,6.908599337995359,0.0006960001
371172,11.16,0.2197,0.0,0.2269999980926513,0.1059999987483024,5.487695516567193,0.061310384
371172,11.16,0.2197,0.0,0.2269999980926513,0.1059999987483024,5.487695516567193,0.061310384
325467,10.98,0.2827,0.5,0.1560000032186508,0.1459999978542328,4.06808488757239,0.023275059
325467,10.98,0.2827,0.5,0.1560000032186508,0.1459999978542328,4.06808488757239,0.023275059
620098,9.03,0.5988,2.5,-0.3000000119209289,-1.5449999570846558,1.3470695111082254,0.114412904
620098,9.03,0.5988,2.5,-0.3000000119209289,-1.5449999570846558,1.3470695111082254,0.114412904
543489,10.93,0.0767,0.0,0.2060000002384185,0.0460000000894069,5.240708532664743,0.01381959
543489,10.93,0.0767,0.0,0.2060000002384185,0.0460000000894069,5.240708532664743,0.01381959
238213,11.04,0.2131,1.5,0.4390000104904175,-0.1560000032186508,5.7463226384084365,0.22910304
238213,11.04,0.2131,1.5,0.4390000104904175,-0.1560000032186508,5.7463226384084365,0.22910304
91545,10.47,0.0863,0.0,0.3379999995231628,-0.0750000029802322,6.300717481018831,0.018652031
91545,10.47,0.0863,0.0,0.3379999995231628,-0.0750000029802322,6.300717481018831,0.018652031
619258,10.07,0.0775,0.0,0.4289999902248382,-0.1560000032186508,5.7463226384084365,0.00057797256
619258,10.07,0.0775,0.0,0.4289999902248382,-0.1560000032186508,5.7463226384084365,0.00057797256
214211,10.9,0.0402,0.5,0.0949999988079071,0.1669999957084655,3.4625017904490982,0.016855588
214211,10.9,0.0402,0.5,0.0949999988079071,0.1669999957084655,3.4625017904490982,0.016855588
378104,10.91,0.4593,1.0,0.2569999992847442,0.2469999939203262,12.571584147142518,
378104,10.91,0.4593,1.0,0.2569999992847442,0.2469999939203262,12.571584147142518,
601283,10.17,0.2447,0.0,0.3989999890327453,-0.6990000009536743,17.353616937846613,0.0013875712
601283,10.17,0.2447,0.0,0.3989999890327453,-0.6990000009536743,17.353616937846613,0.0013875712
618100,11.07,0.2979,1.0,0.2770000100135803,-0.0549999997019767,8.1168964702676,
618100,11.07,0.2979,1.0,0.2770000100135803,-0.0549999997019767,8.1168964702676,
519141,10.92,0.1642,0.5,0.0949999988079071,0.2269999980926513,5.7463226384084365,0.015834033
519141,10.92,0.1642,0.5,0.0949999988079071,0.2269999980926513,5.7463226384084365,0.015834033
204877,10.21,0.0761,0.0,0.1659999936819076,-0.1150000020861625,3.543153817926126,0.036518965
204877,10.21,0.0761,0.0,0.1659999936819076,-0.1150000020861625,3.543153817926126,0.036518965
136238,10.82,0.2498,0.5,0.2060000002384185,-0.2560000121593475,5.004837794194108,0.49153852
136238,10.82,0.2498,0.5,0.2060000002384185,-0.2560000121593475,5.004837794194108,0.39453918
136238,10.82,0.2498,0.5,0.1759999990463256,-0.1959999948740005,3.884990906937478,0.49153852
136238,10.82,0.2498,0.5,0.1759999990463256,-0.1959999948740005,3.884990906937478,0.39453918
136238,10.82,0.2498,0.5,0.2060000002384185,-0.2560000121593475,5.004837794194108,0.49153852
136238,10.82,0.2498,0.5,0.2060000002384185,-0.2560000121593475,5.004837794194108,0.39453918
136238,10.82,0.2498,0.5,0.1759999990463256,-0.1959999948740005,3.884990906937478,0.49153852
136238,10.82,0.2498,0.5,0.1759999990463256,-0.1959999948740005,3.884990906937478,0.39453918
107135,11.11,0.4301,1.0,0.1759999990463256,0.1870000064373016,3.543153817926126,
107135,11.11,0.4301,1.0,0.1759999990463256,0.1870000064373016,3.543153817926126,
346887,10.55,0.0471,0.5,0.1459999978542328,0.1669999957084655,4.259807821671483,
346887,10.55,0.0471,0.5,0.1459999978542328,0.1669999957084655,4.259807821671483,
388513,10.93,0.1105,0.5,0.135000005364418,0.1459999978542328,4.06808488757239,0.096879326
388513,10.93,0.1105,0.5,0.135000005364418,0.1459999978542328,4.06808488757239,0.096879326
84734,11.07,0.2226,0.5,0.135000005364418,0.1059999987483024,3.543153817926126,0.39656314
84734,11.07,0.2226,0.5,0.135000005364418,0.1059999987483024,3.543153817926126,0.39656314
508351,10.81,0.4147,2.0,0.1759999990463256,0.1459999978542328,3.4625017904490982,0.18433815
508351,10.81,0.4147,2.0,0.1759999990463256,0.1459999978542328,3.4625017904490982,0.18433815
220218,10.5,0.0407,0.0,0.2770000100135803,-0.1759999990463256,5.7463226384084365,
220218,10.5,0.0407,0.0,0.2770000100135803,-0.1759999990463256,5.7463226384084365,
493028,10.72,0.129,0.5,0.296999990940094,-0.0549999997019767,7.751575950609121,0.0022031786
493028,10.72,0.129,0.5,0.296999990940094,-0.0549999997019767,7.751575950609121,0.0022031786
203833,10.9,0.1671,0.0,0.3889999985694885,-0.0350000001490116,7.751575950609121,
203833,10.9,0.1671,0.0,0.3889999985694885,-0.0350000001490116,7.751575950609121,
381979,10.92,0.4614,1.0,0.2370000034570694,-0.1560000032186508,5.240708532664743,0.59772605
381979,10.92,0.4614,1.0,0.2370000034570694,-0.1560000032186508,5.240708532664743,0.59772605
321146,9.7,0.2463,0.5,0.1560000032186508,-0.6190000176429749,5.004837794194108,0.0038903556
321146,9.7,0.2463,0.5,0.1560000032186508,-0.6190000176429749,5.004837794194108,0.0038903556
250243,10.07,0.1681,0.0,0.2770000100135803,-0.0949999988079071,6.01713848098864,0.00031724604
250243,10.07,0.1681,0.0,0.2770000100135803,-0.0949999988079071,6.01713848098864,0.00031724604
301191,10.7,0.4454,1.5,0.2160000056028366,-0.1150000020861625,3.710137512885986,0.054647934
301191,10.7,0.4454,1.5,0.2160000056028366,-0.1150000020861625,3.710137512885986,0.054647934
54375,10.42,0.2927,2.5,-0.1679999977350235,-0.8809999823570251,1.200576965506572,3.1309915
54375,10.42,0.2927,2.5,-0.1679999977350235,-0.8809999823570251,1.200576965506572,3.1309915
78827,10.3,0.2183,1.5,0.0439999997615814,0.1459999978542328,2.8799835466736923,0.0025318156
78827,10.3,0.2183,1.5,0.0439999997615814,0.1459999978542328,2.8799835466736923,0.0025318156
178190,10.27,0.5271,1.0,0.0240000002086162,0.0260000005364418,3.306663538964836,0.0022369842
178190,10.27,0.5271,1.0,0.0240000002086162,0.0260000005364418,3.306663538964836,0.0022369842
14552,10.87,0.4359,1.0,0.0850000008940696,0.2070000022649765,3.383685627252995,0.015826678
14552,10.87,0.4359,1.0,0.0850000008940696,0.2070000022649765,3.383685627252995,0.015826678
31912,10.95,0.6931,1.5,0.1759999990463256,0.2469999939203262,4.162842757456065,0.037277352
31912,10.95,0.6931,1.5,0.1759999990463256,0.2469999939203262,4.162842757456065,0.037277352
319293,10.29,0.1648,0.5,0.3179999887943268,-0.1759999990463256,5.7463226384084365,0.032927867
319293,10.29,0.1648,0.5,0.3179999887943268,-0.1759999990463256,5.7463226384084365,0.032927867
106839,10.54,0.3629,1.0,0.2870000004768371,-0.0350000001490116,8.305963277093225,0.016215267
106839,10.54,0.3629,1.0,0.2870000004768371,-0.0350000001490116,8.305963277093225,0.016215267
387553,10.84,0.0794,0.5,0.3680000007152557,0.0260000005364418,5.6155203658737225,0.01720687
387553,10.84,0.0794,0.5,0.3680000007152557,0.0260000005364418,5.6155203658737225,0.01720687
508268,10.25,0.3404,0.5,0.1860000044107437,-0.3770000040531158,7.234191593860486,0.0045633013
508268,10.25,0.3404,0.5,0.1860000044107437,-0.3770000040531158,7.234191593860486,0.0045633013
511892,10.86,0.24,1.0,0.1049999967217445,0.1059999987483024,4.06808488757239,0.435481
511892,10.86,0.24,1.0,0.1049999967217445,0.1059999987483024,4.06808488757239,0.435481
85559,10.65,0.1058,0.0,0.0540000014007091,-0.0949999988079071,6.447480044667415,0.0143610705
85559,10.65,0.1058,0.0,0.0540000014007091,-0.0949999988079071,6.447480044667415,0.0143610705
551619,10.19,0.0688,0.0,0.3079999983310699,-0.0750000029802322,9.536521816614703,0.0008523675
551619,10.19,0.0688,0.0,0.3079999983310699,-0.0750000029802322,9.536521816614703,0.0008523675
288803,10.66,0.0878,0.0,0.2770000100135803,-0.1150000020861625,8.499434015590785,0.008714546
288803,10.66,0.0878,0.0,0.2770000100135803,-0.1150000020861625,8.499434015590785,0.008714546
535387,10.37,0.3504,2.0,0.1150000020861625,-0.4979999959468841,1.8594735564600955,0.81543684
535387,10.37,0.3504,2.0,0.1150000020861625,-0.4979999959468841,1.8594735564600955,0.81543684
272190,10.96,0.1251,0.0,0.125,0.1260000020265579,3.4625017904490982,0.038555842
272190,10.96,0.1251,0.0,0.125,0.1260000020265579,3.4625017904490982,0.038555842
238922,10.74,0.1972,0.0,0.1860000044107437,-0.1150000020861625,3.884990906937478,0.04880462
238922,10.74,0.1972,0.0,0.1860000044107437,-0.1150000020861625,3.884990906937478,0.04880462
186470,10.49,0.4628,1.0,0.1659999936819076,-0.0350000001490116,3.2313946874539026,0.0024427783
186470,10.49,0.4628,1.0,0.1659999936819076,-0.0350000001490116,3.2313946874539026,0.0024427783
48470,11.01,0.1087,0.0,0.1049999967217445,0.2269999980926513,3.4625017904490982,0.39313892
48470,11.01,0.1087,0.0,0.1049999967217445,0.2269999980926513,3.4625017904490982,0.39313892
70022,10.94,0.0519,0.5,0.4189999997615814,-0.0750000029802322,7.932133349390338,0.01986926
70022,10.94,0.0519,0.5,0.4189999997615814,-0.0750000029802322,7.932133349390338,0.01986926
143291,10.17,0.2274,0.0,0.1759999990463256,-0.2360000014305114,6.59766114757817,0.0029089472
143291,10.17,0.2274,0.0,0.1759999990463256,-0.2360000014305114,6.59766114757817,0.0029089472
69986,10.89,0.2152,2.0,0.1459999978542328,0.1459999978542328,4.162842757456065,0.10085134
69986,10.89,0.2152,2.0,0.1459999978542328,0.1459999978542328,4.162842757456065,0.10085134
396833,10.12,0.3953,2.0,0.2269999980926513,-0.4979999959468841,2.750362934937096,0.90489084
396833,10.12,0.3953,2.0,0.2269999980926513,-0.4979999959468841,2.750362934937096,0.90489084
622350,11.1,0.0825,0.0,0.1860000044107437,-0.0949999988079071,7.751575950609121,0.040210042
622350,11.1,0.0825,0.0,0.1860000044107437,-0.0949999988079071,7.751575950609121,0.040210042
229220,9.37,0.1613,-9.0,0.1560000032186508,-0.31700000166893,3.085957969027533,0.00050656294
229220,9.37,0.1613,-9.0,0.1560000032186508,-0.31700000166893,3.085957969027533,0.00050656294
345845,11.29,0.1563,0.0,0.2770000100135803,0.0260000005364418,5.7463226384084365,0.057250373
345845,11.29,0.1563,0.0,0.2770000100135803,0.0260000005364418,5.7463226384084365,0.057250373
594053,10.54,0.1719,1.5,0.1959999948740005,0.0860000029206276,3.306663538964836,0.033476055
594053,10.54,0.1719,1.5,0.1959999948740005,0.0860000029206276,3.306663538964836,0.033476055
91989,10.25,0.0945,0.0,0.3079999983310699,-0.1360000073909759,10.218567231322265,0.0013476567
91989,10.25,0.0945,0.0,0.3079999983310699,-0.1360000073909759,10.218567231322265,0.0013476567
23623,11.36,0.3747,1.0,0.2569999992847442,-0.0949999988079071,6.751340417759738,7.3513203
23623,11.36,0.3747,1.0,0.2569999992847442,-0.0949999988079071,6.751340417759738,7.3513203
376033,10.81,0.2285,0.0,0.4189999997615814,-0.0350000001490116,7.751575950609121,0.2539268
376033,10.81,0.2285,0.0,0.4189999997615814,-0.0350000001490116,7.751575950609121,0.2539268
8487,10.59,0.2416,0.5,0.3479999899864197,-0.2360000014305114,9.758655945674352,0.026634987
8487,10.59,0.2416,0.5,0.3479999899864197,-0.2360000014305114,9.758655945674352,0.026634987
323593,11.13,0.2881,0.5,0.3079999983310699,0.0460000000894069,3.543153817926126,0.5512245
323593,11.13,0.2881,0.5,0.3079999983310699,0.0460000000894069,3.543153817926126,0.5512245
377562,10.68,0.2188,1.5,0.1659999936819076,-0.0750000029802322,2.750362934937096,0.44006076
377562,10.68,0.2188,1.5,0.1659999936819076,-0.0750000029802322,2.750362934937096,0.44006076
561488,9.32,0.3111,1.5,-0.0370000004768371,-0.9610000252723694,2.508360808825364,0.13593838
561488,9.32,0.3111,1.5,-0.0370000004768371,-0.9610000252723694,2.508360808825364,0.13593838
300406,10.92,0.2164,0.5,0.2469999939203262,-0.0549999997019767,5.7463226384084365,0.12816577
300406,10.92,0.2164,0.5,0.2469999939203262,-0.0549999997019767,5.7463226384084365,0.12816577
227617,10.52,0.1588,0.0,0.3889999985694885,-0.4379999935626983,11.204436164968095,0.059683774
227617,10.52,0.1588,0.0,0.3889999985694885,-0.4379999935626983,11.204436164968095,0.059683774
79750,10.98,0.2541,0.0,0.1459999978542328,0.0659999996423721,3.2313946874539026,0.103862636
79750,10.98,0.2541,0.0,0.1459999978542328,0.0659999996423721,3.2313946874539026,0.103862636
514214,11.26,0.1637,0.0,0.3079999983310699,0.1260000020265579,9.758655945674352,0.03086457
514214,11.26,0.1637,0.0,0.3079999983310699,0.1260000020265579,9.758655945674352,0.03086457
287692,11.36,0.034,0.5,0.1659999936819076,0.1059999987483024,5.240708532664743,0.9577875
287692,11.36,0.034,0.5,0.1659999936819076,0.1059999987483024,5.240708532664743,0.9577875
508593,10.58,0.091,0.5,0.2160000056028366,-0.296999990940094,3.306663538964836,0.54154
508593,10.58,0.091,0.5,0.2160000056028366,-0.296999990940094,3.306663538964836,0.54154
79866,10.64,0.2657,0.0,0.3580000102519989,-0.0350000001490116,8.1168964702676,0.014507755
79866,10.64,0.2657,0.0,0.3580000102519989,-0.0350000001490116,8.1168964702676,0.014507755
7969,11.02,0.1772,0.5,0.2060000002384185,0.1459999978542328,7.932133349390338,0.01753044
7969,11.02,0.1772,0.5,0.2060000002384185,0.1459999978542328,7.932133349390338,0.01753044
492941,10.35,0.1773,0.0,0.3479999899864197,-0.1560000032186508,10.45658823896182,0.017750956
492941,10.35,0.1773,0.0,0.3479999899864197,-0.1560000032186508,10.45658823896182,0.017750956
210467,10.63,0.2495,0.0,0.1659999936819076,0.0260000005364418,5.7463226384084365,0.0025939106
210467,10.63,0.2495,0.0,0.1659999936819076,0.0260000005364418,5.7463226384084365,0.0025939106
301994,10.66,0.6259,1.0,0.2569999992847442,-0.2360000014305114,7.069521289046108,0.014314354
301994,10.66,0.6259,1.0,0.2569999992847442,-0.2360000014305114,7.069521289046108,0.014314354
527984,10.79,0.2569,2.0,0.1959999948740005,0.0260000005364418,5.7463226384084365,0.012488511
527984,10.79,0.2569,2.0,0.1959999948740005,0.0260000005364418,5.7463226384084365,0.012488511
319196,10.17,0.2004,0.5,0.1860000044107437,-0.0549999997019767,3.383685627252995,0.04351082
319196,10.17,0.2004,0.5,0.1860000044107437,-0.0549999997019767,3.383685627252995,0.04351082
209680,11.11,0.1707,0.0,0.3779999911785126,-0.0750000029802322,8.499434015590785,0.12166575
209680,11.11,0.1707,0.0,0.3779999911785126,-0.0750000029802322,8.499434015590785,0.12166575
289102,10.14,0.2867,1.0,0.0649999976158142,-0.0549999997019767,4.7795829876952505,0.004352432
289102,10.14,0.2867,1.0,0.0649999976158142,-0.0549999997019767,4.7795829876952505,0.004352432
296927,10.93,0.2191,1.0,0.2669999897480011,0.0460000000894069,7.575128540001153,0.09795746
296927,10.93,0.2191,1.0,0.2669999897480011,0.0460000000894069,7.575128540001153,0.09795746
610396,10.69,0.3812,1.5,0.1659999936819076,0.1669999957084655,4.460566379282725,0.06525246
610396,10.69,0.3812,1.5,0.1659999936819076,0.1669999957084655,4.460566379282725,0.06525246
381206,11.22,0.1509,0.0,0.3779999911785126,-0.0750000029802322,7.751575950609121,0.12678027
381206,11.22,0.1509,0.0,0.3779999911785126,-0.0750000029802322,7.751575950609121,0.12678027
301937,11.04,0.2975,0.5,0.1150000020861625,0.0260000005364418,2.626576211733084,0.07257278
301937,11.04,0.2975,0.5,0.1150000020861625,0.0260000005364418,2.626576211733084,0.07257278
91988,11.14,0.3235,0.5,0.2669999897480011,-0.0750000029802322,9.758655945674352,
91988,11.14,0.3235,0.5,0.2669999897480011,-0.0750000029802322,9.758655945674352,
381219,10.32,0.361,0.5,0.2160000056028366,-0.0949999988079071,10.218567231322265,0.002025102
381219,10.32,0.361,0.5,0.2160000056028366,-0.0949999988079071,10.218567231322265,0.002025102
600973,10.38,0.4341,0.5,0.1759999990463256,-0.1560000032186508,3.383685627252995,0.004928439
600973,10.38,0.4341,0.5,0.1759999990463256,-0.1560000032186508,3.383685627252995,0.004928439
41180,10.47,0.3112,0.0,0.2469999939203262,-0.0350000001490116,5.3627803160617855,
41180,10.47,0.3112,0.0,0.2469999939203262,-0.0350000001490116,5.3627803160617855,
272995,10.01,0.5402,1.5,0.0040000001899898,-0.2360000014305114,5.6155203658737225,0.004927113
272995,10.01,0.5402,1.5,0.0040000001899898,-0.2360000014305114,5.6155203658737225,0.004927113
91961,11.03,0.1489,0.5,0.1560000032186508,-0.0949999988079071,4.06808488757239,0.04380628
91961,11.03,0.1489,0.5,0.1560000032186508,-0.0949999988079071,4.06808488757239,0.04380628
205020,10.31,0.2802,1.5,0.0949999988079071,0.0860000029206276,4.259807821671483,0.009838844
205020,10.31,0.2802,1.5,0.0949999988079071,0.0860000029206276,4.259807821671483,0.009838844
144497,9.28,0.1173,-9.0,-0.1480000019073486,-1.6660000085830688,4.460566379282725,1.0586319
144497,9.28,0.1173,-9.0,-0.1480000019073486,-1.6660000085830688,4.460566379282725,1.0586319
186012,11.03,0.1341,0.0,0.1049999967217445,0.0460000000894069,3.884990906937478,1.5204296
186012,11.03,0.1341,0.0,0.1049999967217445,0.0460000000894069,3.884990906937478,1.5204296
319397,10.52,0.2976,2.0,0.2770000100135803,-0.0350000001490116,5.6155203658737225,
319397,10.52,0.2976,2.0,0.2770000100135803,-0.0350000001490116,5.6155203658737225,
376097,10.92,0.3826,1.0,0.2569999992847442,-0.0549999997019767,5.7463226384084365,0.01500282
376097,10.92,0.3826,1.0,0.2569999992847442,-0.0549999997019767,5.7463226384084365,0.01500282
373237,9.96,0.1855,0.0,0.0540000014007091,-0.0549999997019767,3.710137512885986,0.0013901647
373237,9.96,0.1855,0.0,0.0540000014007091,-0.0549999997019767,3.710137512885986,0.0013901647
93807,10.66,0.0895,0.0,0.2770000100135803,0.1260000020265579,3.543153817926126,0.059766944
93807,10.66,0.0895,0.0,0.2770000100135803,0.1260000020265579,3.543153817926126,0.054824535
93807,10.66,0.0895,0.0,0.2770000100135803,0.1260000020265579,3.543153817926126,0.053542875
93807,10.66,0.0895,0.0,0.2060000002384185,0.1669999957084655,3.625684472456604,0.059766944
93807,10.66,0.0895,0.0,0.2060000002384185,0.1669999957084655,3.625684472456604,0.054824535
93807,10.66,0.0895,0.0,0.2060000002384185,0.1669999957084655,3.625684472456604,0.053542875
93807,10.66,0.0895,0.0,0.2770000100135803,0.1059999987483024,3.625684472456604,0.059766944
93807,10.66,0.0895,0.0,0.2770000100135803,0.1059999987483024,3.625684472456604,0.054824535
93807,10.66,0.0895,0.0,0.2770000100135803,0.1059999987483024,3.625684472456604,0.053542875
93807,10.66,0.0895,0.0,0.2770000100135803,0.1260000020265579,3.543153817926126,0.059766944
93807,10.66,0.0895,0.0,0.2770000100135803,0.1260000020265579,3.543153817926126,0.054824535
93807,10.66,0.0895,0.0,0.2770000100135803,0.1260000020265579,3.543153817926126,0.053542875
93807,10.66,0.0895,0.0,0.2060000002384185,0.1669999957084655,3.625684472456604,0.059766944
93807,10.66,0.0895,0.0,0.2060000002384185,0.1669999957084655,3.625684472456604,0.054824535
93807,10.66,0.0895,0.0,0.2060000002384185,0.1669999957084655,3.625684472456604,0.053542875
93807,10.66,0.0895,0.0,0.2770000100135803,0.1059999987483024,3.625684472456604,0.059766944
93807,10.66,0.0895,0.0,0.2770000100135803,0.1059999987483024,3.625684472456604,0.054824535
93807,10.66,0.0895,0.0,0.2770000100135803,0.1059999987483024,3.625684472456604,0.053542875
220499,10.69,0.4046,1.0,0.1759999990463256,-0.1959999948740005,9.985964243287482,0.007944047
220499,10.69,0.4046,1.0,0.1759999990463256,-0.1959999948740005,9.985964243287482,0.007944047
238350,11.09,0.2177,2.0,0.2269999980926513,0.1459999978542328,5.6155203658737225,0.15414992
238350,11.09,0.2177,2.0,0.2269999980926513,0.1459999978542328,5.6155203658737225,0.15414992
214250,11.52,0.0428,0.0,0.1759999990463256,0.1870000064373016,5.487695516567193,0.18624237
214250,11.52,0.0428,0.0,0.1759999990463256,0.1870000064373016,5.487695516567193,0.18624237
238458,11.28,0.0787,0.0,0.2870000004768371,0.1260000020265579,5.487695516567193,
238458,11.28,0.0787,0.0,0.2870000004768371,0.1260000020265579,5.487695516567193,
238458,11.28,0.0787,0.0,0.2160000056028366,0.1059999987483024,5.487695516567193,
238458,11.28,0.0787,0.0,0.2160000056028366,0.1059999987483024,5.487695516567193,
238458,11.28,0.0787,0.0,0.2870000004768371,0.1260000020265579,5.487695516567193,
238458,11.28,0.0787,0.0,0.2870000004768371,0.1260000020265579,5.487695516567193,
238458,11.28,0.0787,0.0,0.2160000056028366,0.1059999987483024,5.487695516567193,
238458,11.28,0.0787,0.0,0.2160000056028366,0.1059999987483024,5.487695516567193,
184042,11.38,0.0963,0.0,0.2569999992847442,0.2070000022649765,8.305963277093225,
184042,11.38,0.0963,0.0,0.2569999992847442,0.2070000022649765,8.305963277093225,
184042,11.38,0.0963,0.0,0.2569999992847442,0.2269999980926513,8.900000000000006,
184042,11.38,0.0963,0.0,0.2569999992847442,0.2269999980926513,8.900000000000006,
184042,11.38,0.0963,0.0,0.2569999992847442,0.2070000022649765,8.305963277093225,
184042,11.38,0.0963,0.0,0.2569999992847442,0.2070000022649765,8.305963277093225,
184042,11.38,0.0963,0.0,0.2569999992847442,0.2269999980926513,8.900000000000006,
184042,11.38,0.0963,0.0,0.2569999992847442,0.2269999980926513,8.900000000000006,
23082,11.08,0.087,0.0,0.2469999939203262,0.2469999939203262,7.932133349390338,0.014013145
23082,11.08,0.087,0.0,0.2469999939203262,0.2469999939203262,7.932133349390338,0.014013145
536235,11.1,0.3859,0.5,0.0949999988079071,0.0260000005364418,5.487695516567193,0.040006213
536235,11.1,0.3859,0.5,0.0949999988079071,0.0260000005364418,5.487695516567193,0.040006213
31079,10.81,0.5098,2.0,0.0340000018477439,0.1669999957084655,1.5114368506909526,1.3266021
31079,10.81,0.5098,2.0,0.0340000018477439,0.1669999957084655,1.5114368506909526,1.3266021
144051,10.16,0.31,2.0,0.2160000056028366,-0.4379999935626983,2.395465975494956,0.61222064
144051,10.16,0.31,2.0,0.2160000056028366,-0.4379999935626983,2.395465975494956,0.61222064
271385,10.96,0.4188,2.0,0.1560000032186508,0.0860000029206276,5.487695516567193,0.16169105
271385,10.96,0.4188,2.0,0.1560000032186508,0.0860000029206276,5.487695516567193,0.16169105
536454,11.08,0.1776,0.0,0.1560000032186508,-0.0549999997019767,5.7463226384084365,0.112546995
536454,11.08,0.1776,0.0,0.1560000032186508,-0.0549999997019767,5.7463226384084365,0.112546995
548835,10.81,0.1825,0.5,0.125,0.0260000005364418,5.3627803160617855,0.06406571
548835,10.81,0.1825,0.5,0.125,0.0260000005364418,5.3627803160617855,0.06406571
376679,11.09,0.3931,2.0,-0.3000000119209289,-0.7200000286102295,2.8144271175498585,5.787384
376679,11.09,0.3931,2.0,-0.3000000119209289,-0.7200000286102295,2.8144271175498585,5.787384
381207,10.61,0.303,1.0,0.2060000002384185,0.0659999996423721,4.359031492379173,
381207,10.61,0.303,1.0,0.2060000002384185,0.0659999996423721,4.359031492379173,
197555,10.77,0.3909,2.0,0.3079999983310699,-0.0750000029802322,5.487695516567193,0.11438865
197555,10.77,0.3909,2.0,0.3079999983310699,-0.0750000029802322,5.487695516567193,0.11438865
559250,10.96,0.0918,0.5,0.1459999978542328,0.0659999996423721,3.710137512885986,0.059749372
559250,10.96,0.0918,0.5,0.1459999978542328,0.0659999996423721,3.710137512885986,0.059749372
238500,10.18,0.1543,0.0,0.2370000034570694,0.0860000029206276,4.359031492379173,0.000542191
238500,10.18,0.1543,0.0,0.2370000034570694,0.0860000029206276,4.359031492379173,0.00040755718
238500,10.18,0.1543,0.0,0.2160000056028366,0.1459999978542328,4.259807821671483,0.000542191
238500,10.18,0.1543,0.0,0.2160000056028366,0.1459999978542328,4.259807821671483,0.00040755718
238500,10.18,0.1543,0.0,0.2370000034570694,0.0860000029206276,4.359031492379173,0.000542191
238500,10.18,0.1543,0.0,0.2370000034570694,0.0860000029206276,4.359031492379173,0.00040755718
238500,10.18,0.1543,0.0,0.2160000056028366,0.1459999978542328,4.259807821671483,0.000542191
238500,10.18,0.1543,0.0,0.2160000056028366,0.1459999978542328,4.259807821671483,0.00040755718
220515,8.94,0.2165,3.0,-99.0,-1.162999987602234,10.218567231322265,0.41663566
220515,8.94,0.2165,3.0,-99.0,-1.162999987602234,10.218567231322265,0.41663566
252057,9.91,0.2147,0.5,0.1560000032186508,0.0260000005364418,5.487695516567193,0.00057267206
252057,9.91,0.2147,0.5,0.1560000032186508,0.0260000005364418,5.487695516567193,0.00057267206
485883,10.54,0.278,0.5,0.2669999897480011,-0.1959999948740005,8.900000000000006,
485883,10.54,0.278,0.5,0.2669999897480011,-0.1959999948740005,8.900000000000006,
583723,11.2,0.1144,0.0,0.1959999948740005,0.1459999978542328,3.884990906937478,0.07330083
583723,11.2,0.1144,0.0,0.1959999948740005,0.1459999978542328,3.884990906937478,0.07330083
8865,10.66,0.1,0.0,0.4090000092983246,0.0049999998882412,11.4654210100689,0.024287442
8865,10.66,0.1,0.0,0.4090000092983246,0.0049999998882412,11.4654210100689,0.024287442
297053,10.6,0.2376,1.5,0.1959999948740005,0.0860000029206276,4.460566379282725,
297053,10.6,0.2376,1.5,0.1959999948740005,0.0860000029206276,4.460566379282725,
297053,10.6,0.2376,1.5,0.135000005364418,0.1260000020265579,4.460566379282725,
297053,10.6,0.2376,1.5,0.135000005364418,0.1260000020265579,4.460566379282725,
297053,10.6,0.2376,1.5,0.1959999948740005,0.0860000029206276,4.460566379282725,
297053,10.6,0.2376,1.5,0.1959999948740005,0.0860000029206276,4.460566379282725,
297053,10.6,0.2376,1.5,0.135000005364418,0.1260000020265579,4.460566379282725,
297053,10.6,0.2376,1.5,0.135000005364418,0.1260000020265579,4.460566379282725,
324157,9.44,0.2106,-9.0,0.0240000002086162,-0.2759999930858612,2.8799835466736923,0.06760098
324157,9.44,0.2106,-9.0,0.0240000002086162,-0.2759999930858612,2.8799835466736923,0.06760098
229164,10.57,0.1239,0.5,0.1560000032186508,0.0260000005364418,3.884990906937478,0.0010164783
229164,10.57,0.1239,0.5,0.1560000032186508,0.0260000005364418,3.884990906937478,0.0010164783
39742,8.29,0.592,3.0,-99.0,-99.0,-99.0,0.0033990806
39742,8.29,0.592,3.0,-99.0,-99.0,-99.0,0.0033990806
509397,10.24,0.1933,2.0,0.0439999997615814,-0.2759999930858612,1.3784467908321083,0.15943033
509397,10.24,0.1933,2.0,0.0439999997615814,-0.2759999930858612,1.3784467908321083,0.15943033
570203,10.78,0.1749,0.5,0.3889999985694885,-0.0549999997019767,7.069521289046108,0.010660284
570203,10.78,0.1749,0.5,0.3889999985694885,-0.0549999997019767,7.069521289046108,0.010660284
6821,7.42,0.1558,3.0,0.4589999914169311,-1.8669999837875368,3.1578391641788226,0.06148314
6821,7.42,0.1558,3.0,0.4589999914169311,-1.8669999837875368,3.1578391641788226,0.06148314
594049,11.07,0.3352,0.0,0.1860000044107437,0.0659999996423721,5.240708532664743,0.64564365
594049,11.07,0.3352,0.0,0.1860000044107437,0.0659999996423721,5.240708532664743,0.64564365
54500,10.93,0.2365,0.5,0.2569999992847442,0.0049999998882412,7.575128540001153,0.0022145328
54500,10.93,0.2365,0.5,0.2569999992847442,0.0049999998882412,7.575128540001153,0.0022145328
185622,7.87,0.2915,3.0,-99.0,-1.4040000438690186,2.395465975494956,0.0052108066
185622,7.87,0.2915,3.0,-99.0,-1.4040000438690186,2.395465975494956,0.0052108066
93384,8.05,0.418,3.0,-99.0,-1.243000030517578,5.240708532664743,0.019921647
93384,8.05,0.418,3.0,-99.0,-1.243000030517578,5.240708532664743,0.019921647
136847,10.65,0.2829,1.5,0.0949999988079071,0.1459999978542328,1.5114368506909526,0.55018544
136847,10.65,0.2829,1.5,0.0949999988079071,0.1459999978542328,1.5114368506909526,0.55018544
143287,10.33,0.4938,1.0,0.1459999978542328,-0.31700000166893,4.06808488757239,0.17821765
143287,10.33,0.4938,1.0,0.1459999978542328,-0.31700000166893,4.06808488757239,0.17821765
279910,11.01,0.304,0.5,0.1049999967217445,0.2469999939203262,4.06808488757239,
279910,11.01,0.304,0.5,0.1049999967217445,0.2469999939203262,4.06808488757239,
202480,10.56,0.3106,0.5,0.4189999997615814,-0.2360000014305114,10.218567231322265,0.018639764
202480,10.56,0.3106,0.5,0.4189999997615814,-0.2360000014305114,10.218567231322265,0.018639764
517279,10.36,0.0759,0.0,0.2269999980926513,-0.1150000020861625,8.499434015590785,0.2746679
517279,10.36,0.0759,0.0,0.2269999980926513,-0.1150000020861625,8.499434015590785,0.2746679
491960,10.71,0.2893,2.0,0.1049999967217445,-0.0549999997019767,3.085957969027533,0.43693563
491960,10.71,0.2893,2.0,0.1049999967217445,-0.0549999997019767,3.085957969027533,0.43693563
422907,8.93,0.4603,-9.0,-99.0,-99.0,-99.0,0.2550871
422907,8.93,0.4603,-9.0,-99.0,-99.0,-99.0,0.2550871
231528,10.96,0.2746,1.5,0.1659999936819076,-0.31700000166893,8.900000000000006,0.18215236
231528,10.96,0.2746,1.5,0.1659999936819076,-0.31700000166893,8.900000000000006,0.18215236
91689,10.21,0.1831,0.0,0.296999990940094,-0.1759999990463256,10.45658823896182,0.0006386657
91689,10.21,0.1831,0.0,0.296999990940094,-0.1759999990463256,10.45658823896182,0.0006386657
623143,10.38,0.3606,1.5,0.1860000044107437,-0.2160000056028366,4.460566379282725,0.0011574785
623143,10.38,0.3606,1.5,0.1860000044107437,-0.2160000056028366,4.460566379282725,0.0011574785
8706,10.0,0.5565,2.0,0.0140000004321336,-0.5580000281333923,1.6958600389872902,1.2113714
8706,10.0,0.5565,2.0,0.0140000004321336,-0.5580000281333923,1.6958600389872902,1.2113714
601395,8.91,0.2582,-9.0,0.2370000034570694,-1.3639999628067017,7.932133349390338,0.22285219
601395,8.91,0.2582,-9.0,0.2370000034570694,-1.3639999628067017,7.932133349390338,0.22285219
272822,10.22,0.2558,3.0,0.0040000001899898,-0.2560000121593475,1.1204436164968088,0.4140141
272822,10.22,0.2558,3.0,0.0040000001899898,-0.2560000121593475,1.1204436164968088,0.4140141
620092,10.14,0.7376,2.5,-0.1990000009536743,-1.7669999599456787,2.086363645634731,8.165897
620092,10.14,0.7376,2.5,-0.1990000009536743,-1.7669999599456787,2.086363645634731,7.9934244
620092,10.14,0.7376,2.5,-0.1990000009536743,-1.7669999599456787,2.086363645634731,9.967403
620092,10.14,0.7376,2.5,0.2469999939203262,-1.746999979019165,2.134961297927347,8.165897
620092,10.14,0.7376,2.5,0.2469999939203262,-1.746999979019165,2.134961297927347,7.9934244
620092,10.14,0.7376,2.5,0.2469999939203262,-1.746999979019165,2.134961297927347,9.967403
620092,10.14,0.7376,2.5,0.2269999980926513,-1.5850000381469729,1.9924618133258227,8.165897
620092,10.14,0.7376,2.5,0.2269999980926513,-1.5850000381469729,1.9924618133258227,7.9934244
620092,10.14,0.7376,2.5,0.2269999980926513,-1.5850000381469729,1.9924618133258227,9.967403
620092,10.14,0.7376,2.5,-0.1990000009536743,-1.7669999599456787,2.086363645634731,8.165897
620092,10.14,0.7376,2.5,-0.1990000009536743,-1.7669999599456787,2.086363645634731,7.9934244
620092,10.14,0.7376,2.5,-0.1990000009536743,-1.7669999599456787,2.086363645634731,9.967403
620092,10.14,0.7376,2.5,0.2469999939203262,-1.746999979019165,2.134961297927347,8.165897
620092,10.14,0.7376,2.5,0.2469999939203262,-1.746999979019165,2.134961297927347,7.9934244
620092,10.14,0.7376,2.5,0.2469999939203262,-1.746999979019165,2.134961297927347,9.967403
620092,10.14,0.7376,2.5,0.2269999980926513,-1.5850000381469729,1.9924618133258227,8.165897
620092,10.14,0.7376,2.5,0.2269999980926513,-1.5850000381469729,1.9924618133258227,7.9934244
620092,10.14,0.7376,2.5,0.2269999980926513,-1.5850000381469729,1.9924618133258227,9.967403
371882,10.25,0.3621,0.5,0.5,-0.2560000121593475,9.758655945674352,0.00471327
371882,10.25,0.3621,0.5,0.5,-0.2560000121593475,9.758655945674352,0.00471327
718921,11.19,0.1403,2.5,-99.0,-99.0,10.949392060230204,
718921,11.19,0.1403,2.5,-99.0,-99.0,10.949392060230204,
319290,8.58,0.3325,3.0,-99.0,-1.243000030517578,1.3784467908321083,0.019900924
319290,8.58,0.3325,3.0,-99.0,-1.243000030517578,1.3784467908321083,0.01945849
319290,8.58,0.3325,3.0,-0.1280000060796737,-1.4040000438690186,1.3470695111082254,0.019900924
319290,8.58,0.3325,3.0,-0.1280000060796737,-1.4040000438690186,1.3470695111082254,0.01945849
319290,8.58,0.3325,3.0,-99.0,-1.243000030517578,1.3784467908321083,0.019900924
319290,8.58,0.3325,3.0,-99.0,-1.243000030517578,1.3784467908321083,0.01945849
319290,8.58,0.3325,3.0,-0.1280000060796737,-1.4040000438690186,1.3470695111082254,0.019900924
319290,8.58,0.3325,3.0,-0.1280000060796737,-1.4040000438690186,1.3470695111082254,0.01945849
178580,8.43,0.0024,3.0,-99.0,-1.2829999923706057,3.796557717334176,0.006092877
178580,8.43,0.0024,3.0,-99.0,-1.2829999923706057,3.796557717334176,0.006092877
537226,11.09,0.3192,2.0,0.0850000008940696,-1.343999981880188,7.751575950609121,0.11677891
537226,11.09,0.3192,2.0,0.0850000008940696,-1.343999981880188,7.751575950609121,0.11677891
695871,8.8,,3.0,-99.0,-99.0,-99.0,
695871,8.8,,3.0,-99.0,-99.0,-99.0,
751043,10.07,,3.0,-99.0,-99.0,-99.0,
751043,10.07,,3.0,-99.0,-99.0,-99.0,
3622327,9.37,,3.0,-99.0,-99.0,-99.0,
3622327,9.37,,3.0,-99.0,-99.0,-99.0,
3623223,8.42,,3.0,-99.0,-99.0,-99.0,
3623223,8.42,,3.0,-99.0,-99.0,-99.0,
3628218,10.96,,0.5,-99.0,-99.0,-99.0,
3628218,10.96,,0.5,-99.0,-99.0,-99.0,
3628809,8.79,,3.0,-99.0,-99.0,-99.0,
3628809,8.79,,3.0,-99.0,-99.0,-99.0,
3630097,10.18,,2.0,-99.0,-99.0,-99.0,
3630097,10.18,,2.0,-99.0,-99.0,-99.0,
3630239,10.02,,3.0,-99.0,-99.0,-99.0,
3630239,10.02,,3.0,-99.0,-99.0,-99.0,
3630943,10.97,,1.5,-99.0,-99.0,-99.0,
3630943,10.97,,1.5,-99.0,-99.0,-99.0,
3631885,10.0,,1.5,-99.0,-99.0,-99.0,
3631885,10.0,,1.5,-99.0,-99.0,-99.0,
3631902,10.36,,2.0,-99.0,-99.0,-99.0,
3631902,10.36,,2.0,-99.0,-99.0,-99.0,
3632384,9.05,,3.0,-99.0,-99.0,-99.0,
3632384,9.05,,3.0,-99.0,-99.0,-99.0,
3634556,11.0,,0.0,-99.0,-99.0,-99.0,
3634556,11.0,,0.0,-99.0,-99.0,-99.0,
3894635,10.15,,2.0,-99.0,-99.0,-99.0,
3894635,10.15,,2.0,-99.0,-99.0,-99.0,
3895257,10.34,,2.5,-99.0,-99.0,-99.0,
3895257,10.34,,2.5,-99.0,-99.0,-99.0,
3895503,10.11,,-9.0,-99.0,-99.0,-99.0,
3895503,10.11,,-9.0,-99.0,-99.0,-99.0,
3895823,10.12,,2.5,-99.0,-99.0,-99.0,
3895823,10.12,,2.5,-99.0,-99.0,-99.0,
3896912,9.32,,3.0,-99.0,-99.0,-99.0,
3896912,9.32,,3.0,-99.0,-99.0,-99.0,
3897281,10.22,,1.5,-99.0,-99.0,-99.0,
3897281,10.22,,1.5,-99.0,-99.0,-99.0,
3913888,10.32,,1.0,-99.0,-99.0,-99.0,
3913888,10.32,,1.0,-99.0,-99.0,-99.0,
